"Parent","Choice","Kind","Handling","Target","CallLabels","WingetIDs","Issue","Command"
"main","R","Label","GUI submenu/CMD label","main","","","",""
"main","C","Label","GUI submenu/CMD label","change_color_theme","","","",""
"main","L","Label","GUI submenu/CMD label","open_log_center","","","",""
"main","G","Label","GUI submenu/CMD label","launch_gui","","","",""
"main","S","Label","GUI submenu/CMD label","menu_search","","","",""
"main","P","Label","GUI submenu/CMD label","problem_master_hub","","","",""
"main","M","Label","GUI submenu/CMD label","missing_mega_vault_launcher","","","",""
"main","T","Label","GUI submenu/CMD label","portable_tools_menu","","","",""
"main","X","Label","GUI submenu/CMD label","exitprog_inline","","","",""
"main","01","Label","GUI submenu/CMD label","menu_system_admin","","","",""
"main","1","Label","GUI submenu/CMD label","menu_system_admin","","","",""
"main","02","Label","GUI submenu/CMD label","menu_network_internet","","","",""
"main","2","Label","GUI submenu/CMD label","menu_network_internet","","","",""
"main","03","Label","GUI submenu/CMD label","menu_windows_repair","","","",""
"main","3","Label","GUI submenu/CMD label","menu_windows_repair","","","",""
"main","04","Label","GUI submenu/CMD label","menu_security_defender","","","",""
"main","4","Label","GUI submenu/CMD label","menu_security_defender","","","",""
"main","05","Label","GUI submenu/CMD label","menu_performance_optimization","","","",""
"main","5","Label","GUI submenu/CMD label","menu_performance_optimization","","","",""
"main","06","Label","GUI submenu/CMD label","menu_storage_disk","","","",""
"main","6","Label","GUI submenu/CMD label","menu_storage_disk","","","",""
"main","07","Label","GUI submenu/CMD label","menu_user_account","","","",""
"main","7","Label","GUI submenu/CMD label","menu_user_account","","","",""
"main","08","Label","GUI submenu/CMD label","menu_backup_restore","","","",""
"main","8","Label","GUI submenu/CMD label","menu_backup_restore","","","",""
"main","09","Label","GUI submenu/CMD label","menu_driver_hardware","","","",""
"main","9","Label","GUI submenu/CMD label","menu_driver_hardware","","","",""
"main","10","Label","GUI submenu/CMD label","menu_update_activation","","","",""
"main","11","Label","GUI submenu/CMD label","menu_office_outlook","","","",""
"main","12","Label","GUI submenu/CMD label","menu_printer_spooler","","","",""
"main","13","Label","GUI submenu/CMD label","menu_remote_rdp","","","",""
"main","14","Label","GUI submenu/CMD label","menu_bios_boot","","","",""
"main","15","Label","GUI submenu/CMD label","menu_registry_policy","","","",""
"main","16","Label","GUI submenu/CMD label","menu_services_features","","","",""
"main","17","Label","GUI submenu/CMD label","menu_live_monitor","","","",""
"main","18","Label","GUI submenu/CMD label","menu_event_logs","","","",""
"main","19","Label","GUI submenu/CMD label","menu_quick_access","","","",""
"main","20","Label","GUI submenu/CMD label","menu_power_user_dev","","","",""
"main","21","Label","GUI submenu/CMD label","menu_ai_auto_fix","","","",""
"main","22","Label","GUI submenu/CMD label","menu_auto_performance","","","",""
"main","23","Label","GUI submenu/CMD label","menu_auto_network","","","",""
"main","24","Label","GUI submenu/CMD label","menu_cloud_remote","","","",""
"main","25","Label","GUI submenu/CMD label","menu_download_deploy","","","",""
"main","26","Label","GUI submenu/CMD label","menu_cyber_security","","","",""
"main","27","Label","GUI submenu/CMD label","menu_mass_installer","","","",""
"main","28","Label","GUI submenu/CMD label","menu_hacker_dashboard","","","",""
"main","29","Label","GUI submenu/CMD label","menu_settings_themes","","","",""
"main","30","Label","GUI submenu/CMD label","menu_about_toolkit","","","",""
"main","31","Label","GUI submenu/CMD label","menu_search","","","",""
"main","32","Label","GUI submenu/CMD label","problem_master_hub","","","",""
"main","33","Label","GUI submenu/CMD label","driver_auto_center","","","",""
"main","34","Label","GUI submenu/CMD label","cmd_vault","","","",""
"main","35","Label","GUI submenu/CMD label","missing_mega_vault_launcher","","","",""
"main","36","Label","GUI submenu/CMD label","portable_tools_menu","","","",""
"main","37","Label","GUI submenu/CMD label","menu_1click_100_apps","","","",""
"menu_search","P","Label","GUI submenu/CMD label","problem_master_hub","","","",""
"menu_search","01","Label","GUI submenu/CMD label","search_smart_jump","","","",""
"menu_search","1","Label","GUI submenu/CMD label","search_smart_jump","","","",""
"menu_search","02","Label","GUI submenu/CMD label","search_toolkit_text","","","",""
"menu_search","2","Label","GUI submenu/CMD label","search_toolkit_text","","","",""
"menu_search","03","Label","GUI submenu/CMD label","search_files","","","",""
"menu_search","3","Label","GUI submenu/CMD label","search_files","","","",""
"menu_search","04","Label","GUI submenu/CMD label","search_processes","","","",""
"menu_search","4","Label","GUI submenu/CMD label","search_processes","","","",""
"menu_search","05","Label","GUI submenu/CMD label","search_services","","","",""
"menu_search","5","Label","GUI submenu/CMD label","search_services","","","",""
"menu_search","06","Label","GUI submenu/CMD label","search_installed_apps","","","",""
"menu_search","6","Label","GUI submenu/CMD label","search_installed_apps","","","",""
"menu_search","07","Label","GUI submenu/CMD label","search_events","","","",""
"menu_search","7","Label","GUI submenu/CMD label","search_events","","","",""
"menu_search","08","Label","GUI submenu/CMD label","search_ports","","","",""
"menu_search","8","Label","GUI submenu/CMD label","search_ports","","","",""
"menu_search","09","Label","GUI submenu/CMD label","win_indexing","","","",""
"menu_search","9","Label","GUI submenu/CMD label","win_indexing","","","",""
"menu_search","10","Inline","GUI direct runner","menu_search","","","","start """" ms-settings:search & pause & goto menu_search"
"menu_search","11","Label","GUI submenu/CMD label","search_global","","","",""
"menu_search","12","Label","GUI submenu/CMD label","search_driver_hwids","","","",""
"menu_search","13","Label","GUI submenu/CMD label","cmd_vault","","","",""
"menu_search","14","Label","GUI submenu/CMD label","microsoft_problem_library","","","",""
"menu_search","15","Label","GUI submenu/CMD label","check_core_tools","","","",""
"menu_search","16","Label","GUI submenu/CMD label","quick_health_report","","","",""
"menu_search","17","Label","GUI submenu/CMD label","issue_deep_diagnostics","","","",""
"menu_search","18","Label","GUI submenu/CMD label","open_log_center","","","",""
"menu_system_admin","P","Label","GUI submenu/CMD label","problem_master_hub","","","",""
"menu_system_admin","01","Label","GUI submenu/CMD label","system_tools","","","",""
"menu_system_admin","1","Label","GUI submenu/CMD label","system_tools","","","",""
"menu_system_admin","02","Label","GUI submenu/CMD label","task_process","","","",""
"menu_system_admin","2","Label","GUI submenu/CMD label","task_process","","","",""
"menu_system_admin","03","Label","GUI submenu/CMD label","startup_mgr","","","",""
"menu_system_admin","3","Label","GUI submenu/CMD label","startup_mgr","","","",""
"menu_system_admin","04","Label","GUI submenu/CMD label","user_pc_info","","","",""
"menu_system_admin","4","Label","GUI submenu/CMD label","user_pc_info","","","",""
"menu_system_admin","05","Label","GUI submenu/CMD label","adv_admin","","","",""
"menu_system_admin","5","Label","GUI submenu/CMD label","adv_admin","","","",""
"menu_system_admin","06","Label","GUI submenu/CMD label","env_vars","","","",""
"menu_system_admin","6","Label","GUI submenu/CMD label","env_vars","","","",""
"menu_system_admin","07","Label","GUI submenu/CMD label","sched_tasks","","","",""
"menu_system_admin","7","Label","GUI submenu/CMD label","sched_tasks","","","",""
"menu_system_admin","08","Label","GUI submenu/CMD label","health_dashboard","","","",""
"menu_system_admin","8","Label","GUI submenu/CMD label","health_dashboard","","","",""
"menu_system_admin","09","Label","GUI submenu/CMD label","issue_library","","","",""
"menu_system_admin","9","Label","GUI submenu/CMD label","issue_library","","","",""
"menu_system_admin","10","Label","GUI submenu/CMD label","issue_windows_core","","","",""
"menu_system_admin","11","Inline","GUI direct runner","menu_system_admin","","","","start """" compmgmt.msc & pause & goto menu_system_admin"
"menu_system_admin","12","Inline","GUI direct runner","menu_system_admin","","","","start """" control & pause & goto menu_system_admin"
"menu_network_internet","P","Label","GUI submenu/CMD label","problem_master_hub","","","",""
"menu_network_internet","01","Label","GUI submenu/CMD label","net_diag","","","",""
"menu_network_internet","1","Label","GUI submenu/CMD label","net_diag","","","",""
"menu_network_internet","02","Label","GUI submenu/CMD label","wifi_tools","","","",""
"menu_network_internet","2","Label","GUI submenu/CMD label","wifi_tools","","","",""
"menu_network_internet","03","Label","GUI submenu/CMD label","dns_mgr","","","",""
"menu_network_internet","3","Label","GUI submenu/CMD label","dns_mgr","","","",""
"menu_network_internet","04","Label","GUI submenu/CMD label","firewall_mgr","","","",""
"menu_network_internet","4","Label","GUI submenu/CMD label","firewall_mgr","","","",""
"menu_network_internet","05","Label","GUI submenu/CMD label","ip_config","","","",""
"menu_network_internet","5","Label","GUI submenu/CMD label","ip_config","","","",""
"menu_network_internet","06","Label","GUI submenu/CMD label","vpn_proxy","","","",""
"menu_network_internet","6","Label","GUI submenu/CMD label","vpn_proxy","","","",""
"menu_network_internet","07","Label","GUI submenu/CMD label","rdp_tools","","","",""
"menu_network_internet","7","Label","GUI submenu/CMD label","rdp_tools","","","",""
"menu_network_internet","08","Label","GUI submenu/CMD label","net_shares","","","",""
"menu_network_internet","8","Label","GUI submenu/CMD label","net_shares","","","",""
"menu_network_internet","09","Label","GUI submenu/CMD label","net_advanced","","","",""
"menu_network_internet","9","Label","GUI submenu/CMD label","net_advanced","","","",""
"menu_network_internet","10","Label","GUI submenu/CMD label","issue_network_pro","","","",""
"menu_network_internet","11","Label","GUI submenu/CMD label","menu_auto_network","","","",""
"menu_network_internet","12","Label","GUI submenu/CMD label","issue_network_report","","","",""
"menu_windows_repair","P","Label","GUI submenu/CMD label","problem_master_hub","","","",""
"menu_windows_repair","01","Label","GUI submenu/CMD label","sfc_dism","","","",""
"menu_windows_repair","1","Label","GUI submenu/CMD label","sfc_dism","","","",""
"menu_windows_repair","02","Label","GUI submenu/CMD label","boot_repair","","","",""
"menu_windows_repair","2","Label","GUI submenu/CMD label","boot_repair","","","",""
"menu_windows_repair","03","Label","GUI submenu/CMD label","reg_repair","","","",""
"menu_windows_repair","3","Label","GUI submenu/CMD label","reg_repair","","","",""
"menu_windows_repair","04","Label","GUI submenu/CMD label","update_fix","","","",""
"menu_windows_repair","4","Label","GUI submenu/CMD label","update_fix","","","",""
"menu_windows_repair","05","Label","GUI submenu/CMD label","store_repair","","","",""
"menu_windows_repair","5","Label","GUI submenu/CMD label","store_repair","","","",""
"menu_windows_repair","06","Label","GUI submenu/CMD label","dll_fix","","","",""
"menu_windows_repair","6","Label","GUI submenu/CMD label","dll_fix","","","",""
"menu_windows_repair","07","Label","GUI submenu/CMD label","explorer_fix","","","",""
"menu_windows_repair","7","Label","GUI submenu/CMD label","explorer_fix","","","",""
"menu_windows_repair","08","Label","GUI submenu/CMD label","service_repair","","","",""
"menu_windows_repair","8","Label","GUI submenu/CMD label","service_repair","","","",""
"menu_windows_repair","09","Label","GUI submenu/CMD label","one_click_repair","","","",""
"menu_windows_repair","9","Label","GUI submenu/CMD label","one_click_repair","","","",""
"menu_windows_repair","10","Label","GUI submenu/CMD label","recovery_opts","","","",""
"menu_windows_repair","11","Label","GUI submenu/CMD label","reset_pc","","","",""
"menu_windows_repair","12","Label","GUI submenu/CMD label","issue_windows_core","","","",""
"menu_security_defender","P","Label","GUI submenu/CMD label","problem_master_hub","","","",""
"menu_security_defender","01","Label","GUI submenu/CMD label","defender_tools","","","",""
"menu_security_defender","1","Label","GUI submenu/CMD label","defender_tools","","","",""
"menu_security_defender","02","Label","GUI submenu/CMD label","user_security","","","",""
"menu_security_defender","2","Label","GUI submenu/CMD label","user_security","","","",""
"menu_security_defender","03","Label","GUI submenu/CMD label","usb_security","","","",""
"menu_security_defender","3","Label","GUI submenu/CMD label","usb_security","","","",""
"menu_security_defender","04","Label","GUI submenu/CMD label","bitlocker_tools","","","",""
"menu_security_defender","4","Label","GUI submenu/CMD label","bitlocker_tools","","","",""
"menu_security_defender","05","Label","GUI submenu/CMD label","malware_cleanup","","","",""
"menu_security_defender","5","Label","GUI submenu/CMD label","malware_cleanup","","","",""
"menu_security_defender","06","Label","GUI submenu/CMD label","net_security","","","",""
"menu_security_defender","6","Label","GUI submenu/CMD label","net_security","","","",""
"menu_security_defender","07","Label","GUI submenu/CMD label","privacy_settings","","","",""
"menu_security_defender","7","Label","GUI submenu/CMD label","privacy_settings","","","",""
"menu_security_defender","08","Label","GUI submenu/CMD label","security_audit","","","",""
"menu_security_defender","8","Label","GUI submenu/CMD label","security_audit","","","",""
"menu_security_defender","09","Label","GUI submenu/CMD label","menu_cyber_security","","","",""
"menu_security_defender","9","Label","GUI submenu/CMD label","menu_cyber_security","","","",""
"menu_security_defender","10","Inline","GUI direct runner","menu_security_defender","","","","start """" windowsdefender: & pause & goto menu_security_defender"
"menu_security_defender","11","Label","GUI submenu/CMD label","issue_defender_offline","","","",""
"menu_security_defender","12","Label","GUI submenu/CMD label","issue_firewall_reset","","","",""
"menu_performance_optimization","P","Label","GUI submenu/CMD label","problem_master_hub","","","",""
"menu_performance_optimization","01","Label","GUI submenu/CMD label","sys_cleanup","","","",""
"menu_performance_optimization","1","Label","GUI submenu/CMD label","sys_cleanup","","","",""
"menu_performance_optimization","02","Label","GUI submenu/CMD label","ram_optimizer","","","",""
"menu_performance_optimization","2","Label","GUI submenu/CMD label","ram_optimizer","","","",""
"menu_performance_optimization","03","Label","GUI submenu/CMD label","speed_booster","","","",""
"menu_performance_optimization","3","Label","GUI submenu/CMD label","speed_booster","","","",""
"menu_performance_optimization","04","Label","GUI submenu/CMD label","bsod_fix","","","",""
"menu_performance_optimization","4","Label","GUI submenu/CMD label","bsod_fix","","","",""
"menu_performance_optimization","05","Label","GUI submenu/CMD label","disk_defrag","","","",""
"menu_performance_optimization","5","Label","GUI submenu/CMD label","disk_defrag","","","",""
"menu_performance_optimization","06","Label","GUI submenu/CMD label","visual_effects","","","",""
"menu_performance_optimization","6","Label","GUI submenu/CMD label","visual_effects","","","",""
"menu_performance_optimization","07","Label","GUI submenu/CMD label","prefetch_cache","","","",""
"menu_performance_optimization","7","Label","GUI submenu/CMD label","prefetch_cache","","","",""
"menu_performance_optimization","08","Label","GUI submenu/CMD label","win_indexing","","","",""
"menu_performance_optimization","8","Label","GUI submenu/CMD label","win_indexing","","","",""
"menu_performance_optimization","09","Label","GUI submenu/CMD label","adv_cleanup","","","",""
"menu_performance_optimization","9","Label","GUI submenu/CMD label","adv_cleanup","","","",""
"menu_performance_optimization","10","Label","GUI submenu/CMD label","menu_auto_performance","","","",""
"menu_performance_optimization","11","Label","GUI submenu/CMD label","menu_live_monitor","","","",""
"menu_performance_optimization","12","Label","GUI submenu/CMD label","issue_energy_report","","","",""
"menu_performance_optimization","13","Label","GUI submenu/CMD label","performance_minimum_boost","","","",""
"menu_performance_optimization","14","Label","GUI submenu/CMD label","performance_boost_restore","","","",""
"menu_performance_optimization","15","Label","GUI submenu/CMD label","one_clean","","","",""
"menu_storage_disk","P","Label","GUI submenu/CMD label","problem_master_hub","","","",""
"menu_storage_disk","01","Label","GUI submenu/CMD label","storage","","","",""
"menu_storage_disk","1","Label","GUI submenu/CMD label","storage","","","",""
"menu_storage_disk","02","Label","GUI submenu/CMD label","disk_defrag","","","",""
"menu_storage_disk","2","Label","GUI submenu/CMD label","disk_defrag","","","",""
"menu_storage_disk","03","Label","GUI submenu/CMD label","disk_image","","","",""
"menu_storage_disk","3","Label","GUI submenu/CMD label","disk_image","","","",""
"menu_storage_disk","04","Label","GUI submenu/CMD label","create_vhd","","","",""
"menu_storage_disk","4","Label","GUI submenu/CMD label","create_vhd","","","",""
"menu_storage_disk","05","Label","GUI submenu/CMD label","issue_disk_health","","","",""
"menu_storage_disk","5","Label","GUI submenu/CMD label","issue_disk_health","","","",""
"menu_storage_disk","06","Inline","GUI direct runner","menu_storage_disk","","","","chkdsk & pause & goto menu_storage_disk"
"menu_storage_disk","6","Inline","GUI direct runner","menu_storage_disk","","","","chkdsk & pause & goto menu_storage_disk"
"menu_storage_disk","07","Inline","GUI direct runner","menu_storage_disk","","","","cleanmgr & pause & goto menu_storage_disk"
"menu_storage_disk","7","Inline","GUI direct runner","menu_storage_disk","","","","cleanmgr & goto menu_storage_disk"
"menu_storage_disk","08","Inline","GUI direct runner","menu_storage_disk","","","","powershell -NoProfile -Command ""Get-ChildItem C:\ -Recurse -ErrorAction SilentlyContinue | Where-Object {$_.Length -gt 500MB} | Sort-Object Length -Descending | Select-Object -First 20 FullName,@{Name='SizeGB';Expression={[math]::Round($_.Length/1GB,2)}} | Format-Table -AutoSize"" & pause & goto menu_storage_disk"
"menu_storage_disk","8","Inline","GUI direct runner","menu_storage_disk","","","","powershell -NoProfile -Command ""Get-ChildItem C:\ -Recurse -ErrorAction SilentlyContinue | Where-Object {$_.Length -gt 500MB} | Sort-Object Length -Descending | Select-Object -First 20 FullName,@{Name='SizeGB';Expression={[math]::Round($_.Length/1GB,2)}} | Format-Table -AutoSize"" & pause & goto menu_storage_disk"
"menu_storage_disk","09","Inline","GUI direct runner","menu_storage_disk","","","","manage-bde -status & pause & goto menu_storage_disk"
"menu_storage_disk","9","Inline","GUI direct runner","menu_storage_disk","","","","manage-bde -status & pause & goto menu_storage_disk"
"menu_storage_disk","10","Label","GUI submenu/CMD label","issue_complete_report","","","",""
"menu_storage_disk","11","Inline","GUI direct runner","menu_storage_disk","","","","start """" diskmgmt.msc & pause & goto menu_storage_disk"
"menu_storage_disk","12","Inline","GUI direct runner","menu_storage_disk","","","","start """" ms-settings:storagesense & pause & goto menu_storage_disk"
"menu_user_account","P","Label","GUI submenu/CMD label","problem_master_hub","","","",""
"menu_user_account","01","Label","GUI submenu/CMD label","user_pc_info","","","",""
"menu_user_account","1","Label","GUI submenu/CMD label","user_pc_info","","","",""
"menu_user_account","02","Label","GUI submenu/CMD label","user_security","","","",""
"menu_user_account","2","Label","GUI submenu/CMD label","user_security","","","",""
"menu_user_account","03","Label","GUI submenu/CMD label","issue_profile_diag","","","",""
"menu_user_account","3","Label","GUI submenu/CMD label","issue_profile_diag","","","",""
"menu_user_account","04","Label","GUI submenu/CMD label","issue_create_admin","","","",""
"menu_user_account","4","Label","GUI submenu/CMD label","issue_create_admin","","","",""
"menu_user_account","05","Inline","GUI direct runner","menu_user_account","","","","control /name Microsoft.CredentialManager & pause & goto menu_user_account"
"menu_user_account","5","Inline","GUI direct runner","menu_user_account","","","","control /name Microsoft.CredentialManager & goto menu_user_account"
"menu_user_account","06","Inline","GUI direct runner","menu_user_account","","","","start """" ms-settings:signinoptions & pause & goto menu_user_account"
"menu_user_account","6","Inline","GUI direct runner","menu_user_account","","","","start """" ms-settings:signinoptions & goto menu_user_account"
"menu_user_account","07","Inline","GUI direct runner","menu_user_account","","","","start """" lusrmgr.msc & pause & goto menu_user_account"
"menu_user_account","7","Inline","GUI direct runner","menu_user_account","","","","start """" lusrmgr.msc & goto menu_user_account"
"menu_user_account","08","Inline","GUI direct runner","menu_user_account","","","","start """" ms-settings:regionlanguage & pause & goto menu_user_account"
"menu_user_account","8","Inline","GUI direct runner","menu_user_account","","","","start """" ms-settings:regionlanguage & goto menu_user_account"
"menu_user_account","09","Inline","GUI direct runner","menu_user_account","","","","start """" ms-settings:startupapps & pause & goto menu_user_account"
"menu_user_account","9","Inline","GUI direct runner","menu_user_account","","","","start """" ms-settings:startupapps & goto menu_user_account"
"menu_user_account","10","Inline","GUI direct runner","menu_user_account","","","","start """" ms-settings:privacy & pause & goto menu_user_account"
"menu_user_account","11","Label","GUI submenu/CMD label","issue_user_apps","","","",""
"menu_user_account","12","Label","GUI submenu/CMD label","issue_apps_inventory","","","",""
"menu_backup_restore","P","Label","GUI submenu/CMD label","problem_master_hub","","","",""
"menu_backup_restore","01","Label","GUI submenu/CMD label","system_backup","","","",""
"menu_backup_restore","1","Label","GUI submenu/CMD label","system_backup","","","",""
"menu_backup_restore","02","Label","GUI submenu/CMD label","file_backup","","","",""
"menu_backup_restore","2","Label","GUI submenu/CMD label","file_backup","","","",""
"menu_backup_restore","03","Label","GUI submenu/CMD label","sys_restore","","","",""
"menu_backup_restore","3","Label","GUI submenu/CMD label","sys_restore","","","",""
"menu_backup_restore","04","Label","GUI submenu/CMD label","reg_backup","","","",""
"menu_backup_restore","4","Label","GUI submenu/CMD label","reg_backup","","","",""
"menu_backup_restore","05","Label","GUI submenu/CMD label","driver_backup","","","",""
"menu_backup_restore","5","Label","GUI submenu/CMD label","driver_backup","","","",""
"menu_backup_restore","06","Label","GUI submenu/CMD label","emergency_tools","","","",""
"menu_backup_restore","6","Label","GUI submenu/CMD label","emergency_tools","","","",""
"menu_backup_restore","07","Label","GUI submenu/CMD label","recovery_opts","","","",""
"menu_backup_restore","7","Label","GUI submenu/CMD label","recovery_opts","","","",""
"menu_backup_restore","08","Label","GUI submenu/CMD label","disk_image","","","",""
"menu_backup_restore","8","Label","GUI submenu/CMD label","disk_image","","","",""
"menu_backup_restore","09","Label","GUI submenu/CMD label","create_restore_point","","","",""
"menu_backup_restore","9","Label","GUI submenu/CMD label","create_restore_point","","","",""
"menu_backup_restore","10","Label","GUI submenu/CMD label","backup_toolkit_file","","","",""
"menu_backup_restore","11","Label","GUI submenu/CMD label","issue_event_export","","","",""
"menu_backup_restore","12","Label","GUI submenu/CMD label","issue_complete_report","","","",""
"menu_backup_restore","13","Label","GUI submenu/CMD label","open_backup_root","","","",""
"menu_backup_restore","14","Inline","GUI direct runner","dism_wim_center","","","","set ""WIM_CENTER_BACK=menu_backup_restore"" & goto dism_wim_center"
"menu_driver_hardware","P","Label","GUI submenu/CMD label","problem_master_hub","","","",""
"menu_driver_hardware","01","Label","GUI submenu/CMD label","driver_tools","","","",""
"menu_driver_hardware","1","Label","GUI submenu/CMD label","driver_tools","","","",""
"menu_driver_hardware","02","Label","GUI submenu/CMD label","hardware_health","","","",""
"menu_driver_hardware","2","Label","GUI submenu/CMD label","hardware_health","","","",""
"menu_driver_hardware","03","Inline","GUI direct runner","menu_driver_hardware","","","","start """" devmgmt.msc & pause & goto menu_driver_hardware"
"menu_driver_hardware","3","Inline","GUI direct runner","menu_driver_hardware","","","","start """" devmgmt.msc & goto menu_driver_hardware"
"menu_driver_hardware","04","Label","GUI submenu/CMD label","issue_problem_devices","","","",""
"menu_driver_hardware","4","Label","GUI submenu/CMD label","issue_problem_devices","","","",""
"menu_driver_hardware","05","Label","GUI submenu/CMD label","issue_usb_fix","","","",""
"menu_driver_hardware","5","Label","GUI submenu/CMD label","issue_usb_fix","","","",""
"menu_driver_hardware","06","Label","GUI submenu/CMD label","issue_bluetooth_fix","","","",""
"menu_driver_hardware","6","Label","GUI submenu/CMD label","issue_bluetooth_fix","","","",""
"menu_driver_hardware","07","Label","GUI submenu/CMD label","issue_audio_modern_fix","","","",""
"menu_driver_hardware","7","Label","GUI submenu/CMD label","issue_audio_modern_fix","","","",""
"menu_driver_hardware","08","Label","GUI submenu/CMD label","issue_display_gpu","","","",""
"menu_driver_hardware","8","Label","GUI submenu/CMD label","issue_display_gpu","","","",""
"menu_driver_hardware","09","Label","GUI submenu/CMD label","issue_camera_mic","","","",""
"menu_driver_hardware","9","Label","GUI submenu/CMD label","issue_camera_mic","","","",""
"menu_driver_hardware","10","Label","GUI submenu/CMD label","issue_driver_report","","","",""
"menu_driver_hardware","11","Inline","GUI direct runner","menu_driver_hardware","","","","start """" mdsched.exe & pause & goto menu_driver_hardware"
"menu_driver_hardware","12","Label","GUI submenu/CMD label","issue_disk_health","","","",""
"menu_driver_hardware","13","Label","GUI submenu/CMD label","driver_auto_center","","","",""
"menu_driver_hardware","14","Label","GUI submenu/CMD label","driver_oem_assistant","","","",""
"menu_driver_hardware","15","Label","GUI submenu/CMD label","driver_backup_restore_pro","","","",""
"menu_driver_hardware","16","Label","GUI submenu/CMD label","driver_command_reference","","","",""
"menu_update_activation","P","Label","GUI submenu/CMD label","problem_master_hub","","","",""
"menu_update_activation","01","Label","GUI submenu/CMD label","update_fix","","","",""
"menu_update_activation","1","Label","GUI submenu/CMD label","update_fix","","","",""
"menu_update_activation","02","Inline","GUI direct runner","menu_update_activation","","","","start """" ms-settings:windowsupdate & pause & goto menu_update_activation"
"menu_update_activation","2","Inline","GUI direct runner","menu_update_activation","","","","start """" ms-settings:windowsupdate & goto menu_update_activation"
"menu_update_activation","03","Label","GUI submenu/CMD label","issue_win_update_deep","","","",""
"menu_update_activation","3","Label","GUI submenu/CMD label","issue_win_update_deep","","","",""
"menu_update_activation","04","Label","GUI submenu/CMD label","issue_wsus_policy","","","",""
"menu_update_activation","4","Label","GUI submenu/CMD label","issue_wsus_policy","","","",""
"menu_update_activation","05","Label","GUI submenu/CMD label","win_activation","","","",""
"menu_update_activation","5","Label","GUI submenu/CMD label","win_activation","","","",""
"menu_update_activation","06","Inline","GUI direct runner","menu_update_activation","","","","start """" ms-settings:activation & pause & goto menu_update_activation"
"menu_update_activation","6","Inline","GUI direct runner","menu_update_activation","","","","start """" ms-settings:activation & goto menu_update_activation"
"menu_update_activation","07","Label","GUI submenu/CMD label","edition_tools","","","",""
"menu_update_activation","7","Label","GUI submenu/CMD label","edition_tools","","","",""
"menu_update_activation","08","Inline","GUI direct runner","menu_update_activation","","","","slmgr /dlv & pause & goto menu_update_activation"
"menu_update_activation","8","Inline","GUI direct runner","menu_update_activation","","","","slmgr /dlv & pause & goto menu_update_activation"
"menu_update_activation","09","Label","GUI submenu/CMD label","issue_component_repair","","","",""
"menu_update_activation","9","Label","GUI submenu/CMD label","issue_component_repair","","","",""
"menu_update_activation","10","Label","GUI submenu/CMD label","recovery_opts","","","",""
"menu_update_activation","11","Label","GUI submenu/CMD label","issue_windows_core","","","",""
"menu_update_activation","12","Inline","GUI direct runner","menu_update_activation","","","","explorer ""C:\Windows\Logs"" & goto menu_update_activation"
"menu_office_outlook","P","Label","GUI submenu/CMD label","problem_master_hub","","","",""
"menu_office_outlook","01","Label","GUI submenu/CMD label","outlook_fix","","","",""
"menu_office_outlook","1","Label","GUI submenu/CMD label","outlook_fix","","","",""
"menu_office_outlook","02","Label","GUI submenu/CMD label","office_download","","","",""
"menu_office_outlook","2","Label","GUI submenu/CMD label","office_download","","","",""
"menu_office_outlook","03","Inline","GUI direct runner","menu_office_outlook","","","","start """" appwiz.cpl & pause & goto menu_office_outlook"
"menu_office_outlook","3","Inline","GUI direct runner","menu_office_outlook","","","","start """" appwiz.cpl & goto menu_office_outlook"
"menu_office_outlook","04","Inline","GUI embedded Toolkit helper runner","menu_office_outlook","open_outlook_safe","","","call :open_outlook_safe & pause & goto menu_office_outlook"
"menu_office_outlook","4","Inline","GUI embedded Toolkit helper runner","menu_office_outlook","open_outlook_safe","","","call :open_outlook_safe & pause & goto menu_office_outlook"
"menu_office_outlook","05","Inline","GUI direct runner","menu_office_outlook","","","","control mlcfg32.cpl & pause & goto menu_office_outlook"
"menu_office_outlook","5","Inline","GUI direct runner","menu_office_outlook","","","","control mlcfg32.cpl & goto menu_office_outlook"
"menu_office_outlook","06","Label","GUI submenu/CMD label","issue_teams_zoom_cache","","","",""
"menu_office_outlook","6","Label","GUI submenu/CMD label","issue_teams_zoom_cache","","","",""
"menu_office_outlook","07","Label","GUI submenu/CMD label","issue_onedrive_reset","","","",""
"menu_office_outlook","7","Label","GUI submenu/CMD label","issue_onedrive_reset","","","",""
"menu_office_outlook","08","Inline","GUI embedded Toolkit helper runner","menu_office_outlook","office_activation_status","","","call :office_activation_status & pause & goto menu_office_outlook"
"menu_office_outlook","8","Inline","GUI embedded Toolkit helper runner","menu_office_outlook","office_activation_status","","","call :office_activation_status & pause & goto menu_office_outlook"
"menu_office_outlook","09","Label","GUI submenu/CMD label","issue_browser_cloud","","","",""
"menu_office_outlook","9","Label","GUI submenu/CMD label","issue_browser_cloud","","","",""
"menu_office_outlook","10","Label","GUI submenu/CMD label","menu_mass_installer","","","",""
"menu_office_outlook","11","Label","GUI submenu/CMD label","issue_apps_inventory","","","",""
"menu_office_outlook","12","Inline","GUI direct runner","menu_office_outlook","","","","control /name Microsoft.CredentialManager & pause & goto menu_office_outlook"
"menu_printer_spooler","P","Label","GUI submenu/CMD label","problem_master_hub","","","",""
"menu_printer_spooler","01","Label","GUI submenu/CMD label","printer_fix_11b","","","",""
"menu_printer_spooler","1","Label","GUI submenu/CMD label","printer_fix_11b","","","",""
"menu_printer_spooler","02","Label","GUI submenu/CMD label","printer_fix_709","","","",""
"menu_printer_spooler","2","Label","GUI submenu/CMD label","printer_fix_709","","","",""
"menu_printer_spooler","03","Label","GUI submenu/CMD label","printer_fix_default","","","",""
"menu_printer_spooler","3","Label","GUI submenu/CMD label","printer_fix_default","","","",""
"menu_printer_spooler","04","Label","GUI submenu/CMD label","printer_fix_share","","","",""
"menu_printer_spooler","4","Label","GUI submenu/CMD label","printer_fix_share","","","",""
"menu_printer_spooler","05","Label","GUI submenu/CMD label","printer_fix_offline","","","",""
"menu_printer_spooler","5","Label","GUI submenu/CMD label","printer_fix_offline","","","",""
"menu_printer_spooler","06","Label","GUI submenu/CMD label","printer_fix_spooler","","","",""
"menu_printer_spooler","6","Label","GUI submenu/CMD label","printer_fix_spooler","","","",""
"menu_printer_spooler","07","Label","GUI submenu/CMD label","printer_fix_queue","","","",""
"menu_printer_spooler","7","Label","GUI submenu/CMD label","printer_fix_queue","","","",""
"menu_printer_spooler","08","Label","GUI submenu/CMD label","printer_fix_access","","","",""
"menu_printer_spooler","8","Label","GUI submenu/CMD label","printer_fix_access","","","",""
"menu_printer_spooler","09","Label","GUI submenu/CMD label","printer_fix_smb","","","",""
"menu_printer_spooler","9","Label","GUI submenu/CMD label","printer_fix_smb","","","",""
"menu_printer_spooler","10","Label","GUI submenu/CMD label","printer_fix_driver","","","",""
"menu_printer_spooler","11","Label","GUI submenu/CMD label","printer_fix_discovery","","","",""
"menu_printer_spooler","12","Label","GUI submenu/CMD label","printer_fix_rpc","","","",""
"menu_printer_spooler","13","Label","GUI submenu/CMD label","printer_fix_operation_failed","","","",""
"menu_printer_spooler","14","Label","GUI submenu/CMD label","printer_remove_printers","","","",""
"menu_printer_spooler","15","Label","GUI submenu/CMD label","printer_remove_drivers","","","",""
"menu_printer_spooler","16","Label","GUI submenu/CMD label","printer_clean_v3","","","",""
"menu_printer_spooler","17","Label","GUI submenu/CMD label","printer_clean_v4","","","",""
"menu_printer_spooler","18","Label","GUI submenu/CMD label","printer_reg_cleanup","","","",""
"menu_printer_spooler","19","Label","GUI submenu/CMD label","printer_clear_queue","","","",""
"menu_printer_spooler","20","Label","GUI submenu/CMD label","printer_restart_spooler_menu","","","",""
"menu_printer_spooler","21","Label","GUI submenu/CMD label","printer_full_cleanup","","","",""
"menu_printer_spooler","22","Label","GUI submenu/CMD label","printer_all_fix","","","",""
"menu_printer_spooler","23","Label","GUI submenu/CMD label","main","","","",""
"menu_remote_rdp","P","Label","GUI submenu/CMD label","problem_master_hub","","","",""
"menu_remote_rdp","01","Label","GUI submenu/CMD label","rdp_tools","","","",""
"menu_remote_rdp","1","Label","GUI submenu/CMD label","rdp_tools","","","",""
"menu_remote_rdp","02","Label","GUI submenu/CMD label","issue_rdp_nla","","","",""
"menu_remote_rdp","2","Label","GUI submenu/CMD label","issue_rdp_nla","","","",""
"menu_remote_rdp","03","Inline","GUI direct runner","menu_remote_rdp","","","","start """" ms-settings:remotedesktop & pause & goto menu_remote_rdp"
"menu_remote_rdp","3","Inline","GUI direct runner","menu_remote_rdp","","","","start """" ms-settings:remotedesktop & goto menu_remote_rdp"
"menu_remote_rdp","04","Label","GUI submenu/CMD label","vpn_proxy","","","",""
"menu_remote_rdp","4","Label","GUI submenu/CMD label","vpn_proxy","","","",""
"menu_remote_rdp","05","Label","GUI submenu/CMD label","net_shares","","","",""
"menu_remote_rdp","5","Label","GUI submenu/CMD label","net_shares","","","",""
"menu_remote_rdp","06","Inline","GUI direct runner","menu_remote_rdp","","","","control /name Microsoft.CredentialManager & pause & goto menu_remote_rdp"
"menu_remote_rdp","6","Inline","GUI direct runner","menu_remote_rdp","","","","control /name Microsoft.CredentialManager & goto menu_remote_rdp"
"menu_remote_rdp","07","Label","GUI submenu/CMD label","issue_smb_nas","","","",""
"menu_remote_rdp","7","Label","GUI submenu/CMD label","issue_smb_nas","","","",""
"menu_remote_rdp","08","Label","GUI submenu/CMD label","menu_cloud_remote","","","",""
"menu_remote_rdp","8","Label","GUI submenu/CMD label","menu_cloud_remote","","","",""
"menu_remote_rdp","09","Inline","GUI direct runner","menu_remote_rdp","","","","net session & pause & goto menu_remote_rdp"
"menu_remote_rdp","9","Inline","GUI direct runner","menu_remote_rdp","","","","net session & pause & goto menu_remote_rdp"
"menu_remote_rdp","10","Inline","GUI direct runner","menu_remote_rdp","","","","netstat -ano ^| findstr :3389 & pause & goto menu_remote_rdp"
"menu_remote_rdp","11","Inline","GUI direct runner","menu_remote_rdp","","","","netsh advfirewall firewall set rule group=""remote desktop"" new enable=Yes & pause & goto menu_remote_rdp"
"menu_remote_rdp","12","Inline","GUI direct runner","menu_remote_rdp","","","","start """" msra.exe & pause & goto menu_remote_rdp"
"menu_bios_boot","P","Label","GUI submenu/CMD label","problem_master_hub","","","",""
"menu_bios_boot","01","Label","GUI submenu/CMD label","bios_boot","","","",""
"menu_bios_boot","1","Label","GUI submenu/CMD label","bios_boot","","","",""
"menu_bios_boot","02","Inline","GUI direct runner","menu_bios_boot","","","","shutdown /r /fw /t 5 & pause & goto menu_bios_boot"
"menu_bios_boot","2","Inline","GUI direct runner","menu_bios_boot","","","","shutdown /r /fw /t 5 & pause & goto menu_bios_boot"
"menu_bios_boot","03","Inline","GUI direct runner","","","","","shutdown /r /o /f /t 0"
"menu_bios_boot","3","Inline","GUI direct runner","","","","","shutdown /r /o /f /t 0"
"menu_bios_boot","04","Inline","GUI direct runner","menu_bios_boot","","","","bcdedit /set {current} safeboot minimal & pause & goto menu_bios_boot"
"menu_bios_boot","4","Inline","GUI direct runner","menu_bios_boot","","","","bcdedit /set {current} safeboot minimal & pause & goto menu_bios_boot"
"menu_bios_boot","05","Inline","GUI direct runner","menu_bios_boot","","","","bcdedit /deletevalue {current} safeboot & pause & goto menu_bios_boot"
"menu_bios_boot","5","Inline","GUI direct runner","menu_bios_boot","","","","bcdedit /deletevalue {current} safeboot & pause & goto menu_bios_boot"
"menu_bios_boot","06","Label","GUI submenu/CMD label","boot_repair","","","",""
"menu_bios_boot","6","Label","GUI submenu/CMD label","boot_repair","","","",""
"menu_bios_boot","07","Inline","GUI direct runner","menu_bios_boot","","","","bcdedit & pause & goto menu_bios_boot"
"menu_bios_boot","7","Inline","GUI direct runner","menu_bios_boot","","","","bcdedit & pause & goto menu_bios_boot"
"menu_bios_boot","08","Inline","GUI direct runner","menu_bios_boot","","","","powershell Confirm-SecureBootUEFI & pause & goto menu_bios_boot"
"menu_bios_boot","8","Inline","GUI direct runner","menu_bios_boot","","","","powershell Confirm-SecureBootUEFI & pause & goto menu_bios_boot"
"menu_bios_boot","09","Inline","GUI direct runner","menu_bios_boot","","","","tpm.msc & pause & goto menu_bios_boot"
"menu_bios_boot","9","Inline","GUI direct runner","menu_bios_boot","","","","tpm.msc & goto menu_bios_boot"
"menu_bios_boot","10","Inline","GUI direct runner","menu_bios_boot","","","","reg add ""HKLM\SYSTEM\CurrentControlSet\Control\Session Manager\Power"" /v HiberbootEnabled /t REG_DWORD /d 0 /f & pause & goto menu_bios_boot"
"menu_bios_boot","13","Inline","GUI direct runner","menu_bios_boot","","","","reg add ""HKLM\SYSTEM\CurrentControlSet\Control\Session Manager\Power"" /v HiberbootEnabled /t REG_DWORD /d 1 /f & echo Fast Startup Enabled. & pause & goto menu_bios_boot"
"menu_bios_boot","11","Label","GUI submenu/CMD label","recovery_opts","","","",""
"menu_bios_boot","12","Label","GUI submenu/CMD label","sys_restore","","","",""
"menu_bios_boot","14","Label","GUI submenu/CMD label","bootable_usb_creator","","","",""
"bootable_usb_creator","P","Label","GUI submenu/CMD label","problem_master_hub","","","",""
"bootable_usb_creator","01","Label","GUI submenu/CMD label","bootable_usb_make","","","",""
"bootable_usb_creator","1","Label","GUI submenu/CMD label","bootable_usb_make","","","",""
"bootable_usb_creator","02","Label","GUI submenu/CMD label","bootable_usb_list","","","",""
"bootable_usb_creator","2","Label","GUI submenu/CMD label","bootable_usb_list","","","",""
"bootable_usb_creator","03","Label","GUI submenu/CMD label","os_download","","","",""
"bootable_usb_creator","3","Label","GUI submenu/CMD label","os_download","","","",""
"bootable_usb_creator","04","Label","GUI submenu/CMD label","bootable_usb_help","","","",""
"bootable_usb_creator","4","Label","GUI submenu/CMD label","bootable_usb_help","","","",""
"bootable_usb_creator","05","Inline","GUI direct runner","bootable_usb_creator","","","","if not exist ""%LOGROOT%"" mkdir ""%LOGROOT%"" >nul 2>&1 & explorer ""%LOGROOT%"" & goto bootable_usb_creator"
"bootable_usb_creator","5","Inline","GUI direct runner","bootable_usb_creator","","","","if not exist ""%LOGROOT%"" mkdir ""%LOGROOT%"" >nul 2>&1 & explorer ""%LOGROOT%"" & goto bootable_usb_creator"
"menu_registry_policy","P","Label","GUI submenu/CMD label","problem_master_hub","","","",""
"menu_registry_policy","01","Label","GUI submenu/CMD label","gpo_reg","","","",""
"menu_registry_policy","1","Label","GUI submenu/CMD label","gpo_reg","","","",""
"menu_registry_policy","02","Inline","GUI direct runner","menu_registry_policy","","","","start """" gpedit.msc & pause & goto menu_registry_policy"
"menu_registry_policy","2","Inline","GUI direct runner","menu_registry_policy","","","","start """" gpedit.msc & goto menu_registry_policy"
"menu_registry_policy","03","Inline","GUI direct runner","menu_registry_policy","","","","gpupdate /force & pause & goto menu_registry_policy"
"menu_registry_policy","3","Inline","GUI direct runner","menu_registry_policy","","","","gpupdate /force & pause & goto menu_registry_policy"
"menu_registry_policy","04","Label","GUI submenu/CMD label","issue_gp_report","","","",""
"menu_registry_policy","4","Label","GUI submenu/CMD label","issue_gp_report","","","",""
"menu_registry_policy","05","Inline","GUI direct runner","menu_registry_policy","","","","rsop.msc & pause & goto menu_registry_policy"
"menu_registry_policy","5","Inline","GUI direct runner","menu_registry_policy","","","","rsop.msc & goto menu_registry_policy"
"menu_registry_policy","06","Inline","GUI direct runner","menu_registry_policy","","","","start """" regedit & pause & goto menu_registry_policy"
"menu_registry_policy","6","Inline","GUI direct runner","menu_registry_policy","","","","start """" regedit & goto menu_registry_policy"
"menu_registry_policy","07","Label","GUI submenu/CMD label","reg_backup","","","",""
"menu_registry_policy","7","Label","GUI submenu/CMD label","reg_backup","","","",""
"menu_registry_policy","08","Label","GUI submenu/CMD label","reg_repair","","","",""
"menu_registry_policy","8","Label","GUI submenu/CMD label","reg_repair","","","",""
"menu_registry_policy","09","Inline","GUI direct runner","menu_registry_policy","","","","start """" secpol.msc & pause & goto menu_registry_policy"
"menu_registry_policy","9","Inline","GUI direct runner","menu_registry_policy","","","","start """" secpol.msc & goto menu_registry_policy"
"menu_registry_policy","10","Label","GUI submenu/CMD label","issue_wsus_policy","","","",""
"menu_registry_policy","11","Label","GUI submenu/CMD label","env_vars","","","",""
"menu_registry_policy","12","Label","GUI submenu/CMD label","sched_tasks","","","",""
"menu_services_features","P","Label","GUI submenu/CMD label","problem_master_hub","","","",""
"menu_services_features","01","Label","GUI submenu/CMD label","service_repair","","","",""
"menu_services_features","1","Label","GUI submenu/CMD label","service_repair","","","",""
"menu_services_features","02","Inline","GUI direct runner","menu_services_features","","","","start """" services.msc & pause & goto menu_services_features"
"menu_services_features","2","Inline","GUI direct runner","menu_services_features","","","","start """" services.msc & goto menu_services_features"
"menu_services_features","03","Inline","GUI direct runner","menu_services_features","","","","start """" optionalfeatures & pause & goto menu_services_features"
"menu_services_features","3","Inline","GUI direct runner","menu_services_features","","","","start """" optionalfeatures & goto menu_services_features"
"menu_services_features","04","Inline","GUI direct runner","menu_services_features","","","","start """" dcomcnfg & pause & goto menu_services_features"
"menu_services_features","4","Inline","GUI direct runner","menu_services_features","","","","start """" dcomcnfg & goto menu_services_features"
"menu_services_features","05","Label","GUI submenu/CMD label","issue_services_diag","","","",""
"menu_services_features","5","Label","GUI submenu/CMD label","issue_services_diag","","","",""
"menu_services_features","06","Label","GUI submenu/CMD label","issue_installer_fix","","","",""
"menu_services_features","6","Label","GUI submenu/CMD label","issue_installer_fix","","","",""
"menu_services_features","07","Label","GUI submenu/CMD label","issue_search_rebuild","","","",""
"menu_services_features","7","Label","GUI submenu/CMD label","issue_search_rebuild","","","",""
"menu_services_features","08","Label","GUI submenu/CMD label","issue_spooler_repair","","","",""
"menu_services_features","8","Label","GUI submenu/CMD label","issue_spooler_repair","","","",""
"menu_services_features","09","Label","GUI submenu/CMD label","issue_time_sync","","","",""
"menu_services_features","9","Label","GUI submenu/CMD label","issue_time_sync","","","",""
"menu_services_features","10","Label","GUI submenu/CMD label","issue_bluetooth_fix","","","",""
"menu_services_features","11","Label","GUI submenu/CMD label","issue_audio_modern_fix","","","",""
"menu_services_features","12","Label","GUI submenu/CMD label","hyperv_wsl","","","",""
"menu_live_monitor","P","Label","GUI submenu/CMD label","problem_master_hub","","","",""
"menu_live_monitor","01","Label","GUI submenu/CMD label","health_dashboard","","","",""
"menu_live_monitor","1","Label","GUI submenu/CMD label","health_dashboard","","","",""
"menu_live_monitor","02","Inline","GUI direct runner","menu_live_monitor","","","","start """" taskmgr & pause & goto menu_live_monitor"
"menu_live_monitor","2","Inline","GUI direct runner","menu_live_monitor","","","","start """" taskmgr & goto menu_live_monitor"
"menu_live_monitor","03","Inline","GUI direct runner","menu_live_monitor","","","","start """" resmon & pause & goto menu_live_monitor"
"menu_live_monitor","3","Inline","GUI direct runner","menu_live_monitor","","","","start """" resmon & goto menu_live_monitor"
"menu_live_monitor","04","Inline","GUI direct runner","menu_live_monitor","","","","start """" perfmon & pause & goto menu_live_monitor"
"menu_live_monitor","4","Inline","GUI direct runner","menu_live_monitor","","","","start """" perfmon & goto menu_live_monitor"
"menu_live_monitor","05","Inline","GUI direct runner","menu_live_monitor","","","","start """" perfmon /rel & pause & goto menu_live_monitor"
"menu_live_monitor","5","Inline","GUI direct runner","menu_live_monitor","","","","start """" perfmon /rel & goto menu_live_monitor"
"menu_live_monitor","06","Inline","GUI direct runner","menu_live_monitor","","","","netstat -ano & pause & goto menu_live_monitor"
"menu_live_monitor","6","Inline","GUI direct runner","menu_live_monitor","","","","netstat -ano & pause & goto menu_live_monitor"
"menu_live_monitor","07","Inline","GUI direct runner","menu_live_monitor","","","","powershell -NoProfile -Command ""Get-CimInstance Win32_OperatingSystem | Select @{n='FreeRAMGB';e={[math]::Round($_.FreePhysicalMemory/1MB,2)}},@{n='TotalRAMGB';e={[math]::Round($_.TotalVisibleMemorySize/1MB,2)}}"" & pause & goto menu_live_monitor"
"menu_live_monitor","7","Inline","GUI direct runner","menu_live_monitor","","","","powershell -NoProfile -Command ""Get-CimInstance Win32_OperatingSystem | Select @{n='FreeRAMGB';e={[math]::Round($_.FreePhysicalMemory/1MB,2)}},@{n='TotalRAMGB';e={[math]::Round($_.TotalVisibleMemorySize/1MB,2)}}"" & pause & goto menu_live_monitor"
"menu_live_monitor","08","Label","GUI submenu/CMD label","issue_boot_perf","","","",""
"menu_live_monitor","8","Label","GUI submenu/CMD label","issue_boot_perf","","","",""
"menu_live_monitor","09","Label","GUI submenu/CMD label","menu_hacker_dashboard","","","",""
"menu_live_monitor","9","Label","GUI submenu/CMD label","menu_hacker_dashboard","","","",""
"menu_live_monitor","10","Label","GUI submenu/CMD label","sysreport","","","",""
"menu_live_monitor","11","Label","GUI submenu/CMD label","quick_health_report","","","",""
"menu_live_monitor","12","Label","GUI submenu/CMD label","issue_complete_report","","","",""
"menu_event_logs","P","Label","GUI submenu/CMD label","problem_master_hub","","","",""
"menu_event_logs","01","Label","GUI submenu/CMD label","event_log","","","",""
"menu_event_logs","1","Label","GUI submenu/CMD label","event_log","","","",""
"menu_event_logs","02","Inline","GUI direct runner","menu_event_logs","","","","start """" eventvwr.msc & pause & goto menu_event_logs"
"menu_event_logs","2","Inline","GUI direct runner","menu_event_logs","","","","start """" eventvwr.msc & goto menu_event_logs"
"menu_event_logs","03","Inline","GUI direct runner","menu_event_logs","","","","powershell -NoProfile -Command ""Get-WinEvent -FilterHashtable @{LogName='System'; Level=1; StartTime=(Get-Date).AddDays(-7)} -ErrorAction SilentlyContinue | Select -First 20 TimeCreated,Id,ProviderName,Message | Format-List"" & pause & goto menu_event_logs"
"menu_event_logs","3","Inline","GUI direct runner","menu_event_logs","","","","powershell -NoProfile -Command ""Get-WinEvent -FilterHashtable @{LogName='System'; Level=1; StartTime=(Get-Date).AddDays(-7)} -ErrorAction SilentlyContinue | Select -First 20 TimeCreated,Id,ProviderName,Message | Format-List"" & pause & goto menu_event_logs"
"menu_event_logs","04","Inline","GUI direct runner","menu_event_logs","","","","powershell -NoProfile -Command ""Get-WinEvent -FilterHashtable @{LogName='System'; Id=41,1001,6008} -ErrorAction SilentlyContinue | Select -First 20 TimeCreated,Id,ProviderName,Message | Format-List"" & pause & goto menu_event_logs"
"menu_event_logs","4","Inline","GUI direct runner","menu_event_logs","","","","powershell -NoProfile -Command ""Get-WinEvent -FilterHashtable @{LogName='System'; Id=41,1001,6008} -ErrorAction SilentlyContinue | Select -First 20 TimeCreated,Id,ProviderName,Message | Format-List"" & pause & goto menu_event_logs"
"menu_event_logs","05","Label","GUI submenu/CMD label","issue_security_events","","","",""
"menu_event_logs","5","Label","GUI submenu/CMD label","issue_security_events","","","",""
"menu_event_logs","06","Label","GUI submenu/CMD label","issue_services_diag","","","",""
"menu_event_logs","6","Label","GUI submenu/CMD label","issue_services_diag","","","",""
"menu_event_logs","07","Label","GUI submenu/CMD label","issue_tasks_diag","","","",""
"menu_event_logs","7","Label","GUI submenu/CMD label","issue_tasks_diag","","","",""
"menu_event_logs","08","Label","GUI submenu/CMD label","issue_event_export","","","",""
"menu_event_logs","8","Label","GUI submenu/CMD label","issue_event_export","","","",""
"menu_event_logs","09","Inline","GUI direct runner","menu_event_logs","","","","start """" perfmon /rel & pause & goto menu_event_logs"
"menu_event_logs","9","Inline","GUI direct runner","menu_event_logs","","","","start """" perfmon /rel & goto menu_event_logs"
"menu_event_logs","10","Label","GUI submenu/CMD label","issue_boot_perf","","","",""
"menu_event_logs","11","Label","GUI submenu/CMD label","issue_complete_report","","","",""
"menu_event_logs","12","Inline","GUI direct runner","menu_event_logs","","","","explorer ""%LOGROOT%"" & goto menu_event_logs"
"menu_quick_access","P","Label","GUI submenu/CMD label","problem_master_hub","","","",""
"menu_quick_access","01","Label","GUI submenu/CMD label","quicktools","","","",""
"menu_quick_access","1","Label","GUI submenu/CMD label","quicktools","","","",""
"menu_quick_access","02","Label","GUI submenu/CMD label","smartfix","","","",""
"menu_quick_access","2","Label","GUI submenu/CMD label","smartfix","","","",""
"menu_quick_access","03","Label","GUI submenu/CMD label","issue_library","","","",""
"menu_quick_access","3","Label","GUI submenu/CMD label","issue_library","","","",""
"menu_quick_access","04","Label","GUI submenu/CMD label","sysreport","","","",""
"menu_quick_access","4","Label","GUI submenu/CMD label","sysreport","","","",""
"menu_quick_access","05","Label","GUI submenu/CMD label","health_dashboard","","","",""
"menu_quick_access","5","Label","GUI submenu/CMD label","health_dashboard","","","",""
"menu_quick_access","06","Label","GUI submenu/CMD label","toolkit_utilities","","","",""
"menu_quick_access","6","Label","GUI submenu/CMD label","toolkit_utilities","","","",""
"menu_quick_access","07","Label","GUI submenu/CMD label","create_restore_point","","","",""
"menu_quick_access","7","Label","GUI submenu/CMD label","create_restore_point","","","",""
"menu_quick_access","08","Label","GUI submenu/CMD label","open_log_center","","","",""
"menu_quick_access","8","Label","GUI submenu/CMD label","open_log_center","","","",""
"menu_quick_access","09","Inline","GUI direct runner","menu_quick_access","","","","start """" control & pause & goto menu_quick_access"
"menu_quick_access","9","Inline","GUI direct runner","menu_quick_access","","","","start """" control & goto menu_quick_access"
"menu_quick_access","10","Inline","GUI direct runner","menu_quick_access","","","","start """" ms-settings: & pause & goto menu_quick_access"
"menu_quick_access","11","Inline","GUI direct runner","menu_quick_access","","","","start """" devmgmt.msc & pause & goto menu_quick_access"
"menu_quick_access","12","Inline","GUI direct runner","menu_quick_access","","","","start """" taskmgr & pause & goto menu_quick_access"
"menu_power_user_dev","P","Label","GUI submenu/CMD label","problem_master_hub","","","",""
"menu_power_user_dev","01","Label","GUI submenu/CMD label","hyperv_wsl","","","",""
"menu_power_user_dev","1","Label","GUI submenu/CMD label","hyperv_wsl","","","",""
"menu_power_user_dev","02","Inline","GUI direct runner","menu_power_user_dev","","","","start """" cmd.exe & pause & goto menu_power_user_dev"
"menu_power_user_dev","2","Inline","GUI direct runner","menu_power_user_dev","","","","start """" cmd.exe & goto menu_power_user_dev"
"menu_power_user_dev","03","Inline","GUI direct runner","menu_power_user_dev","","","","start """" powershell.exe & pause & goto menu_power_user_dev"
"menu_power_user_dev","3","Inline","GUI direct runner","menu_power_user_dev","","","","start """" powershell.exe & goto menu_power_user_dev"
"menu_power_user_dev","04","Label","GUI submenu/CMD label","env_vars","","","",""
"menu_power_user_dev","4","Label","GUI submenu/CMD label","env_vars","","","",""
"menu_power_user_dev","05","Label","GUI submenu/CMD label","sched_tasks","","","",""
"menu_power_user_dev","5","Label","GUI submenu/CMD label","sched_tasks","","","",""
"menu_power_user_dev","06","Inline","GUI direct runner","menu_power_user_dev","","","","start """" services.msc & pause & goto menu_power_user_dev"
"menu_power_user_dev","6","Inline","GUI direct runner","menu_power_user_dev","","","","start """" services.msc & goto menu_power_user_dev"
"menu_power_user_dev","07","Inline","GUI direct runner","menu_power_user_dev","","","","start """" eventvwr.msc & pause & goto menu_power_user_dev"
"menu_power_user_dev","7","Inline","GUI direct runner","menu_power_user_dev","","","","start """" eventvwr.msc & goto menu_power_user_dev"
"menu_power_user_dev","08","Inline","GUI direct runner","menu_power_user_dev","","","","start """" regedit & pause & goto menu_power_user_dev"
"menu_power_user_dev","8","Inline","GUI direct runner","menu_power_user_dev","","","","start """" regedit & goto menu_power_user_dev"
"menu_power_user_dev","09","Label","GUI submenu/CMD label","winget_installer","","","",""
"menu_power_user_dev","9","Label","GUI submenu/CMD label","winget_installer","","","",""
"menu_power_user_dev","10","Inline","GUI direct runner","menu_power_user_dev","","","","start """" optionalfeatures & pause & goto menu_power_user_dev"
"menu_power_user_dev","11","Inline","GUI direct runner","menu_power_user_dev","","","","start """" ms-settings:developers & pause & goto menu_power_user_dev"
"menu_power_user_dev","12","Inline","GUI direct runner","menu_power_user_dev","","","","start """" msinfo32 & pause & goto menu_power_user_dev"
"menu_ai_auto_fix","P","Label","GUI submenu/CMD label","problem_master_hub","","","",""
"menu_ai_auto_fix","01","Label","GUI submenu/CMD label","smartfix","","","",""
"menu_ai_auto_fix","1","Label","GUI submenu/CMD label","smartfix","","","",""
"menu_ai_auto_fix","02","Label","GUI submenu/CMD label","issue_library","","","",""
"menu_ai_auto_fix","2","Label","GUI submenu/CMD label","issue_library","","","",""
"menu_ai_auto_fix","03","Label","GUI submenu/CMD label","create_restore_point","","","",""
"menu_ai_auto_fix","3","Label","GUI submenu/CMD label","create_restore_point","","","",""
"menu_ai_auto_fix","04","Label","GUI submenu/CMD label","menu_auto_network","","","",""
"menu_ai_auto_fix","4","Label","GUI submenu/CMD label","menu_auto_network","","","",""
"menu_ai_auto_fix","05","Label","GUI submenu/CMD label","menu_auto_performance","","","",""
"menu_ai_auto_fix","5","Label","GUI submenu/CMD label","menu_auto_performance","","","",""
"menu_ai_auto_fix","06","Label","GUI submenu/CMD label","one_click_repair","","","",""
"menu_ai_auto_fix","6","Label","GUI submenu/CMD label","one_click_repair","","","",""
"menu_ai_auto_fix","07","Label","GUI submenu/CMD label","issue_printer_pro","","","",""
"menu_ai_auto_fix","7","Label","GUI submenu/CMD label","issue_printer_pro","","","",""
"menu_ai_auto_fix","08","Label","GUI submenu/CMD label","issue_browser_cloud","","","",""
"menu_ai_auto_fix","8","Label","GUI submenu/CMD label","issue_browser_cloud","","","",""
"menu_ai_auto_fix","09","Label","GUI submenu/CMD label","issue_security_privacy","","","",""
"menu_ai_auto_fix","9","Label","GUI submenu/CMD label","issue_security_privacy","","","",""
"menu_ai_auto_fix","10","Label","GUI submenu/CMD label","issue_deep_diagnostics","","","",""
"menu_ai_auto_fix","11","Label","GUI submenu/CMD label","quick_health_report","","","",""
"menu_ai_auto_fix","12","Label","GUI submenu/CMD label","sysreport","","","",""
"menu_ai_auto_fix","13","Label","GUI submenu/CMD label","windows_ai_controls","","","",""
"menu_auto_performance","P","Label","GUI submenu/CMD label","problem_master_hub","","","",""
"menu_auto_performance","01","Label","GUI submenu/CMD label","speed_booster","","","",""
"menu_auto_performance","1","Label","GUI submenu/CMD label","speed_booster","","","",""
"menu_auto_performance","02","Label","GUI submenu/CMD label","sys_cleanup","","","",""
"menu_auto_performance","2","Label","GUI submenu/CMD label","sys_cleanup","","","",""
"menu_auto_performance","03","Label","GUI submenu/CMD label","ram_optimizer","","","",""
"menu_auto_performance","3","Label","GUI submenu/CMD label","ram_optimizer","","","",""
"menu_auto_performance","04","Label","GUI submenu/CMD label","visual_effects","","","",""
"menu_auto_performance","4","Label","GUI submenu/CMD label","visual_effects","","","",""
"menu_auto_performance","05","Label","GUI submenu/CMD label","startup_mgr","","","",""
"menu_auto_performance","5","Label","GUI submenu/CMD label","startup_mgr","","","",""
"menu_auto_performance","06","Label","GUI submenu/CMD label","win_indexing","","","",""
"menu_auto_performance","6","Label","GUI submenu/CMD label","win_indexing","","","",""
"menu_auto_performance","07","Label","GUI submenu/CMD label","disk_defrag","","","",""
"menu_auto_performance","7","Label","GUI submenu/CMD label","disk_defrag","","","",""
"menu_auto_performance","08","Label","GUI submenu/CMD label","power_mgmt","","","",""
"menu_auto_performance","8","Label","GUI submenu/CMD label","power_mgmt","","","",""
"menu_auto_performance","09","Label","GUI submenu/CMD label","issue_energy_report","","","",""
"menu_auto_performance","9","Label","GUI submenu/CMD label","issue_energy_report","","","",""
"menu_auto_performance","10","Label","GUI submenu/CMD label","issue_boot_perf","","","",""
"menu_auto_performance","11","Label","GUI submenu/CMD label","menu_live_monitor","","","",""
"menu_auto_performance","12","Label","GUI submenu/CMD label","quick_health_report","","","",""
"menu_auto_performance","13","Label","GUI submenu/CMD label","performance_minimum_boost","","","",""
"menu_auto_performance","14","Label","GUI submenu/CMD label","performance_boost_restore","","","",""
"windows_ai_controls","P","Label","GUI submenu/CMD label","problem_master_hub","","","",""
"windows_ai_controls","01","Label","GUI submenu/CMD label","windows_ai_status","","","",""
"windows_ai_controls","1","Label","GUI submenu/CMD label","windows_ai_status","","","",""
"windows_ai_controls","02","Label","GUI submenu/CMD label","windows_ai_disable_all","","","",""
"windows_ai_controls","2","Label","GUI submenu/CMD label","windows_ai_disable_all","","","",""
"windows_ai_controls","03","Label","GUI submenu/CMD label","windows_ai_enable_all","","","",""
"windows_ai_controls","3","Label","GUI submenu/CMD label","windows_ai_enable_all","","","",""
"windows_ai_controls","04","Label","GUI submenu/CMD label","windows_ai_disable_copilot","","","",""
"windows_ai_controls","4","Label","GUI submenu/CMD label","windows_ai_disable_copilot","","","",""
"windows_ai_controls","05","Label","GUI submenu/CMD label","windows_ai_enable_copilot","","","",""
"windows_ai_controls","5","Label","GUI submenu/CMD label","windows_ai_enable_copilot","","","",""
"windows_ai_controls","06","Label","GUI submenu/CMD label","windows_ai_disable_recall","","","",""
"windows_ai_controls","6","Label","GUI submenu/CMD label","windows_ai_disable_recall","","","",""
"windows_ai_controls","07","Label","GUI submenu/CMD label","windows_ai_enable_recall","","","",""
"windows_ai_controls","7","Label","GUI submenu/CMD label","windows_ai_enable_recall","","","",""
"windows_ai_controls","08","Label","GUI submenu/CMD label","windows_ai_disable_websearch","","","",""
"windows_ai_controls","8","Label","GUI submenu/CMD label","windows_ai_disable_websearch","","","",""
"windows_ai_controls","09","Label","GUI submenu/CMD label","windows_ai_enable_websearch","","","",""
"windows_ai_controls","9","Label","GUI submenu/CMD label","windows_ai_enable_websearch","","","",""
"windows_ai_controls","10","Label","GUI submenu/CMD label","windows_ai_disable_widgets","","","",""
"windows_ai_controls","11","Label","GUI submenu/CMD label","windows_ai_enable_widgets","","","",""
"windows_ai_controls","12","Label","GUI submenu/CMD label","windows_ai_disable_suggestions","","","",""
"windows_ai_controls","13","Label","GUI submenu/CMD label","windows_ai_enable_suggestions","","","",""
"windows_ai_controls","14","Inline","GUI direct runner","windows_ai_controls","","","","start """" ms-settings:privacy & start """" ms-settings:privacy-diagnosticsfeedback & goto windows_ai_controls"
"performance_minimum_boost","P","Label","GUI submenu/CMD label","problem_master_hub","","","",""
"performance_minimum_boost","01","Label","GUI submenu/CMD label","performance_minimum_boost_enable","","","",""
"performance_minimum_boost","1","Label","GUI submenu/CMD label","performance_minimum_boost_enable","","","",""
"performance_minimum_boost","02","Label","GUI submenu/CMD label","performance_boost_restore","","","",""
"performance_minimum_boost","2","Label","GUI submenu/CMD label","performance_boost_restore","","","",""
"performance_minimum_boost","03","Label","GUI submenu/CMD label","performance_boost_status","","","",""
"performance_minimum_boost","3","Label","GUI submenu/CMD label","performance_boost_status","","","",""
"menu_auto_network","P","Label","GUI submenu/CMD label","problem_master_hub","","","",""
"menu_auto_network","01","Label","GUI submenu/CMD label","smart_internet","","","",""
"menu_auto_network","1","Label","GUI submenu/CMD label","smart_internet","","","",""
"menu_auto_network","02","Label","GUI submenu/CMD label","issue_dns_full","","","",""
"menu_auto_network","2","Label","GUI submenu/CMD label","issue_dns_full","","","",""
"menu_auto_network","03","Label","GUI submenu/CMD label","issue_apipa_fix","","","",""
"menu_auto_network","3","Label","GUI submenu/CMD label","issue_apipa_fix","","","",""
"menu_auto_network","04","Label","GUI submenu/CMD label","issue_proxy_vpn","","","",""
"menu_auto_network","4","Label","GUI submenu/CMD label","issue_proxy_vpn","","","",""
"menu_auto_network","05","Label","GUI submenu/CMD label","issue_tcp_advanced","","","",""
"menu_auto_network","5","Label","GUI submenu/CMD label","issue_tcp_advanced","","","",""
"menu_auto_network","06","Label","GUI submenu/CMD label","issue_wifi_missing","","","",""
"menu_auto_network","6","Label","GUI submenu/CMD label","issue_wifi_missing","","","",""
"menu_auto_network","07","Label","GUI submenu/CMD label","issue_adapter_rebuild","","","",""
"menu_auto_network","7","Label","GUI submenu/CMD label","issue_adapter_rebuild","","","",""
"menu_auto_network","08","Label","GUI submenu/CMD label","issue_smb_nas","","","",""
"menu_auto_network","8","Label","GUI submenu/CMD label","issue_smb_nas","","","",""
"menu_auto_network","09","Label","GUI submenu/CMD label","issue_firewall_net_check","","","",""
"menu_auto_network","9","Label","GUI submenu/CMD label","issue_firewall_net_check","","","",""
"menu_auto_network","10","Label","GUI submenu/CMD label","issue_network_report","","","",""
"menu_auto_network","11","Label","GUI submenu/CMD label","net_diag","","","",""
"menu_auto_network","12","Label","GUI submenu/CMD label","net_advanced","","","",""
"menu_cloud_remote","P","Label","GUI submenu/CMD label","problem_master_hub","","","",""
"menu_cloud_remote","01","Label","GUI submenu/CMD label","issue_onedrive_reset","","","",""
"menu_cloud_remote","1","Label","GUI submenu/CMD label","issue_onedrive_reset","","","",""
"menu_cloud_remote","02","Inline","GUI direct runner","menu_cloud_remote","","","","start """" ms-settings:sync & pause & goto menu_cloud_remote"
"menu_cloud_remote","2","Inline","GUI direct runner","menu_cloud_remote","","","","start """" ms-settings:sync & goto menu_cloud_remote"
"menu_cloud_remote","03","Label","GUI submenu/CMD label","rdp_tools","","","",""
"menu_cloud_remote","3","Label","GUI submenu/CMD label","rdp_tools","","","",""
"menu_cloud_remote","04","Inline","GUI direct runner","menu_cloud_remote","","","","start """" ms-settings:remotedesktop & pause & goto menu_cloud_remote"
"menu_cloud_remote","4","Inline","GUI direct runner","menu_cloud_remote","","","","start """" ms-settings:remotedesktop & goto menu_cloud_remote"
"menu_cloud_remote","05","Label","GUI submenu/CMD label","vpn_proxy","","","",""
"menu_cloud_remote","5","Label","GUI submenu/CMD label","vpn_proxy","","","",""
"menu_cloud_remote","06","Label","GUI submenu/CMD label","net_shares","","","",""
"menu_cloud_remote","6","Label","GUI submenu/CMD label","net_shares","","","",""
"menu_cloud_remote","07","Inline","GUI direct runner","menu_cloud_remote","","","","control /name Microsoft.CredentialManager & pause & goto menu_cloud_remote"
"menu_cloud_remote","7","Inline","GUI direct runner","menu_cloud_remote","","","","control /name Microsoft.CredentialManager & goto menu_cloud_remote"
"menu_cloud_remote","08","Label","GUI submenu/CMD label","issue_smb_nas","","","",""
"menu_cloud_remote","8","Label","GUI submenu/CMD label","issue_smb_nas","","","",""
"menu_cloud_remote","09","Inline","GUI direct runner","menu_cloud_remote","","","","start """" ms-settings:emailandaccounts & pause & goto menu_cloud_remote"
"menu_cloud_remote","9","Inline","GUI direct runner","menu_cloud_remote","","","","start """" ms-settings:emailandaccounts & goto menu_cloud_remote"
"menu_cloud_remote","10","Inline","GUI direct runner","menu_cloud_remote","","","","start """" ms-settings:workplace & pause & goto menu_cloud_remote"
"menu_cloud_remote","11","Inline","GUI direct runner","menu_cloud_remote","","","","start """" ms-settings:sync & pause & goto menu_cloud_remote"
"menu_cloud_remote","12","Label","GUI submenu/CMD label","issue_browser_cloud","","","",""
"menu_download_deploy","P","Label","GUI submenu/CMD label","problem_master_hub","","","",""
"menu_download_deploy","01","Label","GUI submenu/CMD label","os_download","","","",""
"menu_download_deploy","1","Label","GUI submenu/CMD label","os_download","","","",""
"menu_download_deploy","02","Label","GUI submenu/CMD label","office_download","","","",""
"menu_download_deploy","2","Label","GUI submenu/CMD label","office_download","","","",""
"menu_download_deploy","03","Label","GUI submenu/CMD label","winget_installer","","","",""
"menu_download_deploy","3","Label","GUI submenu/CMD label","winget_installer","","","",""
"menu_download_deploy","04","Label","GUI submenu/CMD label","menu_mass_installer","","","",""
"menu_download_deploy","4","Label","GUI submenu/CMD label","menu_mass_installer","","","",""
"menu_download_deploy","05","Label","GUI submenu/CMD label","driver_tools","","","",""
"menu_download_deploy","5","Label","GUI submenu/CMD label","driver_tools","","","",""
"menu_download_deploy","06","Inline","GUI direct runner","menu_download_deploy","","","","start """" optionalfeatures & pause & goto menu_download_deploy"
"menu_download_deploy","6","Inline","GUI direct runner","menu_download_deploy","","","","start """" optionalfeatures & goto menu_download_deploy"
"menu_download_deploy","07","Inline","GUI direct runner","issue_winget_health","","","","set ""WINGET_HEALTH_RETURN=menu_download_deploy"" & goto issue_winget_health"
"menu_download_deploy","7","Inline","GUI direct runner","issue_winget_health","","","","set ""WINGET_HEALTH_RETURN=menu_download_deploy"" & goto issue_winget_health"
"menu_download_deploy","08","Label","GUI submenu/CMD label","issue_apps_inventory","","","",""
"menu_download_deploy","8","Label","GUI submenu/CMD label","issue_apps_inventory","","","",""
"menu_download_deploy","09","Inline","GUI direct runner","menu_download_deploy","","","","start """" ms-settings:windowsupdate & pause & goto menu_download_deploy"
"menu_download_deploy","9","Inline","GUI direct runner","menu_download_deploy","","","","start """" ms-settings:windowsupdate & goto menu_download_deploy"
"menu_download_deploy","10","Label","GUI submenu/CMD label","issue_store_repair","","","",""
"menu_download_deploy","11","Label","GUI submenu/CMD label","menu_power_user_dev","","","",""
"menu_download_deploy","12","Inline","GUI direct runner","menu_download_deploy","","","","explorer ""%USERPROFILE%\Downloads"" & pause & goto menu_download_deploy"
"menu_download_deploy","13","Label","GUI submenu/CMD label","dotnet_download_install","","","",""
"dotnet_download_install","1","Inline","GUI embedded Toolkit helper runner","dotnet_download_install","winget_install_id","Microsoft.DotNet.DesktopRuntime.8","","call :winget_install_id Microsoft.DotNet.DesktopRuntime.8 & pause & goto dotnet_download_install"
"dotnet_download_install","2","Inline","GUI embedded Toolkit helper runner","dotnet_download_install","winget_install_id","Microsoft.DotNet.SDK.8","","call :winget_install_id Microsoft.DotNet.SDK.8 & pause & goto dotnet_download_install"
"dotnet_download_install","3","Inline","GUI embedded Toolkit helper runner","dotnet_download_install","winget_install_id","Microsoft.DotNet.AspNetCore.8","","call :winget_install_id Microsoft.DotNet.AspNetCore.8 & pause & goto dotnet_download_install"
"dotnet_download_install","4","Inline","GUI embedded Toolkit helper runner","dotnet_download_install","winget_install_id","Microsoft.DotNet.DesktopRuntime.10","","call :winget_install_id Microsoft.DotNet.DesktopRuntime.10 & pause & goto dotnet_download_install"
"dotnet_download_install","5","Inline","GUI embedded Toolkit helper runner","dotnet_download_install","winget_install_id","Microsoft.DotNet.SDK.10","","call :winget_install_id Microsoft.DotNet.SDK.10 & pause & goto dotnet_download_install"
"dotnet_download_install","6","Inline","GUI embedded Toolkit helper runner","dotnet_download_install","winget_install_id","Microsoft.DotNet.AspNetCore.10","","call :winget_install_id Microsoft.DotNet.AspNetCore.10 & pause & goto dotnet_download_install"
"dotnet_download_install","7","Label","GUI submenu/CMD label","dotnet_custom_install","","","",""
"dotnet_download_install","8","Inline","GUI direct runner","dotnet_download_install","","","","start """" ""https://dotnet.microsoft.com/download/dotnet"" & pause & goto dotnet_download_install"
"menu_cyber_security","P","Label","GUI submenu/CMD label","problem_master_hub","","","",""
"menu_cyber_security","01","Label","GUI submenu/CMD label","issue_security_privacy","","","",""
"menu_cyber_security","1","Label","GUI submenu/CMD label","issue_security_privacy","","","",""
"menu_cyber_security","02","Inline","GUI direct runner","menu_cyber_security","","","","start """" windowsdefender: & pause & goto menu_cyber_security"
"menu_cyber_security","2","Inline","GUI direct runner","menu_cyber_security","","","","start """" windowsdefender: & goto menu_cyber_security"
"menu_cyber_security","03","Inline","GUI direct runner","menu_cyber_security","","","","powershell -NoProfile -Command ""Start-MpScan -ScanType QuickScan"" & pause & goto menu_cyber_security"
"menu_cyber_security","3","Inline","GUI direct runner","menu_cyber_security","","","","powershell -NoProfile -Command ""Start-MpScan -ScanType QuickScan"" & pause & goto menu_cyber_security"
"menu_cyber_security","04","Inline","GUI direct runner","menu_cyber_security","","","","powershell -NoProfile -Command ""Start-MpScan -ScanType FullScan"" & pause & goto menu_cyber_security"
"menu_cyber_security","4","Inline","GUI direct runner","menu_cyber_security","","","","powershell -NoProfile -Command ""Start-MpScan -ScanType FullScan"" & pause & goto menu_cyber_security"
"menu_cyber_security","05","Label","GUI submenu/CMD label","issue_defender_offline","","","",""
"menu_cyber_security","5","Label","GUI submenu/CMD label","issue_defender_offline","","","",""
"menu_cyber_security","06","Label","GUI submenu/CMD label","issue_firewall_reset","","","",""
"menu_cyber_security","6","Label","GUI submenu/CMD label","issue_firewall_reset","","","",""
"menu_cyber_security","07","Label","GUI submenu/CMD label","net_security","","","",""
"menu_cyber_security","7","Label","GUI submenu/CMD label","net_security","","","",""
"menu_cyber_security","08","Label","GUI submenu/CMD label","usb_security","","","",""
"menu_cyber_security","8","Label","GUI submenu/CMD label","usb_security","","","",""
"menu_cyber_security","09","Inline","GUI direct runner","menu_cyber_security","","","","manage-bde -status & pause & goto menu_cyber_security"
"menu_cyber_security","9","Inline","GUI direct runner","menu_cyber_security","","","","manage-bde -status & pause & goto menu_cyber_security"
"menu_cyber_security","10","Label","GUI submenu/CMD label","issue_security_events","","","",""
"menu_cyber_security","11","Inline","GUI direct runner","menu_cyber_security","","","","control /name Microsoft.CredentialManager & pause & goto menu_cyber_security"
"menu_cyber_security","12","Inline","GUI direct runner","menu_cyber_security","","","","start """" ms-settings:privacy & pause & goto menu_cyber_security"
"menu_cyber_security","13","Label","GUI submenu/CMD label","cyber_pc_guard","","","",""
"cyber_pc_guard","P","Label","GUI submenu/CMD label","problem_master_hub","","","",""
"cyber_pc_guard","01","Label","GUI submenu/CMD label","cyber_pc_guard_health","","","",""
"cyber_pc_guard","1","Label","GUI submenu/CMD label","cyber_pc_guard_health","","","",""
"cyber_pc_guard","02","Label","GUI submenu/CMD label","cyber_pc_guard_defender","","","",""
"cyber_pc_guard","2","Label","GUI submenu/CMD label","cyber_pc_guard_defender","","","",""
"cyber_pc_guard","03","Label","GUI submenu/CMD label","cyber_pc_guard_firewall","","","",""
"cyber_pc_guard","3","Label","GUI submenu/CMD label","cyber_pc_guard_firewall","","","",""
"cyber_pc_guard","04","Label","GUI submenu/CMD label","cyber_pc_guard_ports","","","",""
"cyber_pc_guard","4","Label","GUI submenu/CMD label","cyber_pc_guard_ports","","","",""
"cyber_pc_guard","05","Label","GUI submenu/CMD label","cyber_pc_guard_connections","","","",""
"cyber_pc_guard","5","Label","GUI submenu/CMD label","cyber_pc_guard_connections","","","",""
"cyber_pc_guard","06","Label","GUI submenu/CMD label","cyber_pc_guard_failed_logins","","","",""
"cyber_pc_guard","6","Label","GUI submenu/CMD label","cyber_pc_guard_failed_logins","","","",""
"cyber_pc_guard","07","Label","GUI submenu/CMD label","cyber_pc_guard_success_logins","","","",""
"cyber_pc_guard","7","Label","GUI submenu/CMD label","cyber_pc_guard_success_logins","","","",""
"cyber_pc_guard","08","Label","GUI submenu/CMD label","cyber_pc_guard_accounts","","","",""
"cyber_pc_guard","8","Label","GUI submenu/CMD label","cyber_pc_guard_accounts","","","",""
"cyber_pc_guard","09","Label","GUI submenu/CMD label","cyber_pc_guard_rdp","","","",""
"cyber_pc_guard","9","Label","GUI submenu/CMD label","cyber_pc_guard_rdp","","","",""
"cyber_pc_guard","10","Label","GUI submenu/CMD label","cyber_pc_guard_startup","","","",""
"cyber_pc_guard","11","Label","GUI submenu/CMD label","cyber_pc_guard_tamper","","","",""
"cyber_pc_guard","12","Label","GUI submenu/CMD label","cyber_pc_guard_safe_ping","","","",""
"cyber_pc_guard","13","Label","GUI submenu/CMD label","cyber_pc_guard_smb","","","",""
"cyber_pc_guard","14","Label","GUI submenu/CMD label","cyber_pc_guard_browser","","","",""
"cyber_pc_guard","15","Label","GUI submenu/CMD label","cyber_pc_guard_bitlocker","","","",""
"cyber_pc_guard","16","Label","GUI submenu/CMD label","cyber_pc_guard_harden","","","",""
"cyber_pc_guard","17","Label","GUI submenu/CMD label","cyber_pc_guard_export","","","",""
"cyber_pc_guard","18","Inline","GUI direct runner","cyber_pc_guard","","","","if not exist ""%LOGROOT%"" mkdir ""%LOGROOT%"" >nul 2>&1 & explorer ""%LOGROOT%"" & goto cyber_pc_guard"
"menu_mass_installer","P","Label","GUI submenu/CMD label","problem_master_hub","","","",""
"menu_mass_installer","01","Label","GUI submenu/CMD label","winget_installer","","","",""
"menu_mass_installer","1","Label","GUI submenu/CMD label","winget_installer","","","",""
"menu_mass_installer","02","Label","GUI submenu/CMD label","winget_search_install","","","",""
"menu_mass_installer","2","Label","GUI submenu/CMD label","winget_search_install","","","",""
"menu_mass_installer","03","Inline","GUI embedded Toolkit helper runner","menu_mass_installer","winget_upgrade_all","","","call :winget_upgrade_all & pause & goto menu_mass_installer"
"menu_mass_installer","3","Inline","GUI embedded Toolkit helper runner","menu_mass_installer","winget_upgrade_all","","","call :winget_upgrade_all & pause & goto menu_mass_installer"
"menu_mass_installer","04","Inline","GUI embedded Toolkit helper runner","menu_mass_installer","winget_list_installed","","","call :winget_list_installed & pause & goto menu_mass_installer"
"menu_mass_installer","4","Inline","GUI embedded Toolkit helper runner","menu_mass_installer","winget_list_installed","","","call :winget_list_installed & pause & goto menu_mass_installer"
"menu_mass_installer","05","Inline","GUI direct runner","install_browsers_pack","","","","set ""PACK_RETURN=menu_mass_installer"" & goto install_browsers_pack"
"menu_mass_installer","5","Inline","GUI direct runner","install_browsers_pack","","","","set ""PACK_RETURN=menu_mass_installer"" & goto install_browsers_pack"
"menu_mass_installer","06","Inline","GUI direct runner","install_runtime_pack","","","","set ""PACK_RETURN=menu_mass_installer"" & goto install_runtime_pack"
"menu_mass_installer","6","Inline","GUI direct runner","install_runtime_pack","","","","set ""PACK_RETURN=menu_mass_installer"" & goto install_runtime_pack"
"menu_mass_installer","07","Inline","GUI direct runner","install_utility_pack","","","","set ""PACK_RETURN=menu_mass_installer"" & goto install_utility_pack"
"menu_mass_installer","7","Inline","GUI direct runner","install_utility_pack","","","","set ""PACK_RETURN=menu_mass_installer"" & goto install_utility_pack"
"menu_mass_installer","08","Inline","GUI direct runner","install_dev_pack","","","","set ""PACK_RETURN=menu_mass_installer"" & goto install_dev_pack"
"menu_mass_installer","8","Inline","GUI direct runner","install_dev_pack","","","","set ""PACK_RETURN=menu_mass_installer"" & goto install_dev_pack"
"menu_mass_installer","09","Label","GUI submenu/CMD label","issue_store_repair","","","",""
"menu_mass_installer","9","Label","GUI submenu/CMD label","issue_store_repair","","","",""
"menu_mass_installer","10","Inline","GUI embedded Toolkit helper runner","menu_mass_installer","repair_app_installer","","","call :repair_app_installer & pause & goto menu_mass_installer"
"menu_mass_installer","11","Label","GUI submenu/CMD label","issue_apps_inventory","","","",""
"menu_mass_installer","12","Inline","GUI direct runner","menu_download_deploy","","","","set ""DOWNLOAD_RETURN=menu_mass_installer"" & goto menu_download_deploy"
"menu_mass_installer","13","Inline","GUI embedded Toolkit helper runner","menu_mass_installer","winget_health","","","call :winget_health & pause & goto menu_mass_installer"
"menu_mass_installer","14","Inline","GUI direct runner","install_communication_pack","","","","set ""PACK_RETURN=menu_mass_installer"" & goto install_communication_pack"
"menu_mass_installer","15","Inline","GUI direct runner","install_remote_pack","","","","set ""PACK_RETURN=menu_mass_installer"" & goto install_remote_pack"
"menu_mass_installer","16","Inline","GUI direct runner","install_media_pack","","","","set ""PACK_RETURN=menu_mass_installer"" & goto install_media_pack"
"menu_mass_installer","17","Inline","GUI direct runner","install_security_pack","","","","set ""PACK_RETURN=menu_mass_installer"" & goto install_security_pack"
"menu_mass_installer","18","Inline","GUI direct runner","install_office_pack","","","","set ""PACK_RETURN=menu_mass_installer"" & goto install_office_pack"
"menu_mass_installer","19","Inline","GUI direct runner","winget_custom_batch","","","","set ""PACK_RETURN=menu_mass_installer"" & goto winget_custom_batch"
"menu_mass_installer","20","Inline","GUI direct runner","winget_category_packs","","","","set ""CATEGORY_RETURN=menu_mass_installer"" & goto winget_category_packs"
"menu_hacker_dashboard","P","Label","GUI submenu/CMD label","problem_master_hub","","","",""
"menu_hacker_dashboard","01","Label","GUI submenu/CMD label","hacker_snapshot","","","",""
"menu_hacker_dashboard","1","Label","GUI submenu/CMD label","hacker_snapshot","","","",""
"menu_hacker_dashboard","02","Inline","GUI direct runner","menu_hacker_dashboard","","","","netstat -ano & pause & goto menu_hacker_dashboard"
"menu_hacker_dashboard","2","Inline","GUI direct runner","menu_hacker_dashboard","","","","netstat -ano & pause & goto menu_hacker_dashboard"
"menu_hacker_dashboard","03","Inline","GUI direct runner","menu_hacker_dashboard","","","","tasklist & pause & goto menu_hacker_dashboard"
"menu_hacker_dashboard","3","Inline","GUI direct runner","menu_hacker_dashboard","","","","tasklist & pause & goto menu_hacker_dashboard"
"menu_hacker_dashboard","04","Inline","GUI direct runner","","","","","ping 8.8.8.8 -t"
"menu_hacker_dashboard","4","Inline","GUI direct runner","","","","","ping 8.8.8.8 -t"
"menu_hacker_dashboard","05","Inline","GUI direct runner","menu_hacker_dashboard","","","","netsh advfirewall show allprofiles state & powershell -NoProfile -Command ""Get-MpComputerStatus | Select AntivirusEnabled,RealTimeProtectionEnabled"" & pause & goto menu_hacker_dashboard"
"menu_hacker_dashboard","5","Inline","GUI direct runner","menu_hacker_dashboard","","","","netsh advfirewall show allprofiles state & powershell -NoProfile -Command ""Get-MpComputerStatus | Select AntivirusEnabled,RealTimeProtectionEnabled"" & pause & goto menu_hacker_dashboard"
"menu_hacker_dashboard","06","Inline","GUI embedded Toolkit helper runner","menu_hacker_dashboard","ps_logical_disks","","","call :ps_logical_disks & powershell -NoProfile -Command ""Get-CimInstance Win32_OperatingSystem | Select @{n='FreeRAMGB';e={[math]::Round($_.FreePhysicalMemory/1MB,2)}} "" & pause & goto menu_hacker_dashboard"
"menu_hacker_dashboard","6","Inline","GUI embedded Toolkit helper runner","menu_hacker_dashboard","ps_logical_disks","","","call :ps_logical_disks & powershell -NoProfile -Command ""Get-CimInstance Win32_OperatingSystem | Select @{n='FreeRAMGB';e={[math]::Round($_.FreePhysicalMemory/1MB,2)}} "" & pause & goto menu_hacker_dashboard"
"menu_hacker_dashboard","07","Inline","GUI direct runner","menu_hacker_dashboard","","","","powershell -NoProfile -Command ""Get-WinEvent -LogName System -MaxEvents 20 | Where-Object {$_.Level -le 2} | Select TimeCreated,Id,ProviderName | Format-Table -AutoSize"" & pause & goto menu_hacker_dashboard"
"menu_hacker_dashboard","7","Inline","GUI direct runner","menu_hacker_dashboard","","","","powershell -NoProfile -Command ""Get-WinEvent -LogName System -MaxEvents 20 | Where-Object {$_.Level -le 2} | Select TimeCreated,Id,ProviderName | Format-Table -AutoSize"" & pause & goto menu_hacker_dashboard"
"menu_hacker_dashboard","08","Inline","GUI direct runner","menu_hacker_dashboard","","","","netsh interface show interface & ipconfig ^| findstr /i ""IPv4 Gateway"" & pause & goto menu_hacker_dashboard"
"menu_hacker_dashboard","8","Inline","GUI direct runner","menu_hacker_dashboard","","","","netsh interface show interface & ipconfig ^| findstr /i ""IPv4 Gateway"" & pause & goto menu_hacker_dashboard"
"menu_hacker_dashboard","09","Inline","GUI direct runner","menu_hacker_dashboard","","","","start """" taskmgr & pause & goto menu_hacker_dashboard"
"menu_hacker_dashboard","9","Inline","GUI direct runner","menu_hacker_dashboard","","","","start """" taskmgr & goto menu_hacker_dashboard"
"menu_hacker_dashboard","10","Inline","GUI direct runner","menu_hacker_dashboard","","","","start """" resmon & pause & goto menu_hacker_dashboard"
"menu_hacker_dashboard","11","Label","GUI submenu/CMD label","health_dashboard","","","",""
"menu_hacker_dashboard","12","Label","GUI submenu/CMD label","main","","","",""
"menu_settings_themes","P","Label","GUI submenu/CMD label","problem_master_hub","","","",""
"menu_settings_themes","01","Label","GUI submenu/CMD label","change_color_theme","","","",""
"menu_settings_themes","1","Label","GUI submenu/CMD label","change_color_theme","","","",""
"menu_settings_themes","02","Label","GUI submenu/CMD label","open_log_center","","","",""
"menu_settings_themes","2","Label","GUI submenu/CMD label","open_log_center","","","",""
"menu_settings_themes","03","Label","GUI submenu/CMD label","toolkit_utilities","","","",""
"menu_settings_themes","3","Label","GUI submenu/CMD label","toolkit_utilities","","","",""
"menu_settings_themes","04","Label","GUI submenu/CMD label","toolkit_checksum","","","",""
"menu_settings_themes","4","Label","GUI submenu/CMD label","toolkit_checksum","","","",""
"menu_settings_themes","05","Label","GUI submenu/CMD label","backup_toolkit_file","","","",""
"menu_settings_themes","5","Label","GUI submenu/CMD label","backup_toolkit_file","","","",""
"menu_settings_themes","06","Label","GUI submenu/CMD label","open_legacy_backup","","","",""
"menu_settings_themes","6","Label","GUI submenu/CMD label","open_legacy_backup","","","",""
"menu_settings_themes","07","Label","GUI submenu/CMD label","about_wow","","","",""
"menu_settings_themes","7","Label","GUI submenu/CMD label","about_wow","","","",""
"menu_settings_themes","08","Label","GUI submenu/CMD label","check_core_tools","","","",""
"menu_settings_themes","8","Label","GUI submenu/CMD label","check_core_tools","","","",""
"menu_settings_themes","09","Inline","GUI direct runner","menu_settings_themes","","","","color 0B & goto menu_settings_themes"
"menu_settings_themes","9","Inline","GUI direct runner","menu_settings_themes","","","","color 0B & goto menu_settings_themes"
"menu_settings_themes","10","Inline","GUI direct runner","menu_settings_themes","","","","color 0A & goto menu_settings_themes"
"menu_settings_themes","11","Inline","GUI direct runner","menu_hacker_dashboard","","","","color 0A & goto menu_hacker_dashboard"
"menu_settings_themes","12","Inline","GUI direct runner","menu_settings_themes","","","","color 0F & goto menu_settings_themes"
"change_color_theme","P","Label","GUI submenu/CMD label","problem_master_hub","","","",""
"change_color_theme","01","Inline","GUI direct runner","go_back","","","","color 0B & goto go_back"
"change_color_theme","1","Inline","GUI direct runner","go_back","","","","color 0B & goto go_back"
"change_color_theme","02","Inline","GUI direct runner","go_back","","","","color 0A & goto go_back"
"change_color_theme","2","Inline","GUI direct runner","go_back","","","","color 0A & goto go_back"
"change_color_theme","03","Inline","GUI direct runner","go_back","","","","color 0E & goto go_back"
"change_color_theme","3","Inline","GUI direct runner","go_back","","","","color 0E & goto go_back"
"change_color_theme","04","Inline","GUI direct runner","go_back","","","","color 0C & goto go_back"
"change_color_theme","4","Inline","GUI direct runner","go_back","","","","color 0C & goto go_back"
"change_color_theme","05","Inline","GUI direct runner","go_back","","","","color 0F & goto go_back"
"change_color_theme","5","Inline","GUI direct runner","go_back","","","","color 0F & goto go_back"
"cat_system","P","Label","GUI submenu/CMD label","problem_master_hub","","","",""
"cat_system","1","Label","GUI submenu/CMD label","system_tools","","","",""
"cat_system","2","Label","GUI submenu/CMD label","hardware_health","","","",""
"cat_system","3","Label","GUI submenu/CMD label","bios_boot","","","",""
"cat_system","4","Label","GUI submenu/CMD label","storage","","","",""
"cat_system","5","Label","GUI submenu/CMD label","device_driver","","","",""
"cat_system","6","Label","GUI submenu/CMD label","display_audio","","","",""
"cat_system","7","Label","GUI submenu/CMD label","power_mgmt","","","",""
"cat_system","8","Label","GUI submenu/CMD label","task_process","","","",""
"cat_system","9","Label","GUI submenu/CMD label","startup_mgr","","","",""
"system_tools","P","Label","GUI submenu/CMD label","problem_master_hub","","","",""
"system_tools","1","Inline","GUI direct runner","system_tools","","","","start """" msconfig & goto system_tools"
"system_tools","2","Inline","GUI direct runner","system_tools","","","","start """" services.msc & goto system_tools"
"system_tools","3","Inline","GUI direct runner","system_tools","","","","start """" eventvwr.msc & goto system_tools"
"system_tools","4","Inline","GUI direct runner","system_tools","","","","start """" devmgmt.msc & goto system_tools"
"system_tools","5","Inline","GUI direct runner","system_tools","","","","driverquery & pause & goto system_tools"
"system_tools","6","Inline","GUI direct runner","system_tools","","","","start """" msinfo32 & goto system_tools"
"system_tools","7","Inline","GUI direct runner","system_tools","","","","start """" taskmgr & goto system_tools"
"system_tools","8","Inline","GUI direct runner","system_tools","","","","start """" compmgmt.msc & goto system_tools"
"system_tools","9","Inline","GUI direct runner","system_tools","","","","start """" sysdm.cpl & goto system_tools"
"system_tools","10","Inline","GUI direct runner","system_tools","","","","start """" dxdiag & pause & goto system_tools"
"system_tools","11","Inline","GUI direct runner","system_tools","","","","start """" control & pause & goto system_tools"
"system_tools","12","Inline","GUI direct runner","system_tools","","","","start """" appwiz.cpl & pause & goto system_tools"
"system_tools","13","Inline","GUI direct runner","system_tools","","","","start """" resmon & pause & goto system_tools"
"system_tools","14","Inline","GUI direct runner","system_tools","","","","start """" perfmon & pause & goto system_tools"
"system_tools","15","Inline","GUI direct runner","system_tools","","","","start """" perfmon /rel & pause & goto system_tools"
"system_tools","16","Inline","GUI direct runner","system_tools","","","","start """" regedit & pause & goto system_tools"
"system_tools","17","Inline","GUI direct runner","system_tools","","","","start """" gpedit.msc & pause & goto system_tools"
"system_tools","18","Inline","GUI direct runner","system_tools","","","","start """" secpol.msc & pause & goto system_tools"
"system_tools","19","Inline","GUI direct runner","system_tools","","","","start """" UserAccountControlSettings & pause & goto system_tools"
"system_tools","20","Inline","GUI direct runner","system_tools","","","","start """" lusrmgr.msc & pause & goto system_tools"
"system_tools","21","Inline","GUI direct runner","system_tools","","","","start """" sysdm.cpl & pause & goto system_tools"
"system_tools","22","Inline","GUI direct runner","system_tools","","","","start """" optionalfeatures & pause & goto system_tools"
"system_tools","23","Inline","GUI direct runner","system_tools","","","","start """" taskschd.msc & pause & goto system_tools"
"system_tools","24","Inline","GUI direct runner","system_tools","","","","start """" dcomcnfg & pause & goto system_tools"
"system_tools","25","Inline","GUI direct runner","system_tools","","","","start """" diskmgmt.msc & pause & goto system_tools"
"hardware_health","P","Label","GUI submenu/CMD label","problem_master_hub","","","",""
"hardware_health","1","Inline","GUI direct runner","hardware_health","","","","start """" mdsched.exe & goto hardware_health"
"hardware_health","2","Inline","GUI embedded Toolkit helper runner","hardware_health","ps_disk_drives","","","call :ps_disk_drives & pause & goto hardware_health"
"hardware_health","3","Inline","GUI embedded Toolkit helper runner","hardware_health","ps_cpu_info","","","call :ps_cpu_info & pause & goto hardware_health"
"hardware_health","4","Inline","GUI embedded Toolkit helper runner","hardware_health","ps_gpu_info","","","call :ps_gpu_info & pause & goto hardware_health"
"hardware_health","5","Inline","GUI direct runner","hardware_health","","","","powercfg /batteryreport /output ""%USERPROFILE%\Desktop\BatteryReport.html"" & start """" ""%USERPROFILE%\Desktop\BatteryReport.html"" & goto hardware_health"
"hardware_health","6","Inline","GUI direct runner","hardware_health","","","","chkdsk & pause & goto hardware_health"
"hardware_health","7","Inline","GUI direct runner","hardware_health","","","","echo Will run on next reboot... & chkdsk C: /f /r & pause & goto hardware_health"
"hardware_health","8","Inline","GUI direct runner","hardware_health","","","","winsat disk & pause & goto hardware_health"
"hardware_health","9","Inline","GUI direct runner","hardware_health","","","","powershell -command ""Get-WmiObject MSAcpi_ThermalZoneTemperature -Namespace root/wmi | Select-Object -ExpandProperty CurrentTemperature | ForEach-Object {$_/10-273.15}"" & pause & goto hardware_health"
"hardware_health","10","Inline","GUI direct runner","hardware_health","","","","msinfo32 & goto hardware_health"
"hardware_health","11","Inline","GUI direct runner","hardware_health","","","","dxdiag & goto hardware_health"
"hardware_health","12","Inline","GUI direct runner","hardware_health","","","","powershell -command ""while($true){$ram=[math]::Round((Get-WmiObject Win32_OS).FreePhysicalMemory/1MB,2); Write-Host 'Free RAM:' $ram 'GB' -ForegroundColor Green; Start-Sleep 2; Clear-Host}"" & goto hardware_health"
"hardware_health","13","Inline","GUI direct runner","hardware_health","","","","echo Use HWMonitor or OCCT for stress testing. & echo Download: https://www.cpuid.com/softwares/hwmonitor.html & pause & goto hardware_health"
"hardware_health","14","Inline","GUI embedded Toolkit helper runner","hardware_health","ps_disk_drives","","","call :ps_disk_drives & pause & goto hardware_health"
"bios_boot","P","Label","GUI submenu/CMD label","problem_master_hub","","","",""
"bios_boot","1","Inline","GUI direct runner","bios_boot","","","","shutdown /r /fw /t 5 & echo Restarting to BIOS in 5 seconds... & pause & goto bios_boot"
"bios_boot","2","Inline","GUI direct runner","","","","","shutdown /r /o /f /t 0"
"bios_boot","3","Inline","GUI direct runner","bios_boot","","","","bcdedit /set {current} safeboot minimal & echo Safe Mode enabled. Restart now. & pause & goto bios_boot"
"bios_boot","4","Inline","GUI direct runner","bios_boot","","","","bcdedit /deletevalue {current} safeboot & echo Safe Mode disabled. & pause & goto bios_boot"
"bios_boot","5","Inline","GUI embedded Toolkit helper runner","bios_boot","run_bootrec","","","echo WARNING: Only run from Recovery/WinPE! & pause & call :run_bootrec /fixmbr & pause & goto bios_boot"
"bios_boot","6","Inline","GUI embedded Toolkit helper runner","bios_boot","run_bootrec","","","echo WARNING: Only run from Recovery/WinPE! & pause & call :run_bootrec /fixboot & pause & goto bios_boot"
"bios_boot","7","Inline","GUI embedded Toolkit helper runner","bios_boot","run_bootrec","","","call :run_bootrec /rebuildbcd & pause & goto bios_boot"
"bios_boot","8","Inline","GUI direct runner","bios_boot","","","","bcdedit & pause & goto bios_boot"
"bios_boot","9","Inline","GUI direct runner","","","","","shutdown /r /o /t 0"
"bios_boot","10","Inline","GUI direct runner","","","","","cmd.exe"
"bios_boot","11","Inline","GUI embedded Toolkit helper runner","bios_boot","ps_bios_info","","","call :ps_bios_info & pause & goto bios_boot"
"bios_boot","12","Inline","GUI direct runner","bios_boot","","","","powershell Confirm-SecureBootUEFI & pause & goto bios_boot"
"bios_boot","13","Inline","GUI direct runner","bios_boot","","","","tpm.msc & pause & goto bios_boot"
"bios_boot","14","Inline","GUI direct runner","bios_boot","","","","reg add ""HKLM\SYSTEM\CurrentControlSet\Control\Session Manager\Power"" /v HiberbootEnabled /t REG_DWORD /d 0 /f & echo Fast Boot Disabled. & pause & goto bios_boot"
"bios_boot","15","Inline","GUI direct runner","bios_boot","","","","reg add ""HKLM\SYSTEM\CurrentControlSet\Control\Session Manager\Power"" /v HiberbootEnabled /t REG_DWORD /d 1 /f & echo Fast Boot Enabled. & pause & goto bios_boot"
"bios_boot","16","Label","GUI submenu/CMD label","bootable_usb_creator","","","",""
"storage","P","Label","GUI submenu/CMD label","problem_master_hub","","","",""
"storage","1","Inline","GUI direct runner","storage","","","","start """" diskmgmt.msc & goto storage"
"storage","2","Inline","GUI direct runner","storage","","","","diskpart & goto storage"
"storage","3","Inline","GUI direct runner","storage","","","","start """" storagespacescontrol & goto storage"
"storage","4","Inline","GUI direct runner","storage","","","","start """" diskmgmt.msc & goto storage"
"storage","5","Inline","GUI direct runner","storage","","","","start """" diskmgmt.msc & goto storage"
"storage","6","Inline","GUI direct runner","storage","","","","for %%d in (C D E F G H) do (if exist %%d:\ echo Checking %%d:\ && chkdsk %%d:) & pause & goto storage"
"storage","7","Inline","GUI direct runner","storage","","","","cleanmgr & goto storage"
"storage","8","Inline","GUI direct runner","storage","","","","echo Scanning for Large Files (Top 20 over 500MB^)...
    powershell -command ""Get-ChildItem C:\ -Recurse -ErrorAction SilentlyContinue | Where-Object {$_.Length -gt 500MB} | Sort-Object Length -Descending | Select-Object -First 20 FullName, @{Name='Size(GB)';Expression={[math]::Round($_.Length/1GB,2)}} | Format-Table -AutoSize""
    pause & goto storage"
"storage","9","Inline","GUI direct runner","storage","","","","echo Use WinDirStat or TreeSize for duplicate scanning. & pause & goto storage"
"storage","10","Inline","GUI embedded Toolkit helper runner","storage","ps_logical_disks","","","call :ps_logical_disks & pause & goto storage"
"storage","11","Inline","GUI direct runner","storage","","","","manage-bde -status & pause & goto storage"
"storage","12","Inline","GUI visible interactive runner","storage","","","","set ""drv="" & set /p drv=Enter Drive Letter e.g. C: & manage-bde -on !drv!: & pause & goto storage"
"storage","13","Inline","GUI visible interactive runner","storage","","","","set ""drv="" & set /p drv=Enter Drive Letter e.g. C: & manage-bde -off !drv!: & pause & goto storage"
"storage","14","Inline","GUI visible interactive runner","storage","","","","echo WARNING! This will erase data! & set ""drv="" & set /p drv=Enter Drive Letter: & set ""fs="" & set /p fs=File System NTFS/FAT32: & format !drv!: /fs:!fs! & pause & goto storage"
"storage","15","Label","GUI submenu/CMD label","create_vhd","","","",""
"device_driver","P","Label","GUI submenu/CMD label","problem_master_hub","","","",""
"device_driver","1","Inline","GUI direct runner","device_driver","","","","start """" devmgmt.msc & goto device_driver"
"device_driver","2","Inline","GUI direct runner","device_driver","","","","driverquery & pause & goto device_driver"
"device_driver","3","Inline","GUI direct runner","device_driver","","","","driverquery ^| findstr /i network & pause & goto device_driver"
"device_driver","4","Inline","GUI direct runner","driver_backup_to_drive","","","","set ""DRIVER_BACKUP_RETURN=device_driver"" & goto driver_backup_to_drive"
"device_driver","5","Inline","GUI direct runner","driver_restore_from_drive","","","","set ""DRIVER_RESTORE_RETURN=device_driver"" & goto driver_restore_from_drive"
"device_driver","6","Inline","GUI direct runner","device_driver","","","","verifier & goto device_driver"
"device_driver","7","Inline","GUI direct runner","device_driver","","","","sigverif & goto device_driver"
"device_driver","8","Inline","GUI direct runner","device_driver","","","","pnputil /scan-devices & pause & goto device_driver"
"device_driver","9","Inline","GUI direct runner","device_driver","","","","set DEVMGR_SHOW_NONPRESENT_DEVICES=1 & start """" devmgmt.msc & goto device_driver"
"device_driver","10","Inline","GUI direct runner","device_driver","","","","echo Open Device Manager and right-click to update. & start """" devmgmt.msc & pause & goto device_driver"
"device_driver","11","Inline","GUI direct runner","device_driver","","","","printui /s /t2 & goto device_driver"
"device_driver","12","Inline","GUI direct runner","device_driver","","","","net stop audiosrv & net start audiosrv & echo Audio restarted. & pause & goto device_driver"
"device_driver","13","Inline","GUI embedded Toolkit helper runner","device_driver","ps_gpu_info","","","call :ps_gpu_info & pause & goto device_driver"
"device_driver","14","Inline","GUI direct runner","device_driver","","","","pnputil /scan-devices & pause & goto device_driver"
"display_audio","P","Label","GUI submenu/CMD label","problem_master_hub","","","",""
"display_audio","1","Inline","GUI direct runner","display_audio","","","","start """" ms-settings:display & goto display_audio"
"display_audio","2","Inline","GUI direct runner","display_audio","","","","start """" desk.cpl & goto display_audio"
"display_audio","3","Inline","GUI direct runner","display_audio","","","","start """" dccw & goto display_audio"
"display_audio","4","Inline","GUI direct runner","display_audio","","","","start """" ms-settings:nightlight & goto display_audio"
"display_audio","5","Inline","GUI direct runner","display_audio","","","","start """" ms-settings:display & goto display_audio"
"display_audio","6","Inline","GUI direct runner","display_audio","","","","start """" mmsys.cpl & goto display_audio"
"display_audio","7","Inline","GUI direct runner","display_audio","","","","start """" sndvol & goto display_audio"
"display_audio","8","Inline","GUI direct runner","display_audio","","","","msdt.exe /id AudioPlaybackDiagnostic & goto display_audio"
"display_audio","9","Inline","GUI direct runner","display_audio","","","","start """" ms-settings:sound & goto display_audio"
"display_audio","10","Inline","GUI direct runner","display_audio","","","","net stop audiosrv & net stop AudioEndpointBuilder & net start AudioEndpointBuilder & net start audiosrv & echo Audio Service Restarted. & pause & goto display_audio"
"display_audio","11","Inline","GUI direct runner","display_audio","","","","dxdiag & goto display_audio"
"display_audio","12","Inline","GUI embedded Toolkit helper runner","display_audio","ps_gpu_info","","","call :ps_gpu_info & pause & goto display_audio"
"display_audio","13","Inline","GUI embedded Toolkit helper runner","display_audio","ps_gpu_refresh","","","call :ps_gpu_refresh & pause & goto display_audio"
"display_audio","14","Inline","GUI direct runner","display_audio","","","","echo Restarting Display Driver (Ctrl+Shift+Win+B equivalent via cmd^)...
    powershell -command ""Add-Type -TypeDefinition 'using System;using System.Runtime.InteropServices;public class DD{[DllImport(\""user32.dll\"")]public static extern bool SendMessage(IntPtr hWnd,int Msg,int wParam,int lParam);}'; [DD]::SendMessage([IntPtr]-1,0x0112,0xF170,2)""
    pause & goto display_audio"
"power_mgmt","P","Label","GUI submenu/CMD label","problem_master_hub","","","",""
"power_mgmt","1","Inline","GUI direct runner","power_mgmt","","","","start """" powercfg.cpl & goto power_mgmt"
"power_mgmt","2","Inline","GUI direct runner","power_mgmt","","","","powercfg /batteryreport /output ""%USERPROFILE%\Desktop\BatteryReport.html"" & start """" ""%USERPROFILE%\Desktop\BatteryReport.html"" & goto power_mgmt"
"power_mgmt","3","Inline","GUI direct runner","power_mgmt","","","","powercfg /setactive SCHEME_BALANCED & echo Balanced Plan Active. & pause & goto power_mgmt"
"power_mgmt","4","Inline","GUI direct runner","power_mgmt","","","","powercfg /setactive SCHEME_MIN & echo High Performance Active. & pause & goto power_mgmt"
"power_mgmt","5","Inline","GUI direct runner","power_mgmt","","","","powercfg /setactive SCHEME_MAX & echo Power Saver Active. & pause & goto power_mgmt"
"power_mgmt","6","Inline","GUI direct runner","power_mgmt","","","","powercfg /duplicatescheme e9a42b02-d5df-448d-aa00-03f14749eb61 & echo Ultimate Performance added. Check Power Options. & pause & goto power_mgmt"
"power_mgmt","7","Inline","GUI direct runner","power_mgmt","","","","start """" ms-settings:powersleep & goto power_mgmt"
"power_mgmt","8","Inline","GUI direct runner","power_mgmt","","","","powercfg /hibernate on & echo Hibernate Enabled. & pause & goto power_mgmt"
"power_mgmt","9","Inline","GUI direct runner","power_mgmt","","","","powercfg /hibernate off & echo Hibernate Disabled. & pause & goto power_mgmt"
"power_mgmt","10","Inline","GUI visible interactive runner","power_mgmt","","","","set ""mins="" & set /p mins=Shutdown after how many minutes?: & if not ""!mins!""=="""" (set /a seconds=!mins!*60 & shutdown /s /t !seconds!) & goto power_mgmt"
"power_mgmt","11","Inline","GUI visible interactive runner","power_mgmt","","","","set ""mins="" & set /p mins=Restart after how many minutes?: & if not ""!mins!""=="""" (set /a seconds=!mins!*60 & shutdown /r /t !seconds!) & goto power_mgmt"
"power_mgmt","12","Inline","GUI direct runner","power_mgmt","","","","shutdown /a & echo Timer cancelled. & pause & goto power_mgmt"
"power_mgmt","13","Inline","GUI direct runner","power_mgmt","","","","reg add ""HKLM\SYSTEM\CurrentControlSet\Control\Session Manager\Power"" /v HiberbootEnabled /t REG_DWORD /d 1 /f & echo Fast Startup Enabled. & pause & goto power_mgmt"
"power_mgmt","14","Inline","GUI direct runner","power_mgmt","","","","reg add ""HKLM\SYSTEM\CurrentControlSet\Control\Session Manager\Power"" /v HiberbootEnabled /t REG_DWORD /d 0 /f & echo Fast Startup Disabled. & pause & goto power_mgmt"
"task_process","P","Label","GUI submenu/CMD label","problem_master_hub","","","",""
"task_process","1","Inline","GUI direct runner","task_process","","","","start """" taskmgr & goto task_process"
"task_process","2","Inline","GUI direct runner","task_process","","","","tasklist & pause & goto task_process"
"task_process","3","Inline","GUI visible interactive runner","task_process","","","","set ""proc="" & set /p proc=Process name e.g. notepad.exe: & taskkill /f /im !proc! & pause & goto task_process"
"task_process","4","Inline","GUI visible interactive runner","task_process","","","","set ""pid="" & set /p pid=Enter PID: & taskkill /f /pid !pid! & pause & goto task_process"
"task_process","5","Inline","GUI direct runner","task_process","","","","echo Checking suspicious processes...
    tasklist ^| findstr /i ""rat keylog malware trojan virus worm backdoor""
    echo Check complete. If nothing listed, common malware names not found.
    pause & goto task_process"
"task_process","6","Inline","GUI direct runner","task_process","","","","taskkill /f /im chrome.exe & echo Chrome killed. & pause & goto task_process"
"task_process","7","Inline","GUI direct runner","task_process","","","","taskkill /f /im msedge.exe & echo Edge killed. & pause & goto task_process"
"task_process","8","Inline","GUI direct runner","task_process","","","","taskkill /f /im winword.exe & taskkill /f /im excel.exe & taskkill /f /im powerpnt.exe & taskkill /f /im outlook.exe & echo Office apps closed. & pause & goto task_process"
"task_process","9","Inline","GUI direct runner","task_process","","","","powershell -command ""Get-Process | Sort-Object CPU -Descending | Select-Object -First 10 Name,CPU,Id | Format-Table -AutoSize"" & pause & goto task_process"
"task_process","10","Inline","GUI direct runner","task_process","","","","powershell -command ""Get-Process | Sort-Object WorkingSet64 -Descending | Select-Object -First 10 Name,@{Name='RAM(MB)';Expression={[math]::Round($_.WorkingSet64/1MB,1)}},Id | Format-Table -AutoSize"" & pause & goto task_process"
"task_process","11","Inline","GUI direct runner","task_process","","","","sc query type= service state= running & pause & goto task_process"
"task_process","12","Inline","GUI direct runner","task_process","","","","sc query type= service state= stopped & pause & goto task_process"
"task_process","13","Inline","GUI visible interactive runner","task_process","","","","set ""svc="" & set /p svc=Service name: & net start !svc! & pause & goto task_process"
"task_process","14","Inline","GUI visible interactive runner","task_process","","","","set ""svc="" & set /p svc=Service name: & net stop !svc! & pause & goto task_process"
"task_process","15","Inline","GUI direct runner","task_process","","","","taskkill /f /im explorer.exe & start explorer.exe & echo Explorer restarted. & pause & goto task_process"
"startup_mgr","P","Label","GUI submenu/CMD label","problem_master_hub","","","",""
"startup_mgr","1","Inline","GUI direct runner","startup_mgr","","","","start """" taskmgr & goto startup_mgr"
"startup_mgr","2","Inline","GUI direct runner","startup_mgr","","","","reg query HKCU\SOFTWARE\Microsoft\Windows\CurrentVersion\Run & pause & goto startup_mgr"
"startup_mgr","3","Inline","GUI direct runner","startup_mgr","","","","reg query HKLM\SOFTWARE\Microsoft\Windows\CurrentVersion\Run & pause & goto startup_mgr"
"startup_mgr","4","Inline","GUI direct runner","startup_mgr","","","","explorer ""%APPDATA%\Microsoft\Windows\Start Menu\Programs\Startup"" & goto startup_mgr"
"startup_mgr","5","Inline","GUI direct runner","startup_mgr","","","","explorer ""C:\ProgramData\Microsoft\Windows\Start Menu\Programs\StartUp"" & goto startup_mgr"
"startup_mgr","6","Inline","GUI visible interactive runner","startup_mgr","","","","set ""app="" & set /p app=App Registry Name to delete: & reg delete HKCU\SOFTWARE\Microsoft\Windows\CurrentVersion\Run /v !app! /f & pause & goto startup_mgr"
"startup_mgr","7","Inline","GUI direct runner","startup_mgr","","","","explorer shell:startup & goto startup_mgr"
"startup_mgr","8","Inline","GUI direct runner","startup_mgr","","","","powershell -command ""Get-WinEvent -ProviderName Microsoft-Windows-Diagnostics-Performance | Where-Object {$_.Id -eq 100} | Select-Object -First 1 Message | Format-List"" & pause & goto startup_mgr"
"startup_mgr","9","Inline","GUI direct runner","startup_mgr","","","","start """" msconfig & goto startup_mgr"
"cat_network","P","Label","GUI submenu/CMD label","problem_master_hub","","","",""
"cat_network","1","Label","GUI submenu/CMD label","net_diag","","","",""
"cat_network","2","Label","GUI submenu/CMD label","wifi_tools","","","",""
"cat_network","3","Label","GUI submenu/CMD label","dns_mgr","","","",""
"cat_network","4","Label","GUI submenu/CMD label","firewall_mgr","","","",""
"cat_network","5","Label","GUI submenu/CMD label","ip_config","","","",""
"cat_network","6","Label","GUI submenu/CMD label","vpn_proxy","","","",""
"cat_network","7","Label","GUI submenu/CMD label","rdp_tools","","","",""
"cat_network","8","Label","GUI submenu/CMD label","net_shares","","","",""
"cat_network","9","Label","GUI submenu/CMD label","net_advanced","","","",""
"net_diag","P","Label","GUI submenu/CMD label","problem_master_hub","","","",""
"net_diag","1","Inline","GUI direct runner","net_diag","","","","ipconfig /all & pause & goto net_diag"
"net_diag","2","Inline","GUI direct runner","net_diag","","","","ping google.com & pause & goto net_diag"
"net_diag","3","Inline","GUI visible interactive runner","net_diag","","","","set ""target="" & set /p target=Target IP/Domain: & ping !target! & pause & goto net_diag"
"net_diag","4","Inline","GUI visible interactive runner","net_diag","","","","set ""target="" & set /p target=Target: & tracert !target! & pause & goto net_diag"
"net_diag","5","Inline","GUI visible interactive runner","net_diag","","","","set ""domain="" & set /p domain=Domain: & nslookup !domain! & pause & goto net_diag"
"net_diag","6","Inline","GUI direct runner","net_diag","","","","netstat -ano & pause & goto net_diag"
"net_diag","7","Inline","GUI direct runner","net_diag","","","","netstat -an ^| findstr LISTENING & pause & goto net_diag"
"net_diag","8","Inline","GUI direct runner","net_diag","","","","echo === FULL NETWORK DIAGNOSTICS ===
    ipconfig /all
    echo. & echo === PING TEST ===
    ping 8.8.8.8 -n 4
    echo. & echo === DNS TEST ===
    nslookup google.com
    echo. & echo === ROUTE TABLE ===
    route print
    echo. & echo === ARP TABLE ===
    arp -a
    pause & goto net_diag"
"net_diag","9","Inline","GUI direct runner","net_diag","","","","ping 8.8.8.8 -n 1 >nul 2>&1
    if !errorlevel!==0 (echo [OK] Internet is Connected!) else (echo [FAIL] No Internet!)
    pause & goto net_diag"
"net_diag","10","Inline","GUI direct runner","net_diag","","","","ping google.com -n 50 & pause & goto net_diag"
"net_diag","11","Inline","GUI direct runner","net_diag","","","","pathping google.com & pause & goto net_diag"
"net_diag","12","Inline","GUI direct runner","net_diag","","","","netsh interface show interface & pause & goto net_diag"
"net_diag","13","Inline","GUI direct runner","net_diag","","","","arp -a & pause & goto net_diag"
"net_diag","14","Inline","GUI direct runner","net_diag","","","","route print & pause & goto net_diag"
"net_diag","15","Inline","GUI direct runner","net_diag","","","","msdt.exe /id NetworkDiagnosticsNetworkAdapter & pause & goto net_diag"
"wifi_tools","P","Label","GUI submenu/CMD label","problem_master_hub","","","",""
"wifi_tools","1","Inline","GUI direct runner","wifi_tools","","","","netsh wlan show profiles & pause & goto wifi_tools"
"wifi_tools","2","Inline","GUI embedded Toolkit helper runner","wifi_tools","wifi_show_all_passwords","","","call :wifi_show_all_passwords & pause & goto wifi_tools"
"wifi_tools","3","Inline","GUI visible interactive runner","wifi_tools","","","","set ""wifi="" & set /p wifi=WiFi Name: & netsh wlan connect name=""!wifi!"" & pause & goto wifi_tools"
"wifi_tools","4","Inline","GUI direct runner","wifi_tools","","","","netsh wlan disconnect & echo Disconnected. & pause & goto wifi_tools"
"wifi_tools","5","Inline","GUI direct runner","wifi_tools","","","","netsh interface set interface ""Wi-Fi"" disable & timeout /t 3 /nobreak >nul 2>&1 & netsh interface set interface ""Wi-Fi"" enable & echo WiFi Reset Done. & pause & goto wifi_tools"
"wifi_tools","6","Inline","GUI direct runner","wifi_tools","","","","if not exist ""%USERPROFILE%\Desktop\WiFi_Backup"" mkdir ""%USERPROFILE%\Desktop\WiFi_Backup"" & netsh wlan export profile key=clear folder=""%USERPROFILE%\Desktop\WiFi_Backup"" & echo Saved to Desktop\WiFi_Backup & pause & goto wifi_tools"
"wifi_tools","7","Inline","GUI visible interactive runner","wifi_tools","","","","set ""wifi_backup_path="" & set /p wifi_backup_path=Backup Folder Path: & netsh wlan add profile filename=""!wifi_backup_path!\*.xml"" & pause & goto wifi_tools"
"wifi_tools","8","Inline","GUI visible interactive runner","wifi_tools","","","","set ""wifi="" & set /p wifi=WiFi Profile Name: & netsh wlan delete profile name=""!wifi!"" & pause & goto wifi_tools"
"wifi_tools","9","Inline","GUI direct runner","wifi_tools","","","","netsh wlan show interfaces & pause & goto wifi_tools"
"wifi_tools","10","Inline","GUI direct runner","wifi_tools","","","","driverquery ^| findstr /i wireless & pause & goto wifi_tools"
"wifi_tools","11","Inline","GUI direct runner","wifi_tools","","","","netsh wlan disconnect & timeout /t 2 /nobreak >nul 2>&1 & netsh interface set interface ""Wi-Fi"" disable & timeout /t 3 /nobreak >nul 2>&1 & netsh interface set interface ""Wi-Fi"" enable & netsh winsock reset & ipconfig /flushdns & echo WiFi Slow Fix Done. & pause & goto wifi_tools"
"wifi_tools","12","Inline","GUI direct runner","wifi_tools","","","","ipconfig /release & ipconfig /renew & ipconfig /flushdns & netsh winsock reset & echo WiFi No Internet Fix Done. & pause & goto wifi_tools"
"wifi_tools","13","Inline","GUI direct runner","wifi_tools","","","","netsh interface set interface ""Wi-Fi"" enable & echo WiFi Enabled. & pause & goto wifi_tools"
"wifi_tools","14","Inline","GUI direct runner","wifi_tools","","","","netsh interface set interface ""Wi-Fi"" disable & echo WiFi Disabled. & pause & goto wifi_tools"
"wifi_tools","15","Inline","GUI direct runner","wifi_tools","","","","start """" ms-settings:network-wifi & pause & goto wifi_tools"
"wifi_tools","16","Inline","GUI embedded Toolkit helper runner","wifi_tools","wifi_show_all_passwords","","","call :wifi_show_all_passwords & pause & goto wifi_tools"
"wifi_tools","17","Inline","GUI direct runner","wifi_tools","","","","netsh wlan show networks mode=bssid & pause & goto wifi_tools"
"wifi_tools","18","Inline","GUI direct runner","wifi_tools","","","","netsh wlan show wlanreport & start """" ""%ProgramData%\Microsoft\Windows\WlanReport\wlan-report-latest.html"" & pause & goto wifi_tools"
"wifi_tools","19","Inline","GUI direct runner","wifi_tools","","","","netsh wlan show drivers & pause & goto wifi_tools"
"wifi_tools","20","Inline","GUI direct runner","wifi_tools","","","","sc config WlanSvc start= auto & net stop WlanSvc >nul 2>&1 & net start WlanSvc & echo WLAN AutoConfig restarted. & pause & goto wifi_tools"
"wifi_tools","21","Inline","GUI direct runner","wifi_tools","","","","start """" ms-settings:network-wifi & pause & goto wifi_tools"
"wifi_tools","22","Inline","GUI direct runner","wifi_tools","","","","start """" ms-settings:network-airplanemode & pause & goto wifi_tools"
"wifi_tools","23","Inline","GUI direct runner","wifi_tools","","","","start """" ms-settings:network-status & echo Use Advanced network settings - Network reset. & pause & goto wifi_tools"
"wifi_tools","24","Inline","GUI direct runner","wifi_tools","","","","start """" powercfg.cpl & echo Open adapter power settings and disable power saving for WiFi adapter if needed. & pause & goto wifi_tools"
"wifi_tools","25","Inline","GUI embedded Toolkit helper runner","wifi_tools","wifi_export_password_csv","","","call :wifi_export_password_csv & pause & goto wifi_tools"
"wifi_tools","26","Inline","GUI direct runner","wifi_tools","","","","if not exist ""%USERPROFILE%\Desktop\WiFi_Backup"" mkdir ""%USERPROFILE%\Desktop\WiFi_Backup"" & netsh wlan export profile key=clear folder=""%USERPROFILE%\Desktop\WiFi_Backup"" & echo Exported to Desktop\WiFi_Backup & pause & goto wifi_tools"
"wifi_tools","27","Inline","GUI visible interactive runner","wifi_tools","","","","set ""wifi_backup_path="" & set /p wifi_backup_path=Folder with XML profiles: & for %%F in (""!wifi_backup_path!\*.xml"") do netsh wlan add profile filename=""%%~fF"" & pause & goto wifi_tools"
"wifi_tools","28","Inline","GUI direct runner","wifi_tools","","","","powershell -NoProfile -ExecutionPolicy Bypass -Command ""$gw=(Get-NetRoute -DestinationPrefix '0.0.0.0/0' | Sort-Object RouteMetric | Select-Object -First 1).NextHop; if($gw){Write-Host ('Gateway: '+$gw); Test-Connection $gw -Count 8}else{Write-Host 'Gateway not found.'}"" & pause & goto wifi_tools"
"wifi_tools","29","Inline","GUI visible interactive runner","wifi_tools","","","","echo WARNING: This deletes all saved WiFi profiles. & set ""ok="" & set /p ok=Type YES to continue: & if /i ""!ok!""==""YES"" netsh wlan delete profile name=* & pause & goto wifi_tools"
"wifi_tools","30","Inline","GUI direct runner","wifi_tools","","","","start """" ms-settings:datausage & pause & goto wifi_tools"
"dns_mgr","P","Label","GUI submenu/CMD label","problem_master_hub","","","",""
"dns_mgr","1","Inline","GUI direct runner","dns_mgr","","","","ipconfig /flushdns & echo DNS Flushed. & pause & goto dns_mgr"
"dns_mgr","2","Inline","GUI direct runner","dns_mgr","","","","ipconfig /displaydns & pause & goto dns_mgr"
"dns_mgr","3","Inline","GUI direct runner","dns_mgr","","","","ipconfig /registerdns & echo DNS Registered. & pause & goto dns_mgr"
"dns_mgr","4","Inline","GUI direct runner","dns_mgr","","","","netsh interface ip set dns ""Wi-Fi"" static 8.8.8.8 & netsh interface ip add dns ""Wi-Fi"" 8.8.4.4 index=2 & echo Google DNS set for WiFi. & pause & goto dns_mgr"
"dns_mgr","5","Inline","GUI direct runner","dns_mgr","","","","netsh interface ip set dns ""Ethernet"" static 8.8.8.8 & netsh interface ip add dns ""Ethernet"" 8.8.4.4 index=2 & echo Google DNS set for LAN. & pause & goto dns_mgr"
"dns_mgr","6","Inline","GUI direct runner","dns_mgr","","","","netsh interface ip set dns ""Wi-Fi"" static 1.1.1.1 & netsh interface ip add dns ""Wi-Fi"" 1.0.0.1 index=2 & echo Cloudflare DNS set for WiFi. & pause & goto dns_mgr"
"dns_mgr","7","Inline","GUI direct runner","dns_mgr","","","","netsh interface ip set dns ""Ethernet"" static 1.1.1.1 & netsh interface ip add dns ""Ethernet"" 1.0.0.1 index=2 & echo Cloudflare DNS set for LAN. & pause & goto dns_mgr"
"dns_mgr","8","Inline","GUI direct runner","dns_mgr","","","","netsh interface ip set dns ""Wi-Fi"" dhcp & echo Auto DNS for WiFi. & pause & goto dns_mgr"
"dns_mgr","9","Inline","GUI direct runner","dns_mgr","","","","netsh interface ip set dns ""Ethernet"" dhcp & echo Auto DNS for LAN. & pause & goto dns_mgr"
"dns_mgr","10","Inline","GUI visible interactive runner","dns_mgr","","","","set ""dns1="" & set /p dns1=Primary DNS: & set ""dns2="" & set /p dns2=Secondary DNS: & set ""iface="" & set /p iface=Interface Wi-Fi or Ethernet: & netsh interface ip set dns ""!iface!"" static !dns1! & netsh interface ip add dns ""!iface!"" !dns2! index=2 & pause & goto dns_mgr"
"dns_mgr","11","Inline","GUI direct runner","dns_mgr","","","","nslookup google.com & nslookup google.com 8.8.8.8 & pause & goto dns_mgr"
"dns_mgr","12","Inline","GUI visible interactive runner","dns_mgr","","","","set ""domain="" & set /p domain=Domain to lookup: & nslookup !domain! & pause & goto dns_mgr"
"dns_mgr","13","Inline","GUI direct runner","dns_mgr","","","","type C:\Windows\System32\drivers\etc\hosts & pause & goto dns_mgr"
"dns_mgr","14","Inline","GUI direct runner","dns_mgr","","","","notepad C:\Windows\System32\drivers\etc\hosts & goto dns_mgr"
"dns_mgr","15","Inline","GUI direct runner","dns_mgr","","","","msdt.exe /id NetworkDiagnosticsWeb & pause & goto dns_mgr"
"firewall_mgr","P","Label","GUI submenu/CMD label","problem_master_hub","","","",""
"firewall_mgr","1","Inline","GUI direct runner","firewall_mgr","","","","netsh advfirewall show allprofiles & pause & goto firewall_mgr"
"firewall_mgr","2","Inline","GUI direct runner","firewall_mgr","","","","start """" wf.msc & goto firewall_mgr"
"firewall_mgr","3","Inline","GUI direct runner","firewall_mgr","","","","netsh advfirewall set allprofiles state on & echo Firewall ON. & pause & goto firewall_mgr"
"firewall_mgr","4","Inline","GUI direct runner","firewall_mgr","","","","netsh advfirewall set allprofiles state off & echo Firewall OFF. & pause & goto firewall_mgr"
"firewall_mgr","5","Inline","GUI direct runner","firewall_mgr","","","","netsh advfirewall reset & echo Firewall Reset. & pause & goto firewall_mgr"
"firewall_mgr","6","Inline","GUI visible interactive runner","firewall_mgr","","","","set ""app="" & set /p app=Full path of app to block: & netsh advfirewall firewall add rule name=""Blocked_App"" dir=out action=block program=""!app!"" & pause & goto firewall_mgr"
"firewall_mgr","7","Inline","GUI visible interactive runner","firewall_mgr","","","","set ""rule="" & set /p rule=Rule name to delete: & netsh advfirewall firewall delete rule name=""!rule!"" & pause & goto firewall_mgr"
"firewall_mgr","8","Inline","GUI direct runner","firewall_mgr","","","","netsh advfirewall firewall show rule name=all & pause & goto firewall_mgr"
"firewall_mgr","9","Inline","GUI visible interactive runner","firewall_mgr","","","","set ""port="" & set /p port=Port to block: & set ""proto="" & set /p proto=Protocol TCP/UDP: & netsh advfirewall firewall add rule name=""Block_Port_!port!"" dir=in action=block protocol=!proto! localport=!port! & echo Port !port! Blocked. & pause & goto firewall_mgr"
"firewall_mgr","10","Inline","GUI visible interactive runner","firewall_mgr","","","","set ""port="" & set /p port=Port to unblock: & netsh advfirewall firewall delete rule name=""Block_Port_!port!"" & echo Port !port! Unblocked. & pause & goto firewall_mgr"
"firewall_mgr","11","Inline","GUI direct runner","firewall_mgr","","","","netsh advfirewall set allprofiles logging droppedconnections enable & echo Logging enabled. & pause & goto firewall_mgr"
"firewall_mgr","12","Inline","GUI direct runner","firewall_mgr","","","","notepad C:\Windows\System32\LogFiles\Firewall\pfirewall.log & goto firewall_mgr"
"firewall_mgr","13","Inline","GUI direct runner","firewall_mgr","","","","netsh advfirewall export ""%USERPROFILE%\Desktop\FirewallRules.wfw"" & echo Exported to Desktop. & pause & goto firewall_mgr"
"firewall_mgr","14","Inline","GUI visible interactive runner","firewall_mgr","","","","set ""file="" & set /p file=Import file path: & netsh advfirewall import ""!file!"" & pause & goto firewall_mgr"
"ip_config","P","Label","GUI submenu/CMD label","problem_master_hub","","","",""
"ip_config","1","Inline","GUI direct runner","ip_config","","","","ipconfig /all & pause & goto ip_config"
"ip_config","2","Inline","GUI direct runner","ip_config","","","","ipconfig /release & echo IP Released. & pause & goto ip_config"
"ip_config","3","Inline","GUI direct runner","ip_config","","","","ipconfig /renew & echo IP Renewed. & pause & goto ip_config"
"ip_config","4","Label","GUI submenu/CMD label","ip_config_static","","","",""
"ip_config","5","Inline","GUI visible interactive runner","ip_config","","","","set ""iface="" & set /p iface=Interface name: & netsh interface ipv4 set address ""!iface!"" dhcp & echo DHCP enabled. & pause & goto ip_config"
"ip_config","6","Inline","GUI direct runner","ip_config","","","","netsh winsock reset & echo Winsock Reset. Restart required. & pause & goto ip_config"
"ip_config","7","Inline","GUI direct runner","ip_config","","","","netsh int ip reset & echo TCP/IP Reset. Restart required. & pause & goto ip_config"
"ip_config","8","Inline","GUI direct runner","ip_config","","","","start """" ncpa.cpl & goto ip_config"
"ip_config","9","Inline","GUI direct runner","ip_config","","","","getmac /v & pause & goto ip_config"
"ip_config","10","Inline","GUI direct runner","ip_config","","","","echo Open Device Manager - Network Adapters - Properties - Advanced - MAC Address & start """" devmgmt.msc & pause & goto ip_config"
"ip_config","11","Inline","GUI direct runner","ip_config","","","","powershell -command ""(Invoke-WebRequest -uri 'https://api.ipify.org').Content"" & pause & goto ip_config"
"ip_config","12","Inline","GUI visible interactive runner","ip_config","","","","set ""iface="" & set /p iface=Interface name: & netsh interface set interface ""!iface!"" enable & pause & goto ip_config"
"ip_config","13","Inline","GUI visible interactive runner","ip_config","","","","set ""iface="" & set /p iface=Interface name: & netsh interface set interface ""!iface!"" disable & pause & goto ip_config"
"ip_config","14","Inline","GUI direct runner","ip_config","","","","ipconfig /release & ipconfig /renew & ipconfig /flushdns & netsh winsock reset & echo APIPA Fix Done. & pause & goto ip_config"
"ip_config","15","Inline","GUI direct runner","ip_config","","","","arp -d * & echo ARP cleared. & pause & goto ip_config"
"vpn_proxy","P","Label","GUI submenu/CMD label","problem_master_hub","","","",""
"vpn_proxy","1","Inline","GUI direct runner","vpn_proxy","","","","netsh winhttp show proxy & pause & goto vpn_proxy"
"vpn_proxy","2","Inline","GUI direct runner","vpn_proxy","","","","netsh winhttp reset proxy & echo Proxy Reset. & pause & goto vpn_proxy"
"vpn_proxy","3","Inline","GUI direct runner","vpn_proxy","","","","netsh winhttp show proxy & pause & goto vpn_proxy"
"vpn_proxy","4","Inline","GUI direct runner","vpn_proxy","","","","netsh winhttp reset proxy & pause & goto vpn_proxy"
"vpn_proxy","5","Inline","GUI direct runner","vpn_proxy","","","","rasdial & pause & goto vpn_proxy"
"vpn_proxy","6","Inline","GUI visible interactive runner","vpn_proxy","","","","set ""vpn="" & set /p vpn=VPN Name: & rasdial ""!vpn!"" & pause & goto vpn_proxy"
"vpn_proxy","7","Inline","GUI direct runner","vpn_proxy","","","","rasdial /disconnect & echo VPN Disconnected. & pause & goto vpn_proxy"
"vpn_proxy","8","Inline","GUI direct runner","vpn_proxy","","","","netcfg -d & echo Network config reset - restart required. & pause & goto vpn_proxy"
"vpn_proxy","9","Inline","GUI direct runner","vpn_proxy","","","","start """" ms-settings:network-proxy & goto vpn_proxy"
"vpn_proxy","10","Inline","GUI direct runner","vpn_proxy","","","","reg delete ""HKCU\Software\Microsoft\Windows\CurrentVersion\Internet Settings"" /v ProxyEnable /f & reg delete ""HKCU\Software\Microsoft\Windows\CurrentVersion\Internet Settings"" /v ProxyServer /f & echo IE Proxy Reset. & pause & goto vpn_proxy"
"vpn_proxy","11","Inline","GUI direct runner","vpn_proxy","","","","start """" http://neverssl.com & pause & goto vpn_proxy"
"vpn_proxy","12","Inline","GUI direct runner","vpn_proxy","","","","reg query ""HKCU\Software\Microsoft\Windows\CurrentVersion\Internet Settings"" & pause & goto vpn_proxy"
"rdp_tools","P","Label","GUI submenu/CMD label","problem_master_hub","","","",""
"rdp_tools","1","Inline","GUI direct runner","rdp_tools","","","","reg add ""HKLM\SYSTEM\CurrentControlSet\Control\Terminal Server"" /v fDenyTSConnections /t REG_DWORD /d 0 /f & netsh advfirewall firewall set rule group=""remote desktop"" new enable=Yes & echo RDP Enabled. & pause & goto rdp_tools"
"rdp_tools","2","Inline","GUI direct runner","rdp_tools","","","","reg add ""HKLM\SYSTEM\CurrentControlSet\Control\Terminal Server"" /v fDenyTSConnections /t REG_DWORD /d 1 /f & echo RDP Disabled. & pause & goto rdp_tools"
"rdp_tools","3","Inline","GUI direct runner","rdp_tools","","","","netstat -ano ^| findstr :3389 & pause & goto rdp_tools"
"rdp_tools","4","Inline","GUI visible interactive runner","rdp_tools","","","","set ""port="" & set /p port=New RDP Port: & reg add ""HKLM\SYSTEM\CurrentControlSet\Control\Terminal Server\WinStations\RDP-Tcp"" /v PortNumber /t REG_DWORD /d !port! /f & echo RDP Port changed to !port!. Restart service. & pause & goto rdp_tools"
"rdp_tools","5","Inline","GUI direct runner","rdp_tools","","","","netsh advfirewall firewall set rule group=""remote desktop"" new enable=Yes & echo Firewall rule added. & pause & goto rdp_tools"
"rdp_tools","6","Inline","GUI direct runner","rdp_tools","","","","start """" mstsc & goto rdp_tools"
"rdp_tools","7","Inline","GUI direct runner","rdp_tools","","","","query session & pause & goto rdp_tools"
"rdp_tools","8","Inline","GUI visible interactive runner","rdp_tools","","","","set ""sid="" & set /p sid=Session ID to kill: & logoff !sid! & pause & goto rdp_tools"
"rdp_tools","9","Inline","GUI direct runner","rdp_tools","","","","eventvwr.msc & goto rdp_tools"
"rdp_tools","10","Inline","GUI direct runner","rdp_tools","","","","reg add ""HKLM\SYSTEM\CurrentControlSet\Control\Terminal Server\WinStations\RDP-Tcp"" /v UserAuthentication /t REG_DWORD /d 1 /f & echo NLA Enabled. & pause & goto rdp_tools"
"rdp_tools","11","Inline","GUI direct runner","rdp_tools","","","","reg add ""HKLM\SYSTEM\CurrentControlSet\Control\Terminal Server\WinStations\RDP-Tcp"" /v UserAuthentication /t REG_DWORD /d 0 /f & echo NLA Disabled. & pause & goto rdp_tools"
"rdp_tools","12","Inline","GUI direct runner","rdp_tools","","","","reg add ""HKLM\SYSTEM\CurrentControlSet\Control\Terminal Server"" /v fAllowToGetHelp /t REG_DWORD /d 1 /f & echo Remote Assistance Enabled. & pause & goto rdp_tools"
"rdp_tools","13","Inline","GUI direct runner","rdp_tools","","","","reg add ""HKLM\SYSTEM\CurrentControlSet\Control\Terminal Server"" /v fAllowToGetHelp /t REG_DWORD /d 0 /f & echo Remote Assistance Disabled. & pause & goto rdp_tools"
"rdp_tools","14","Inline","GUI direct runner","rdp_tools","","","","cmdkey /delete:TERMSRV/* & echo RDP Credentials Cleared. & pause & goto rdp_tools"
"net_shares","P","Label","GUI submenu/CMD label","problem_master_hub","","","",""
"net_shares","1","Inline","GUI direct runner","net_shares","","","","net share & pause & goto net_shares"
"net_shares","2","Inline","GUI visible interactive runner","net_shares","","","","set ""name="" & set /p name=Share Name: & set ""share_path="" & set /p share_path=Folder Path: & net share !name!=!share_path! & pause & goto net_shares"
"net_shares","3","Inline","GUI visible interactive runner","net_shares","","","","set ""name="" & set /p name=Share Name: & net share !name! /delete & pause & goto net_shares"
"net_shares","4","Inline","GUI direct runner","net_shares","","","","net session & pause & goto net_shares"
"net_shares","5","Inline","GUI direct runner","net_shares","","","","net session /delete /y & echo All sessions disconnected. & pause & goto net_shares"
"net_shares","6","Inline","GUI direct runner","net_shares","","","","powershell Get-SmbServerConfiguration ^| Select-Object EnableSMB1Protocol,EnableSMB2Protocol & pause & goto net_shares"
"net_shares","7","Inline","GUI direct runner","net_shares","","","","powershell Set-SmbServerConfiguration -EnableSMB1Protocol $false -Force & echo SMBv1 Disabled. & pause & goto net_shares"
"net_shares","8","Inline","GUI direct runner","net_shares","","","","powershell Set-SmbServerConfiguration -EnableSMB1Protocol $true -Force & echo SMBv1 Enabled. & pause & goto net_shares"
"net_shares","9","Inline","GUI direct runner","net_shares","","","","powershell Set-SmbServerConfiguration -EnableSMB2Protocol $true -Force & echo SMBv2 Enabled. & pause & goto net_shares"
"net_shares","10","Inline","GUI direct runner","net_shares","","","","net use & pause & goto net_shares"
"net_shares","11","Inline","GUI visible interactive runner","net_shares","","","","set ""drive="" & set /p drive=Drive Letter e.g. Z: & set ""share_path="" & set /p share_path=\\Server\Share path: & net use !drive!: !share_path! /persistent:yes & pause & goto net_shares"
"net_shares","12","Inline","GUI visible interactive runner","net_shares","","","","set ""drive="" & set /p drive=Drive Letter: & net use !drive!: /delete & pause & goto net_shares"
"net_shares","13","Inline","GUI direct runner","net_shares","","","","net use * /delete /y & ipconfig /flushdns & net start workstation & echo NAS Fix Done. & pause & goto net_shares"
"net_shares","14","Inline","GUI direct runner","net_shares","","","","net use * /delete /y & cmdkey /delete:* & echo SMB Access Fix Done. & pause & goto net_shares"
"net_advanced","P","Label","GUI submenu/CMD label","problem_master_hub","","","",""
"net_advanced","1","Inline","GUI visible interactive runner","net_advanced","","","","set ""port="" & set /p port=Port Number: & netstat -ano ^| findstr :!port! & pause & goto net_advanced"
"net_advanced","2","Inline","GUI direct runner","net_advanced","","","","netstat -ano & pause & goto net_advanced"
"net_advanced","3","Inline","GUI direct runner","net_advanced","","","","arp -d * & echo ARP Cache Cleared. & pause & goto net_advanced"
"net_advanced","4","Inline","GUI visible interactive runner","net_advanced","","","","set ""dest="" & set /p dest=Destination: & set ""mask="" & set /p mask=Mask: & set ""gw="" & set /p gw=Gateway: & route add !dest! mask !mask! !gw! & pause & goto net_advanced"
"net_advanced","5","Inline","GUI visible interactive runner","net_advanced","","","","set ""dest="" & set /p dest=Destination: & route delete !dest! & pause & goto net_advanced"
"net_advanced","6","Inline","GUI direct runner","net_advanced","","","","route print & pause & goto net_advanced"
"net_advanced","7","Inline","GUI direct runner","net_advanced","","","","netsh interface ipv4 set subinterface ""Wi-Fi"" mtu=1500 store=persistent & echo MTU set for WiFi. & pause & goto net_advanced"
"net_advanced","8","Inline","GUI direct runner","net_advanced","","","","netsh interface ipv4 set subinterface ""Ethernet"" mtu=1500 store=persistent & echo MTU set for LAN. & pause & goto net_advanced"
"net_advanced","9","Inline","GUI direct runner","net_advanced","","","","nbtstat -n & pause & goto net_advanced"
"net_advanced","10","Inline","GUI direct runner","net_advanced","","","","ipconfig /registerdns & pause & goto net_advanced"
"net_advanced","11","Inline","GUI direct runner","net_advanced","","","","ipconfig /flushdns & netsh winsock reset & netsh int ip reset & netsh advfirewall reset & echo Full Network Repair Done. Restart recommended. & pause & goto net_advanced"
"net_advanced","12","Inline","GUI direct runner","net_advanced","","","","start """" ""https://fast.com"" & pause & goto net_advanced"
"net_advanced","13","Inline","GUI visible interactive runner","net_advanced","","","","echo WARNING: This removes all network drivers! & set ""confirm="" & set /p confirm=Type YES to continue: & if ""!confirm!""==""YES"" netcfg -d & pause & goto net_advanced"
"net_advanced","14","Inline","GUI direct runner","net_advanced","","","","netsh int tcp reset & pause & goto net_advanced"
"net_advanced","15","Inline","GUI direct runner","net_advanced","","","","ipconfig /release & ipconfig /flushdns & netsh winsock reset & netsh int ip reset & ipconfig /renew & echo Internet Full Repair Done. & pause & goto net_advanced"
"cat_repair","P","Label","GUI submenu/CMD label","problem_master_hub","","","",""
"cat_repair","1","Label","GUI submenu/CMD label","sfc_dism","","","",""
"cat_repair","2","Label","GUI submenu/CMD label","boot_repair","","","",""
"cat_repair","3","Label","GUI submenu/CMD label","reg_repair","","","",""
"cat_repair","4","Label","GUI submenu/CMD label","update_fix","","","",""
"cat_repair","5","Label","GUI submenu/CMD label","store_repair","","","",""
"cat_repair","6","Label","GUI submenu/CMD label","dll_fix","","","",""
"cat_repair","7","Label","GUI submenu/CMD label","explorer_fix","","","",""
"cat_repair","8","Label","GUI submenu/CMD label","service_repair","","","",""
"cat_repair","9","Label","GUI submenu/CMD label","one_click_repair","","","",""
"sfc_dism","P","Label","GUI submenu/CMD label","problem_master_hub","","","",""
"sfc_dism","1","Inline","GUI direct runner","sfc_dism","","","","sfc /scannow & pause & goto sfc_dism"
"sfc_dism","2","Inline","GUI direct runner","sfc_dism","","","","sfc /verifyonly & pause & goto sfc_dism"
"sfc_dism","3","Inline","GUI visible interactive runner","sfc_dism","","","","set ""file="" & set /p file=File path: & sfc /scanfile=!file! & pause & goto sfc_dism"
"sfc_dism","4","Inline","GUI direct runner","sfc_dism","","","","DISM /Online /Cleanup-Image /CheckHealth & pause & goto sfc_dism"
"sfc_dism","5","Inline","GUI direct runner","sfc_dism","","","","DISM /Online /Cleanup-Image /ScanHealth & pause & goto sfc_dism"
"sfc_dism","6","Inline","GUI direct runner","sfc_dism","","","","DISM /Online /Cleanup-Image /RestoreHealth & pause & goto sfc_dism"
"sfc_dism","7","Inline","GUI visible interactive runner","sfc_dism","","","","set ""src="" & set /p src=Source path e.g. D:\Sources\install.wim: & DISM /Online /Cleanup-Image /RestoreHealth /Source:!src! /LimitAccess & pause & goto sfc_dism"
"sfc_dism","8","Inline","GUI direct runner","sfc_dism","","","","DISM /Online /Cleanup-Image /StartComponentCleanup & pause & goto sfc_dism"
"sfc_dism","9","Inline","GUI direct runner","sfc_dism","","","","DISM /Online /Cleanup-Image /StartComponentCleanup /ResetBase & pause & goto sfc_dism"
"sfc_dism","10","Inline","GUI direct runner","sfc_dism","","","","sfc /scannow & DISM /Online /Cleanup-Image /RestoreHealth & echo Full Repair Done. & pause & goto sfc_dism"
"sfc_dism","11","Inline","GUI direct runner","sfc_dism","","","","notepad C:\Windows\Logs\CBS\CBS.log & goto sfc_dism"
"sfc_dism","12","Inline","GUI direct runner","sfc_dism","","","","net stop cryptsvc & ren C:\Windows\System32\catroot2 catroot2.old & net start cryptsvc & echo Catroot2 Reset. & pause & goto sfc_dism"
"sfc_dism","13","Inline","GUI direct runner","sfc_dism","","","","net stop wuauserv & ren C:\Windows\SoftwareDistribution SoftwareDistribution.old & net start wuauserv & echo SoftwareDistribution Reset. & pause & goto sfc_dism"
"sfc_dism","14","Inline","GUI direct runner","sfc_dism","","","","del /f /q C:\Windows\WinSxS\pending.xml & echo Pending.xml deleted. & pause & goto sfc_dism"
"sfc_dism","15","Inline","GUI direct runner","dism_wim_center","","","","set ""WIM_CENTER_BACK=sfc_dism"" & goto dism_wim_center"
"boot_repair","P","Label","GUI submenu/CMD label","problem_master_hub","","","",""
"boot_repair","1","Inline","GUI embedded Toolkit helper runner","boot_repair","run_bootrec","","","call :run_bootrec /fixmbr & pause & goto boot_repair"
"boot_repair","2","Inline","GUI embedded Toolkit helper runner","boot_repair","run_bootrec","","","call :run_bootrec /fixboot & pause & goto boot_repair"
"boot_repair","3","Inline","GUI embedded Toolkit helper runner","boot_repair","run_bootrec","","","call :run_bootrec /rebuildbcd & pause & goto boot_repair"
"boot_repair","4","Inline","GUI embedded Toolkit helper runner","boot_repair","run_bootrec","","","call :run_bootrec /scanos & pause & goto boot_repair"
"boot_repair","5","Inline","GUI direct runner","boot_repair","","","","bcdedit & pause & goto boot_repair"
"boot_repair","6","Inline","GUI direct runner","","","","","shutdown /r /o /f /t 0"
"boot_repair","7","Inline","GUI direct runner","boot_repair","","","","bcdedit /set {current} safeboot minimal & echo Safe Mode set. Restart now. & pause & goto boot_repair"
"boot_repair","8","Inline","GUI direct runner","boot_repair","","","","bcdedit /deletevalue {current} safeboot & echo Normal boot restored. & pause & goto boot_repair"
"boot_repair","9","Inline","GUI direct runner","","","","","shutdown /r /o /t 0"
"boot_repair","10","Inline","GUI embedded Toolkit helper runner","boot_repair","run_bootrec;run_bootrec;run_bootrec","","","call :run_bootrec /fixmbr & call :run_bootrec /fixboot & call :run_bootrec /rebuildbcd & echo Boot Repair Done. & pause & goto boot_repair"
"boot_repair","11","Inline","GUI direct runner","boot_repair","","","","bcdedit /export ""%USERPROFILE%\Desktop\BCD_Backup"" & echo BCD Backed up to Desktop. & pause & goto boot_repair"
"boot_repair","12","Inline","GUI visible interactive runner","boot_repair","","","","set ""bcd="" & set /p bcd=BCD Backup path: & bcdedit /import ""!bcd!"" & pause & goto boot_repair"
"reg_repair","P","Label","GUI submenu/CMD label","problem_master_hub","","","",""
"reg_repair","1","Inline","GUI direct runner","reg_repair","","","","start """" regedit & goto reg_repair"
"reg_repair","2","Inline","GUI direct runner","reg_repair","","","","reg export HKCU ""%USERPROFILE%\Desktop\HKCU_Backup.reg"" & echo HKCU backed up to Desktop. & pause & goto reg_repair"
"reg_repair","3","Inline","GUI direct runner","reg_repair","","","","reg export HKLM ""%USERPROFILE%\Desktop\HKLM_Backup.reg"" & echo HKLM backed up to Desktop. & pause & goto reg_repair"
"reg_repair","4","Inline","GUI direct runner","reg_repair","","","","if not exist ""%USERPROFILE%\Desktop\RegBackup"" mkdir ""%USERPROFILE%\Desktop\RegBackup""
    reg export HKCU ""%USERPROFILE%\Desktop\RegBackup\HKCU.reg"" /y
    reg export HKLM ""%USERPROFILE%\Desktop\RegBackup\HKLM.reg"" /y
    reg export HKCR ""%USERPROFILE%\Desktop\RegBackup\HKCR.reg"" /y
    echo Full Registry Backup Done to Desktop\RegBackup
    pause & goto reg_repair"
"reg_repair","5","Inline","GUI direct runner","reg_repair","","","","rd /s /q ""%ALLUSERSPROFILE%\Microsoft\Group Policy"" & gpupdate /force & echo GPO Reset. & pause & goto reg_repair"
"reg_repair","6","Inline","GUI direct runner","reg_repair","","","","assoc .exe=exefile & ftype exefile=""%1"" %* & echo EXE Fix Done. & pause & goto reg_repair"
"reg_repair","7","Inline","GUI direct runner","reg_repair","","","","assoc .exe=exefile & echo File Association Fixed. & pause & goto reg_repair"
"reg_repair","8","Inline","GUI direct runner","reg_repair","","","","sfc /scannow & pause & goto reg_repair"
"reg_repair","9","Inline","GUI direct runner","reg_repair","","","","sc config trustedinstaller start= auto & net start trustedinstaller & pause & goto reg_repair"
"reg_repair","10","Inline","GUI direct runner","reg_repair","","","","winmgmt /resetrepository & echo WMI Reset. & pause & goto reg_repair"
"reg_repair","11","Inline","GUI direct runner","reg_repair","","","","net stop msdtc & net start msdtc & echo COM+ Reset. & pause & goto reg_repair"
"reg_repair","12","Inline","GUI direct runner","reg_repair","","","","reg delete ""HKLM\SOFTWARE\Microsoft\Windows NT\CurrentVersion\Fonts"" /va /f & echo Font Registry cleared. Reinstall fonts. & pause & goto reg_repair"
"update_fix","P","Label","GUI submenu/CMD label","problem_master_hub","","","",""
"update_fix","1","Inline","GUI direct runner","update_fix","","","","start """" ms-settings:windowsupdate & goto update_fix"
"update_fix","2","Inline","GUI direct runner","update_fix","","","","net stop wuauserv & net stop cryptSvc & net stop bits & net stop msiserver & net start bits & net start cryptSvc & net start wuauserv & net start msiserver & echo Services Reset. & pause & goto update_fix"
"update_fix","3","Inline","GUI direct runner","update_fix","","","","net stop wuauserv & ren C:\Windows\SoftwareDistribution SoftwareDistribution.old & ren C:\Windows\System32\catroot2 catroot2.old & net start wuauserv & echo Cache Cleared. & pause & goto update_fix"
"update_fix","4","Inline","GUI direct runner","update_fix","","","","usoclient StartScan & echo Update scan started. & pause & goto update_fix"
"update_fix","5","Inline","GUI direct runner","update_fix","","","","net stop bits & net start bits & echo BITS Reset. & pause & goto update_fix"
"update_fix","6","Inline","GUI direct runner","update_fix","","","","net stop trustedinstaller & net start trustedinstaller & echo Windows Modules Reset. & pause & goto update_fix"
"update_fix","7","Inline","GUI direct runner","update_fix","","","","notepad C:\Windows\WindowsUpdate.log & goto update_fix"
"update_fix","8","Inline","GUI direct runner","update_fix","","","","slmgr /rearm & echo Activation Rearm Done. & pause & goto update_fix"
"update_fix","9","Inline","GUI direct runner","update_fix","","","","msdt.exe /id WindowsUpdateDiagnostic & goto update_fix"
"update_fix","10","Inline","GUI direct runner","update_fix","","","","sc config wuauserv start= disabled & net stop wuauserv & echo Auto Updates Disabled. & pause & goto update_fix"
"update_fix","11","Inline","GUI direct runner","update_fix","","","","sc config wuauserv start= auto & net start wuauserv & echo Auto Updates Enabled. & pause & goto update_fix"
"update_fix","12","Inline","GUI embedded Toolkit helper runner","update_fix","ps_qfe_list","","","powershell -command ""Get-WUList"" >nul 2>&1 || echo Install PSWindowsUpdate module first. & call :ps_qfe_list & pause & goto update_fix"
"update_fix","13","Inline","GUI direct runner","update_fix","","","","reg delete ""HKLM\SOFTWARE\Policies\Microsoft\Windows\WindowsUpdate"" /f & gpupdate /force & echo WSUS Reset. & pause & goto update_fix"
"store_repair","P","Label","GUI submenu/CMD label","problem_master_hub","","","",""
"store_repair","1","Inline","GUI direct runner","store_repair","","","","wsreset.exe & goto store_repair"
"store_repair","2","Inline","GUI direct runner","store_repair","","","","msdt.exe /id WindowsStoreDiagnostic & goto store_repair"
"store_repair","3","Label","GUI submenu/CMD label","store_reinstall_store","","","",""
"store_repair","4","Label","GUI submenu/CMD label","store_reinstall_all_uwp","","","",""
"store_repair","5","Inline","GUI visible interactive runner","store_repair","","","","set ""app="" & set /p app=App Name partial: & powershell -command ""Get-AppxPackage *!app!* | Reset-AppxPackage"" & pause & goto store_repair"
"store_repair","6","Label","GUI submenu/CMD label","store_repair_specific_app","","","",""
"store_repair","7","Inline","GUI visible interactive runner","store_repair","","","","set ""app="" & set /p app=App Name partial: & powershell -command ""Get-AppxPackage *!app!* | Remove-AppxPackage"" & pause & goto store_repair"
"store_repair","8","Inline","GUI direct runner","store_repair","","","","powershell -command ""Get-AppxPackage | Select-Object Name,Version | Format-Table -AutoSize"" & pause & goto store_repair"
"store_repair","9","Inline","GUI direct runner","store_repair","","","","powershell -command ""Get-AppxPackage *calculator* | Reset-AppxPackage"" & pause & goto store_repair"
"store_repair","10","Inline","GUI direct runner","store_repair","","","","powershell -command ""Get-AppxPackage *photos* | Reset-AppxPackage"" & pause & goto store_repair"
"store_repair","11","Inline","GUI direct runner","store_repair","","","","powershell -command ""Get-AppxPackage *windowscommunicationsapps* | Reset-AppxPackage"" & pause & goto store_repair"
"store_repair","12","Inline","GUI direct runner","store_repair","","","","powershell -command ""Get-AppxPackage Microsoft.Windows.StartMenuExperienceHost | Reset-AppxPackage"" & pause & goto store_repair"
"store_repair","13","Inline","GUI direct runner","store_repair","","","","powershell -command ""Get-AppxPackage *cortana* | Reset-AppxPackage"" & pause & goto store_repair"
"store_repair","14","Inline","GUI direct runner","store_repair","","","","powershell -command ""Get-AppxPackage *teams* | Reset-AppxPackage"" & pause & goto store_repair"
"dll_fix","P","Label","GUI submenu/CMD label","problem_master_hub","","","",""
"dll_fix","1","Inline","GUI direct runner","dll_fix","","","","for %%i in (%windir%\system32\*.dll) do regsvr32 /s %%i & echo All DLLs re-registered. & pause & goto dll_fix"
"dll_fix","2","Inline","GUI visible interactive runner","dll_fix","","","","set ""dll="" & set /p dll=DLL name e.g. msxml4.dll: & regsvr32 ""C:\Windows\System32\!dll!"" & pause & goto dll_fix"
"dll_fix","3","Inline","GUI visible interactive runner","dll_fix","","","","set ""dll="" & set /p dll=DLL name: & regsvr32 /u ""C:\Windows\System32\!dll!"" & pause & goto dll_fix"
"dll_fix","4","Inline","GUI embedded Toolkit helper runner","dll_fix","ps_vcredist_list","","","call :ps_vcredist_list & pause & goto dll_fix"
"dll_fix","5","Inline","GUI direct runner","dll_fix","","","","sfc /scannow & DISM /Online /Cleanup-Image /RestoreHealth & pause & goto dll_fix"
"dll_fix","6","Inline","GUI direct runner","dll_fix","","","","dxdiag & goto dll_fix"
"dll_fix","7","Inline","GUI direct runner","dll_fix","","","","sfc /scannow & pause & goto dll_fix"
"dll_fix","8","Inline","GUI direct runner","dll_fix","","","","dir C:\Windows\System32\*.dll ^| find /c "".dll"" & pause & goto dll_fix"
"dll_fix","9","Inline","GUI direct runner","dll_fix","","","","regsvr32 vbscript.dll & regsvr32 jscript.dll & regsvr32 mshtml.dll & regsvr32 browseui.dll & echo Common DLLs re-registered. & pause & goto dll_fix"
"dll_fix","10","Inline","GUI direct runner","dll_fix","","","","msiexec /unregister & msiexec /regserver & echo MSI Repaired. & pause & goto dll_fix"
"explorer_fix","P","Label","GUI submenu/CMD label","problem_master_hub","","","",""
"explorer_fix","1","Inline","GUI direct runner","explorer_fix","","","","taskkill /f /im explorer.exe & start explorer.exe & echo Explorer restarted. & pause & goto explorer_fix"
"explorer_fix","2","Inline","GUI direct runner","explorer_fix","","","","powershell -command ""Get-AppxPackage Microsoft.Windows.StartMenuExperienceHost | Reset-AppxPackage"" & pause & goto explorer_fix"
"explorer_fix","3","Inline","GUI direct runner","explorer_fix","","","","taskkill /f /im explorer.exe & start explorer.exe & pause & goto explorer_fix"
"explorer_fix","4","Inline","GUI direct runner","explorer_fix","","","","taskkill /f /im SearchUI.exe & taskkill /f /im SearchApp.exe & pause & goto explorer_fix"
"explorer_fix","5","Inline","GUI direct runner","explorer_fix","","","","taskkill /f /im explorer.exe & start explorer.exe & pause & goto explorer_fix"
"explorer_fix","6","Inline","GUI direct runner","explorer_fix","","","","ie4uinit.exe -show & pause & goto explorer_fix"
"explorer_fix","7","Inline","GUI direct runner","explorer_fix","","","","del /f /s /q ""%LocalAppData%\Microsoft\Windows\Explorer\thumbcache_*.db"" & echo Thumbnail Cache Cleared. & pause & goto explorer_fix"
"explorer_fix","8","Inline","GUI direct runner","explorer_fix","","","","taskkill /f /im explorer.exe & del /f /s /q ""%LocalAppData%\IconCache.db"" & start explorer.exe & echo Icon Cache Cleared. & pause & goto explorer_fix"
"explorer_fix","9","Inline","GUI direct runner","explorer_fix","","","","reg delete ""HKCU\Software\Classes\*\shellex\ContextMenuHandlers"" /f & echo Context Menu Reset. Restart Explorer. & pause & goto explorer_fix"
"explorer_fix","10","Inline","GUI direct runner","explorer_fix","","","","net stop fontcache & del /f /q ""C:\Windows\ServiceProfiles\LocalService\AppData\Local\FontCache*"" & net start fontcache & echo Font Cache Reset. & pause & goto explorer_fix"
"explorer_fix","11","Inline","GUI direct runner","explorer_fix","","","","sfc /scannow & pause & goto explorer_fix"
"explorer_fix","12","Inline","GUI direct runner","explorer_fix","","","","sfc /scannow & DISM /Online /Cleanup-Image /RestoreHealth & taskkill /f /im explorer.exe & start explorer.exe & pause & goto explorer_fix"
"service_repair","P","Label","GUI submenu/CMD label","problem_master_hub","","","",""
"service_repair","1","Inline","GUI direct runner","service_repair","","","","start """" services.msc & goto service_repair"
"service_repair","2","Inline","GUI direct runner","service_repair","","","","sc query type= service state= running & pause & goto service_repair"
"service_repair","3","Inline","GUI direct runner","service_repair","","","","sc query type= service state= stopped & pause & goto service_repair"
"service_repair","4","Inline","GUI visible interactive runner","service_repair","","","","set ""svc="" & set /p svc=Service name: & net start !svc! & pause & goto service_repair"
"service_repair","5","Inline","GUI visible interactive runner","service_repair","","","","set ""svc="" & set /p svc=Service name: & net stop !svc! & pause & goto service_repair"
"service_repair","6","Inline","GUI visible interactive runner","service_repair","","","","set ""svc="" & set /p svc=Service name: & net stop !svc! & net start !svc! & pause & goto service_repair"
"service_repair","7","Inline","GUI visible interactive runner","service_repair","","","","set ""svc="" & set /p svc=Service name: & sc config !svc! start= auto & pause & goto service_repair"
"service_repair","8","Inline","GUI visible interactive runner","service_repair","","","","set ""svc="" & set /p svc=Service name: & sc config !svc! start= disabled & pause & goto service_repair"
"service_repair","9","Inline","GUI direct runner","service_repair","","","","net stop audiosrv & net stop AudioEndpointBuilder & net start AudioEndpointBuilder & net start audiosrv & echo Audio Fixed. & pause & goto service_repair"
"service_repair","10","Inline","GUI direct runner","service_repair","","","","net stop spooler & del /f /s /q ""C:\Windows\System32\spool\PRINTERS\*"" & net start spooler & echo Print Spooler Fixed. & pause & goto service_repair"
"service_repair","11","Inline","GUI direct runner","service_repair","","","","net stop wuauserv & net start wuauserv & echo Windows Update Fixed. & pause & goto service_repair"
"service_repair","12","Inline","GUI direct runner","service_repair","","","","winmgmt /resetrepository & echo WMI Fixed. & pause & goto service_repair"
"service_repair","13","Inline","GUI direct runner","service_repair","","","","sc config wscsvc start= auto & net start wscsvc & echo Security Center Fixed. & pause & goto service_repair"
"service_repair","14","Inline","GUI direct runner","service_repair","","","","net stop wsearch & net start wsearch & echo Windows Search Fixed. & pause & goto service_repair"
"cat_security","P","Label","GUI submenu/CMD label","problem_master_hub","","","",""
"cat_security","1","Label","GUI submenu/CMD label","defender_tools","","","",""
"cat_security","2","Label","GUI submenu/CMD label","firewall_mgr","","","",""
"cat_security","3","Label","GUI submenu/CMD label","user_security","","","",""
"cat_security","4","Label","GUI submenu/CMD label","usb_security","","","",""
"cat_security","5","Label","GUI submenu/CMD label","bitlocker_tools","","","",""
"cat_security","6","Label","GUI submenu/CMD label","malware_cleanup","","","",""
"cat_security","7","Label","GUI submenu/CMD label","net_security","","","",""
"cat_security","8","Label","GUI submenu/CMD label","privacy_settings","","","",""
"cat_security","9","Label","GUI submenu/CMD label","security_audit","","","",""
"defender_tools","P","Label","GUI submenu/CMD label","problem_master_hub","","","",""
"defender_tools","1","Inline","GUI direct runner","defender_tools","","","","start """" windowsdefender: & goto defender_tools"
"defender_tools","2","Inline","GUI direct runner","defender_tools","","","","powershell -command ""Start-MpScan -ScanType QuickScan"" & pause & goto defender_tools"
"defender_tools","3","Inline","GUI direct runner","defender_tools","","","","powershell -command ""Start-MpScan -ScanType FullScan"" & pause & goto defender_tools"
"defender_tools","4","Inline","GUI direct runner","defender_tools","","","","powershell -command ""Start-MpWDOScan"" & pause & goto defender_tools"
"defender_tools","5","Inline","GUI direct runner","defender_tools","","","","powershell -command ""Update-MpSignature"" & echo Definitions Updated. & pause & goto defender_tools"
"defender_tools","6","Inline","GUI direct runner","defender_tools","","","","powershell -command ""Get-MpComputerStatus"" & pause & goto defender_tools"
"defender_tools","7","Inline","GUI direct runner","defender_tools","","","","powershell -command ""Set-MpPreference -DisableRealtimeMonitoring $false"" & echo Defender Enabled. & pause & goto defender_tools"
"defender_tools","8","Inline","GUI visible interactive runner","defender_tools","","","","echo WARNING: Disabling Defender is dangerous! & set ""confirm="" & set /p confirm=Type YES to continue: & if ""!confirm!""==""YES"" powershell -command ""Set-MpPreference -DisableRealtimeMonitoring $true"" & pause & goto defender_tools"
"defender_tools","9","Inline","GUI visible interactive runner","defender_tools","","","","set ""exclude_path="" & set /p exclude_path=Path to exclude: & powershell -command ""Add-MpPreference -ExclusionPath '!exclude_path!'"" & echo Exclusion added. & pause & goto defender_tools"
"defender_tools","10","Inline","GUI direct runner","defender_tools","","","","powershell -command ""Get-MpPreference | Select-Object ExclusionPath,ExclusionProcess"" & pause & goto defender_tools"
"defender_tools","11","Inline","GUI direct runner","defender_tools","","","","powershell -command ""Get-MpThreatDetection"" & pause & goto defender_tools"
"defender_tools","12","Inline","GUI direct runner","defender_tools","","","","powershell -command ""Get-MpThreat"" & pause & goto defender_tools"
"defender_tools","13","Inline","GUI direct runner","defender_tools","","","","powershell -command ""Set-MpPreference -MAPSReporting Advanced"" & echo Cloud Protection ON. & pause & goto defender_tools"
"defender_tools","14","Inline","GUI direct runner","defender_tools","","","","powershell -command ""Set-MpPreference -PUAProtection Enabled"" & echo PUA Protection ON. & pause & goto defender_tools"
"defender_tools","15","Inline","GUI direct runner","defender_tools","","","","powershell -command ""Set-MpPreference -DisableRealtimeMonitoring $false"" & echo Real-Time Protection ON. & pause & goto defender_tools"
"user_security","P","Label","GUI submenu/CMD label","problem_master_hub","","","",""
"user_security","1","Inline","GUI direct runner","user_security","","","","net user & pause & goto user_security"
"user_security","2","Inline","GUI visible interactive runner","user_security","","","","set ""user="" & set /p user=Username: & set ""pass="" & set /p pass=Password: & net user !user! !pass! /add & echo User created. & pause & goto user_security"
"user_security","3","Inline","GUI visible interactive runner","user_security","","","","set ""user="" & set /p user=Username to delete: & net user !user! /delete & pause & goto user_security"
"user_security","4","Inline","GUI visible interactive runner","user_security","","","","set ""user="" & set /p user=Username: & set ""pass="" & set /p pass=New Password: & net user !user! !pass! & pause & goto user_security"
"user_security","5","Inline","GUI visible interactive runner","user_security","","","","set ""user="" & set /p user=Username: & net localgroup Administrators !user! /add & pause & goto user_security"
"user_security","6","Inline","GUI visible interactive runner","user_security","","","","set ""user="" & set /p user=Username: & net localgroup Administrators !user! /delete & pause & goto user_security"
"user_security","7","Inline","GUI visible interactive runner","user_security","","","","set ""user="" & set /p user=Username: & net user !user! /active:yes & pause & goto user_security"
"user_security","8","Inline","GUI visible interactive runner","user_security","","","","set ""user="" & set /p user=Username: & net user !user! /active:no & pause & goto user_security"
"user_security","9","Inline","GUI direct runner","user_security","","","","net user Guest /active:no & echo Guest Account Disabled. & pause & goto user_security"
"user_security","10","Inline","GUI direct runner","user_security","","","","net user Guest /active:yes & echo Guest Account Enabled. & pause & goto user_security"
"user_security","11","Inline","GUI direct runner","user_security","","","","net accounts & pause & goto user_security"
"user_security","12","Inline","GUI visible interactive runner","user_security","","","","set ""minlen="" & set /p minlen=Min Password Length: & net accounts /minpwlen:!minlen! & pause & goto user_security"
"user_security","13","Inline","GUI visible interactive runner","user_security","","","","set ""max="" & set /p max=Max bad logon attempts: & net accounts /lockoutthreshold:!max! & pause & goto user_security"
"user_security","14","Inline","GUI direct runner","user_security","","","","start """" secpol.msc & pause & goto user_security"
"user_security","15","Inline","GUI direct runner","user_security","","","","start """" control /name Microsoft.CredentialManager & pause & goto user_security"
"usb_security","P","Label","GUI submenu/CMD label","problem_master_hub","","","",""
"usb_security","1","Inline","GUI direct runner","usb_security","","","","reg add ""HKLM\SYSTEM\CurrentControlSet\Services\USBSTOR"" /v Start /t REG_DWORD /d 4 /f & echo USB Storage BLOCKED. & pause & goto usb_security"
"usb_security","2","Inline","GUI direct runner","usb_security","","","","reg add ""HKLM\SYSTEM\CurrentControlSet\Services\USBSTOR"" /v Start /t REG_DWORD /d 3 /f & echo USB Storage ALLOWED. & pause & goto usb_security"
"usb_security","3","Inline","GUI direct runner","usb_security","","","","reg query ""HKLM\SYSTEM\CurrentControlSet\Services\USBSTOR"" /v Start & pause & goto usb_security"
"usb_security","4","Inline","GUI direct runner","usb_security","","","","reg add ""HKLM\SOFTWARE\Microsoft\Windows NT\CurrentVersion\IniFileMapping\Autorun.inf"" /ve /t REG_SZ /d ""@SYS:DoesNotExist"" /f & echo Autorun Disabled. & pause & goto usb_security"
"usb_security","5","Inline","GUI direct runner","usb_security","","","","reg delete ""HKLM\SOFTWARE\Microsoft\Windows NT\CurrentVersion\IniFileMapping\Autorun.inf"" /f & echo Autorun Enabled. & pause & goto usb_security"
"usb_security","6","Inline","GUI direct runner","usb_security","","","","start """" gpedit.msc & echo Go to: Computer Config - Admin Templates - System - Device Installation & pause & goto usb_security"
"usb_security","7","Inline","GUI direct runner","usb_security","","","","start """" gpedit.msc & goto usb_security"
"usb_security","8","Inline","GUI direct runner","usb_security","","","","pnputil /enum-devices /class USB & pause & goto usb_security"
"usb_security","9","Inline","GUI direct runner","usb_security","","","","reg add ""HKLM\SYSTEM\CurrentControlSet\Services\cdrom"" /v Start /t REG_DWORD /d 4 /f & echo CD/DVD Disabled. & pause & goto usb_security"
"usb_security","10","Inline","GUI direct runner","usb_security","","","","reg add ""HKLM\SYSTEM\CurrentControlSet\Services\cdrom"" /v Start /t REG_DWORD /d 1 /f & echo CD/DVD Enabled. & pause & goto usb_security"
"bitlocker_tools","P","Label","GUI submenu/CMD label","problem_master_hub","","","",""
"bitlocker_tools","1","Inline","GUI direct runner","bitlocker_tools","","","","manage-bde -status & pause & goto bitlocker_tools"
"bitlocker_tools","2","Inline","GUI direct runner","bitlocker_tools","","","","manage-bde -on C: & echo BitLocker enabling on C:. & pause & goto bitlocker_tools"
"bitlocker_tools","3","Inline","GUI direct runner","bitlocker_tools","","","","manage-bde -off C: & echo BitLocker disabling on C:. & pause & goto bitlocker_tools"
"bitlocker_tools","4","Inline","GUI direct runner","bitlocker_tools","","","","start """" control /name Microsoft.BitLockerDriveEncryption & goto bitlocker_tools"
"bitlocker_tools","5","Inline","GUI direct runner","bitlocker_tools","","","","manage-bde -protectors -get C: & pause & goto bitlocker_tools"
"bitlocker_tools","6","Inline","GUI visible interactive runner","bitlocker_tools","","","","set ""drv="" & set /p drv=Drive Letter: & set ""key="" & set /p key=Recovery Key: & manage-bde -unlock !drv!: -RecoveryKey ""!key!"" & pause & goto bitlocker_tools"
"bitlocker_tools","7","Inline","GUI visible interactive runner","bitlocker_tools","","","","set ""drv="" & set /p drv=USB Drive Letter: & manage-bde -on !drv!: & pause & goto bitlocker_tools"
"bitlocker_tools","8","Inline","GUI direct runner","bitlocker_tools","","","","cipher /status & pause & goto bitlocker_tools"
"malware_cleanup","P","Label","GUI submenu/CMD label","problem_master_hub","","","",""
"malware_cleanup","1","Inline","GUI direct runner","malware_cleanup","","","","start """" mrt & goto malware_cleanup"
"malware_cleanup","2","Inline","GUI direct runner","malware_cleanup","","","","powershell -command ""Start-MpScan -ScanType FullScan"" & pause & goto malware_cleanup"
"malware_cleanup","3","Inline","GUI embedded Toolkit helper runner","malware_cleanup","clean_folder_contents;clean_folder_contents","","","call :clean_folder_contents ""%TEMP%"" ""User Temp"" & call :clean_folder_contents ""C:\Windows\Temp"" ""Windows Temp"" & echo Temp Cleaned. & pause & goto malware_cleanup"
"malware_cleanup","4","Inline","GUI direct runner","malware_cleanup","","","","reg query HKCU\SOFTWARE\Microsoft\Windows\CurrentVersion\Run & reg query HKLM\SOFTWARE\Microsoft\Windows\CurrentVersion\Run & pause & goto malware_cleanup"
"malware_cleanup","5","Inline","GUI direct runner","malware_cleanup","","","","tasklist & pause & goto malware_cleanup"
"malware_cleanup","6","Inline","GUI direct runner","malware_cleanup","","","","type C:\Windows\System32\drivers\etc\hosts & pause & goto malware_cleanup"
"malware_cleanup","7","Inline","GUI direct runner","malware_cleanup","","","","echo Restart in Safe Mode then run this toolkit again. & pause & goto malware_cleanup"
"malware_cleanup","8","Inline","GUI direct runner","malware_cleanup","","","","bcdedit /set {current} safeboot minimal & echo Restart to boot in Safe Mode. & pause & goto malware_cleanup"
"malware_cleanup","9","Inline","GUI direct runner","malware_cleanup","","","","echo Killing known malware process names...
    for %%p in (rat.exe keylogger.exe malware.exe trojan.exe virus.exe worm.exe backdoor.exe) do (
        taskkill /f /im %%p >nul 2>&1
    )
    echo Done.
    pause & goto malware_cleanup"
"malware_cleanup","10","Inline","GUI direct runner","malware_cleanup","","","","reg delete HKCU\SOFTWARE\Microsoft\Windows\CurrentVersion\Explorer\RunMRU /va /f & echo Run History Cleared. & pause & goto malware_cleanup"
"malware_cleanup","11","Inline","GUI embedded Toolkit helper runner","malware_cleanup","one_clean_core","","","call :one_clean_core & echo All Temp Cleaned. & pause & goto malware_cleanup"
"malware_cleanup","12","Inline","GUI direct runner","malware_cleanup","","","","start """" taskmgr & pause & goto malware_cleanup"
"malware_cleanup","13","Inline","GUI embedded Toolkit helper runner","malware_cleanup","clean_folder_contents;clean_folder_contents","","","echo ONE CLICK MALWARE REMOVAL RUNNING...
    call :clean_folder_contents ""%TEMP%"" ""User Temp""
    call :clean_folder_contents ""C:\Windows\Temp"" ""Windows Temp""
    powershell -command ""Start-MpScan -ScanType QuickScan""
    reg query HKCU\SOFTWARE\Microsoft\Windows\CurrentVersion\Run
    echo DONE. Check scan results above.
    pause & goto malware_cleanup"
"net_security","P","Label","GUI submenu/CMD label","problem_master_hub","","","",""
"net_security","1","Inline","GUI direct runner","net_security","","","","netstat -ano & pause & goto net_security"
"net_security","2","Inline","GUI direct runner","net_security","","","","netstat -an ^| findstr LISTENING & pause & goto net_security"
"net_security","3","Inline","GUI direct runner","net_security","","","","netstat -ano ^| findstr ESTABLISHED & pause & goto net_security"
"net_security","4","Inline","GUI direct runner","net_security","","","","reg add ""HKLM\SYSTEM\CurrentControlSet\Control\Terminal Server\WinStations\RDP-Tcp"" /v UserAuthentication /t REG_DWORD /d 1 /f & echo NLA Enabled for RDP. & pause & goto net_security"
"net_security","5","Inline","GUI direct runner","net_security","","","","powershell -command ""Set-SmbServerConfiguration -EnableSMB1Protocol $false -Force"" & echo SMBv1 Disabled. & pause & goto net_security"
"net_security","6","Inline","GUI direct runner","net_security","","","","netsh advfirewall reset & echo Firewall Reset. & pause & goto net_security"
"net_security","7","Inline","GUI direct runner","net_security","","","","powershell -command ""Set-MpPreference -EnableNetworkProtection Enabled"" & echo Network Protection ON. & pause & goto net_security"
"net_security","8","Inline","GUI direct runner","net_security","","","","powershell -command ""Set-MpPreference -AttackSurfaceReductionRules_Ids * -AttackSurfaceReductionRules_Actions Enabled"" & pause & goto net_security"
"net_security","9","Inline","GUI direct runner","net_security","","","","start """" ms-settings:network-proxy & echo Enable DNS over HTTPS in Network settings. & pause & goto net_security"
"net_security","10","Inline","GUI direct runner","net_security","","","","getmac /v & pause & goto net_security"
"privacy_settings","P","Label","GUI submenu/CMD label","problem_master_hub","","","",""
"privacy_settings","1","Inline","GUI direct runner","privacy_settings","","","","start """" ms-settings:privacy & goto privacy_settings"
"privacy_settings","2","Inline","GUI direct runner","privacy_settings","","","","reg add ""HKLM\SOFTWARE\Policies\Microsoft\Windows\DataCollection"" /v AllowTelemetry /t REG_DWORD /d 0 /f & echo Telemetry Disabled. & pause & goto privacy_settings"
"privacy_settings","3","Inline","GUI direct runner","privacy_settings","","","","reg add ""HKLM\SOFTWARE\Policies\Microsoft\Windows\System"" /v EnableActivityFeed /t REG_DWORD /d 0 /f & echo Activity History Disabled. & pause & goto privacy_settings"
"privacy_settings","4","Inline","GUI direct runner","privacy_settings","","","","reg add ""HKLM\SOFTWARE\Microsoft\Windows\CurrentVersion\CapabilityAccessManager\ConsentStore\location"" /v Value /t REG_SZ /d Deny /f & echo Location Disabled. & pause & goto privacy_settings"
"privacy_settings","5","Inline","GUI direct runner","privacy_settings","","","","reg add ""HKCU\SOFTWARE\Microsoft\Windows\CurrentVersion\AdvertisingInfo"" /v Enabled /t REG_DWORD /d 0 /f & echo Advertising ID Disabled. & pause & goto privacy_settings"
"privacy_settings","6","Inline","GUI direct runner","privacy_settings","","","","reg add ""HKLM\SOFTWARE\Microsoft\Windows\CurrentVersion\CapabilityAccessManager\ConsentStore\webcam"" /v Value /t REG_SZ /d Deny /f & echo Camera Access Disabled. & pause & goto privacy_settings"
"privacy_settings","7","Inline","GUI direct runner","privacy_settings","","","","reg add ""HKLM\SOFTWARE\Microsoft\Windows\CurrentVersion\CapabilityAccessManager\ConsentStore\microphone"" /v Value /t REG_SZ /d Deny /f & echo Microphone Disabled. & pause & goto privacy_settings"
"privacy_settings","8","Inline","GUI direct runner","privacy_settings","","","","echo off ^| clip & echo Clipboard Cleared. & pause & goto privacy_settings"
"privacy_settings","9","Inline","GUI direct runner","privacy_settings","","","","reg delete HKCU\SOFTWARE\Microsoft\Windows\CurrentVersion\Explorer\WordWheelQuery /va /f & echo Search History Cleared. & pause & goto privacy_settings"
"privacy_settings","10","Inline","GUI direct runner","privacy_settings","","","","reg add ""HKLM\SOFTWARE\Policies\Microsoft\Windows\Windows Search"" /v AllowCortana /t REG_DWORD /d 0 /f & echo Cortana Disabled. & pause & goto privacy_settings"
"privacy_settings","11","Inline","GUI direct runner","privacy_settings","","","","reg add ""HKLM\SOFTWARE\Policies\Microsoft\Windows\System"" /v EnableActivityFeed /t REG_DWORD /d 0 /f & echo Timeline Disabled. & pause & goto privacy_settings"
"privacy_settings","12","Inline","GUI direct runner","privacy_settings","","","","powershell -command ""Clear-ActivityHistory"" >nul 2>&1 & echo Activity History Cleared. & pause & goto privacy_settings"
"privacy_settings","13","Inline","GUI direct runner","privacy_settings","","","","reg add ""HKLM\SOFTWARE\Policies\Microsoft\Windows\DataCollection"" /v AllowTelemetry /t REG_DWORD /d 1 /f & echo Telemetry Enabled. & pause & goto privacy_settings"
"privacy_settings","14","Inline","GUI direct runner","privacy_settings","","","","reg add ""HKLM\SOFTWARE\Policies\Microsoft\Windows\System"" /v EnableActivityFeed /t REG_DWORD /d 1 /f & echo Activity History Enabled. & pause & goto privacy_settings"
"privacy_settings","15","Inline","GUI direct runner","privacy_settings","","","","reg add ""HKLM\SOFTWARE\Microsoft\Windows\CurrentVersion\CapabilityAccessManager\ConsentStore\location"" /v Value /t REG_SZ /d Allow /f & echo Location Enabled. & pause & goto privacy_settings"
"privacy_settings","16","Inline","GUI direct runner","privacy_settings","","","","reg add ""HKCU\SOFTWARE\Microsoft\Windows\CurrentVersion\AdvertisingInfo"" /v Enabled /t REG_DWORD /d 1 /f & echo Advertising ID Enabled. & pause & goto privacy_settings"
"privacy_settings","17","Inline","GUI direct runner","privacy_settings","","","","reg add ""HKLM\SOFTWARE\Microsoft\Windows\CurrentVersion\CapabilityAccessManager\ConsentStore\webcam"" /v Value /t REG_SZ /d Allow /f & echo Camera Access Enabled. & pause & goto privacy_settings"
"privacy_settings","18","Inline","GUI direct runner","privacy_settings","","","","reg add ""HKLM\SOFTWARE\Microsoft\Windows\CurrentVersion\CapabilityAccessManager\ConsentStore\microphone"" /v Value /t REG_SZ /d Allow /f & echo Microphone Enabled. & pause & goto privacy_settings"
"privacy_settings","19","Inline","GUI direct runner","privacy_settings","","","","reg add ""HKLM\SOFTWARE\Policies\Microsoft\Windows\Windows Search"" /v AllowCortana /t REG_DWORD /d 1 /f & echo Cortana Enabled. & pause & goto privacy_settings"
"privacy_settings","20","Inline","GUI direct runner","privacy_settings","","","","reg add ""HKLM\SOFTWARE\Policies\Microsoft\Windows\System"" /v EnableActivityFeed /t REG_DWORD /d 1 /f & echo Timeline Enabled. & pause & goto privacy_settings"
"cat_performance","P","Label","GUI submenu/CMD label","problem_master_hub","","","",""
"cat_performance","1","Label","GUI submenu/CMD label","sys_cleanup","","","",""
"cat_performance","2","Label","GUI submenu/CMD label","ram_optimizer","","","",""
"cat_performance","3","Label","GUI submenu/CMD label","speed_booster","","","",""
"cat_performance","4","Label","GUI submenu/CMD label","disk_defrag","","","",""
"cat_performance","5","Label","GUI submenu/CMD label","visual_effects","","","",""
"cat_performance","6","Label","GUI submenu/CMD label","bsod_fix","","","",""
"cat_performance","7","Label","GUI submenu/CMD label","prefetch_cache","","","",""
"cat_performance","8","Label","GUI submenu/CMD label","win_indexing","","","",""
"cat_performance","9","Label","GUI submenu/CMD label","adv_cleanup","","","",""
"cat_performance","10","Label","GUI submenu/CMD label","performance_minimum_boost","","","",""
"cat_performance","11","Label","GUI submenu/CMD label","performance_boost_restore","","","",""
"sys_cleanup","P","Label","GUI submenu/CMD label","problem_master_hub","","","",""
"sys_cleanup","1","Inline","GUI direct runner","sys_cleanup","","","","cleanmgr & goto sys_cleanup"
"sys_cleanup","2","Inline","GUI embedded Toolkit helper runner","sys_cleanup","clean_folder_contents","","","call :clean_folder_contents ""%TEMP%"" ""User Temp"" & pause & goto sys_cleanup"
"sys_cleanup","3","Inline","GUI embedded Toolkit helper runner","sys_cleanup","clean_folder_contents","","","call :clean_folder_contents ""C:\Windows\Temp"" ""Windows Temp"" & pause & goto sys_cleanup"
"sys_cleanup","4","Inline","GUI embedded Toolkit helper runner","sys_cleanup","clean_folder_contents","","","call :clean_folder_contents ""C:\Windows\Prefetch"" ""Prefetch"" & pause & goto sys_cleanup"
"sys_cleanup","5","Inline","GUI direct runner","sys_cleanup","","","","rd /s /q C:\$Recycle.Bin >nul 2>&1 & echo Recycle Bin Cleared. & pause & goto sys_cleanup"
"sys_cleanup","6","Inline","GUI direct runner","sys_cleanup","","","","ipconfig /flushdns & echo DNS Cache Cleared. & pause & goto sys_cleanup"
"sys_cleanup","7","Inline","GUI direct runner","sys_cleanup","","","","for /F ""tokens=*"" %%G in ('wevtutil.exe el') DO wevtutil.exe cl ""%%G"" 2>nul & echo Event Logs Cleared. & pause & goto sys_cleanup"
"sys_cleanup","8","Inline","GUI embedded Toolkit helper runner","sys_cleanup","clean_browser_caches","","","call :clean_browser_caches & pause & goto sys_cleanup"
"sys_cleanup","9","Inline","GUI direct runner","sys_cleanup","","","","DISM /Online /Cleanup-Image /StartComponentCleanup & pause & goto sys_cleanup"
"sys_cleanup","10","Inline","GUI embedded Toolkit helper runner","sys_cleanup","clean_folder_contents","","","call :clean_folder_contents ""C:\Windows\SoftwareDistribution\DeliveryOptimization"" ""Delivery Optimization"" & pause & goto sys_cleanup"
"sys_cleanup","11","Inline","GUI direct runner","sys_cleanup","","","","DISM /Online /Cleanup-Image /StartComponentCleanup /ResetBase & pause & goto sys_cleanup"
"sys_cleanup","12","Inline","GUI embedded Toolkit helper runner","sys_cleanup","one_clean_core","","","echo ONE CLICK ALL CLEAN RUNNING...
    call :one_clean_core
    ipconfig /flushdns >nul 2>&1
    for /F ""tokens=*"" %%G in ('wevtutil.exe el') DO wevtutil.exe cl ""%%G"" 2>nul
    echo ALL CLEAN DONE!
    pause & goto sys_cleanup"
"sys_cleanup","13","Inline","GUI embedded Toolkit helper runner","sys_cleanup","one_clean_core","","","call :one_clean_core & echo ONE CLEAN DONE! & pause & goto sys_cleanup"
"ram_optimizer","P","Label","GUI submenu/CMD label","problem_master_hub","","","",""
"ram_optimizer","1","Inline","GUI direct runner","ram_optimizer","","","","powershell -command ""while($true){$f=[math]::Round((Get-WmiObject Win32_OS).FreePhysicalMemory/1MB,2);$t=[math]::Round((Get-WmiObject Win32_CS).TotalPhysicalMemory/1GB,2);Write-Host 'Free:' $f 'GB / Total:' $t 'GB' -ForegroundColor Cyan;Start-Sleep 2;cls}"" & goto ram_optimizer"
"ram_optimizer","2","Inline","GUI direct runner","ram_optimizer","","","","powershell -command ""[System.GC]::Collect()"" & echo RAM Freed - GC collected. & pause & goto ram_optimizer"
"ram_optimizer","3","Inline","GUI direct runner","ram_optimizer","","","","powershell -command ""while($true){$cpu=(Get-WmiObject Win32_Processor).LoadPercentage;Write-Host 'CPU Usage:' $cpu'%%' -ForegroundColor Yellow;Start-Sleep 2;cls}"" & goto ram_optimizer"
"ram_optimizer","4","Inline","GUI direct runner","ram_optimizer","","","","powershell -command ""Get-Process | Sort-Object CPU -Descending | Select-Object -First 10 Name,CPU,Id | Format-Table -AutoSize"" & pause & goto ram_optimizer"
"ram_optimizer","5","Inline","GUI direct runner","ram_optimizer","","","","powershell -command ""Get-Process | Sort-Object WorkingSet64 -Descending | Select-Object -First 10 Name,@{Name='RAM(MB)';Expression={[math]::Round($_.WorkingSet64/1MB,1)}},Id | Format-Table -AutoSize"" & pause & goto ram_optimizer"
"ram_optimizer","6","Inline","GUI direct runner","ram_optimizer","","","","start """" sysdm.cpl & goto ram_optimizer"
"ram_optimizer","7","Inline","GUI direct runner","ram_optimizer","","","","sc stop SysMain & sc config SysMain start= disabled & echo SysMain Disabled. & pause & goto ram_optimizer"
"ram_optimizer","8","Inline","GUI direct runner","ram_optimizer","","","","sc config SysMain start= auto & sc start SysMain & echo SysMain Enabled. & pause & goto ram_optimizer"
"ram_optimizer","9","Inline","GUI direct runner","ram_optimizer","","","","net stop wsearch & sc config wsearch start= disabled & echo Windows Search Disabled. & pause & goto ram_optimizer"
"ram_optimizer","10","Inline","GUI direct runner","ram_optimizer","","","","sc config wsearch start= auto & net start wsearch & echo Windows Search Enabled. & pause & goto ram_optimizer"
"ram_optimizer","11","Inline","GUI direct runner","ram_optimizer","","","","powershell -NoProfile -ExecutionPolicy Bypass -Command ""Get-CimInstance Win32_PhysicalMemory | Select-Object @{Name='CapacityGB';Expression={[math]::Round($_.Capacity/1GB,2)}},Speed,Manufacturer | Format-Table -AutoSize"" & pause & goto ram_optimizer"
"ram_optimizer","12","Inline","GUI embedded Toolkit helper runner","ram_optimizer","ps_cpu_info","","","call :ps_cpu_info & pause & goto ram_optimizer"
"speed_booster","P","Label","GUI submenu/CMD label","problem_master_hub","","","",""
"speed_booster","1","Inline","GUI direct runner","speed_booster","","","","powercfg /setactive SCHEME_MIN & echo High Performance Mode ON. & pause & goto speed_booster"
"speed_booster","2","Inline","GUI direct runner","speed_booster","","","","powercfg /duplicatescheme e9a42b02-d5df-448d-aa00-03f14749eb61 & echo Ultimate Performance added. Check Power Options. & pause & goto speed_booster"
"speed_booster","3","Inline","GUI direct runner","speed_booster","","","","reg add ""HKCU\Software\Microsoft\Windows\CurrentVersion\Explorer\VisualEffects"" /v VisualFXSetting /t REG_DWORD /d 2 /f & echo Animations Disabled. & pause & goto speed_booster"
"speed_booster","4","Inline","GUI direct runner","speed_booster","","","","reg add ""HKCU\SOFTWARE\Microsoft\Windows\CurrentVersion\Themes\Personalize"" /v EnableTransparency /t REG_DWORD /d 0 /f & echo Transparency Disabled. & pause & goto speed_booster"
"speed_booster","5","Inline","GUI direct runner","speed_booster","","","","start """" taskmgr & echo Go to Startup tab and disable unnecessary apps. & pause & goto speed_booster"
"speed_booster","6","Inline","GUI direct runner","speed_booster","","","","powershell -command ""Set-ItemProperty -Path 'HKCU:\Software\Microsoft\Windows\CurrentVersion\Explorer\VisualEffects' -Name 'VisualFXSetting' -Value 2"" & echo Visual Effects set for Performance. & pause & goto speed_booster"
"speed_booster","7","Inline","GUI direct runner","speed_booster","","","","defrag C: /U /V /X & echo SSD TRIM Done. & pause & goto speed_booster"
"speed_booster","8","Inline","GUI direct runner","speed_booster","","","","defrag C: /U /V & echo Defrag Done. & pause & goto speed_booster"
"speed_booster","9","Inline","GUI direct runner","speed_booster","","","","reg add ""HKLM\SYSTEM\CurrentControlSet\Control\Session Manager\Power"" /v HiberbootEnabled /t REG_DWORD /d 1 /f & echo Fast Boot Enabled. & pause & goto speed_booster"
"speed_booster","10","Label","GUI submenu/CMD label","performance_minimum_boost","","","",""
"speed_booster","11","Inline","GUI direct runner","speed_booster","","","","reg add ""HKCU\Software\Microsoft\Windows\CurrentVersion\Explorer\VisualEffects"" /v VisualFXSetting /t REG_DWORD /d 1 /f & echo Animations Enabled. & pause & goto speed_booster"
"speed_booster","12","Inline","GUI direct runner","speed_booster","","","","reg add ""HKCU\SOFTWARE\Microsoft\Windows\CurrentVersion\Themes\Personalize"" /v EnableTransparency /t REG_DWORD /d 1 /f & echo Transparency Enabled. & pause & goto speed_booster"
"speed_booster","13","Label","GUI submenu/CMD label","performance_boost_restore","","","",""
"bsod_fix","P","Label","GUI submenu/CMD label","problem_master_hub","","","",""
"bsod_fix","1","Inline","GUI direct runner","bsod_fix","","","","sfc /scannow & pause & goto bsod_fix"
"bsod_fix","2","Inline","GUI direct runner","bsod_fix","","","","DISM /Online /Cleanup-Image /RestoreHealth & pause & goto bsod_fix"
"bsod_fix","3","Inline","GUI direct runner","bsod_fix","","","","verifier & goto bsod_fix"
"bsod_fix","4","Inline","GUI direct runner","bsod_fix","","","","start """" mdsched.exe & goto bsod_fix"
"bsod_fix","5","Inline","GUI direct runner","bsod_fix","","","","dir C:\Windows\Minidump & pause & goto bsod_fix"
"bsod_fix","6","Inline","GUI direct runner","bsod_fix","","","","eventvwr.msc & goto bsod_fix"
"bsod_fix","7","Inline","GUI embedded Toolkit helper runner","bsod_fix","ps_auto_pagefile","","","call :ps_auto_pagefile & pause & goto bsod_fix"
"bsod_fix","8","Inline","GUI direct runner","bsod_fix","","","","verifier /reset & echo Driver Verifier Disabled. Restart PC. & pause & goto bsod_fix"
"bsod_fix","9","Inline","GUI direct runner","bsod_fix","","","","powershell -command ""Get-WinEvent -LogName System | Where-Object {$_.LevelDisplayName -eq 'Critical'} | Select-Object -First 20 TimeCreated,Message | Out-File '%USERPROFILE%\Desktop\BSOD_Log.txt'"" & echo Log saved to Desktop. & pause & goto bsod_fix"
"bsod_fix","10","Inline","GUI direct runner","bsod_fix","","","","explorer C:\Windows\Minidump & goto bsod_fix"
"bsod_fix","11","Inline","GUI direct runner","","","","","shutdown /r /o /f /t 0"
"bsod_fix","12","Inline","GUI direct runner","bsod_fix","","","","start """" devmgmt.msc & echo Right-click device - Properties - Driver - Roll Back Driver & pause & goto bsod_fix"
"disk_defrag","P","Label","GUI submenu/CMD label","problem_master_hub","","","",""
"disk_defrag","1","Inline","GUI direct runner","disk_defrag","","","","defrag C: /U /V & pause & goto disk_defrag"
"disk_defrag","2","Inline","GUI direct runner","disk_defrag","","","","defrag C: /U /V /X & pause & goto disk_defrag"
"disk_defrag","3","Inline","GUI direct runner","disk_defrag","","","","defrag C: /A & pause & goto disk_defrag"
"disk_defrag","4","Inline","GUI direct runner","disk_defrag","","","","defrag * /U /V & pause & goto disk_defrag"
"disk_defrag","5","Inline","GUI direct runner","disk_defrag","","","","dfrgui & goto disk_defrag"
"visual_effects","P","Label","GUI submenu/CMD label","problem_master_hub","","","",""
"visual_effects","1","Inline","GUI direct runner","visual_effects","","","","reg add ""HKCU\Software\Microsoft\Windows\CurrentVersion\Explorer\VisualEffects"" /v VisualFXSetting /t REG_DWORD /d 2 /f & echo Best Performance set. & pause & goto visual_effects"
"visual_effects","2","Inline","GUI direct runner","visual_effects","","","","reg add ""HKCU\Software\Microsoft\Windows\CurrentVersion\Explorer\VisualEffects"" /v VisualFXSetting /t REG_DWORD /d 1 /f & echo Best Appearance set. & pause & goto visual_effects"
"visual_effects","3","Inline","GUI direct runner","visual_effects","","","","reg add ""HKCU\Control Panel\Desktop"" /v UserPreferencesMask /t REG_BINARY /d 9012078010000000 /f & echo Animations Disabled. & pause & goto visual_effects"
"visual_effects","4","Inline","GUI direct runner","visual_effects","","","","reg add ""HKCU\SOFTWARE\Microsoft\Windows\CurrentVersion\Themes\Personalize"" /v EnableTransparency /t REG_DWORD /d 0 /f & echo Transparency Off. & pause & goto visual_effects"
"visual_effects","5","Inline","GUI direct runner","visual_effects","","","","start """" sysdm.cpl & goto visual_effects"
"prefetch_cache","P","Label","GUI submenu/CMD label","problem_master_hub","","","",""
"prefetch_cache","1","Inline","GUI embedded Toolkit helper runner","prefetch_cache","clean_folder_contents","","","call :clean_folder_contents ""C:\Windows\Prefetch"" ""Prefetch"" & pause & goto prefetch_cache"
"prefetch_cache","2","Inline","GUI direct runner","prefetch_cache","","","","ipconfig /flushdns & echo DNS Cleared. & pause & goto prefetch_cache"
"prefetch_cache","3","Inline","GUI direct runner","prefetch_cache","","","","net stop fontcache & del /f /q ""C:\Windows\ServiceProfiles\LocalService\AppData\Local\FontCache*"" >nul 2>&1 & net start fontcache & echo Font Cache Cleared. & pause & goto prefetch_cache"
"prefetch_cache","4","Inline","GUI embedded Toolkit helper runner","prefetch_cache","clean_thumbnail_cache","","","call :clean_thumbnail_cache & pause & goto prefetch_cache"
"prefetch_cache","5","Inline","GUI embedded Toolkit helper runner","prefetch_cache","clean_icon_cache","","","call :clean_icon_cache & pause & goto prefetch_cache"
"prefetch_cache","6","Inline","GUI embedded Toolkit helper runner","prefetch_cache","clean_browser_caches","","","call :clean_browser_caches & pause & goto prefetch_cache"
"win_indexing","P","Label","GUI submenu/CMD label","problem_master_hub","","","",""
"win_indexing","1","Inline","GUI direct runner","win_indexing","","","","start """" control /name Microsoft.IndexingOptions & goto win_indexing"
"win_indexing","2","Inline","GUI direct runner","win_indexing","","","","sc stop wsearch & sc config wsearch start= disabled & echo Search Indexing Disabled. & pause & goto win_indexing"
"win_indexing","3","Inline","GUI direct runner","win_indexing","","","","sc config wsearch start= auto & net start wsearch & echo Search Indexing Enabled. & pause & goto win_indexing"
"win_indexing","4","Inline","GUI direct runner","win_indexing","","","","sc stop wsearch & del /f /s /q ""C:\ProgramData\Microsoft\Search\Data\Applications\Windows\*"" >nul 2>&1 & sc start wsearch & echo Index Rebuilt. & pause & goto win_indexing"
"win_indexing","5","Inline","GUI direct runner","win_indexing","","","","start """" ms-settings:search & goto win_indexing"
"adv_cleanup","P","Label","GUI submenu/CMD label","problem_master_hub","","","",""
"adv_cleanup","1","Inline","GUI direct runner","adv_cleanup","","","","DISM /Online /Cleanup-Image /StartComponentCleanup /ResetBase & pause & goto adv_cleanup"
"adv_cleanup","2","Inline","GUI direct runner","adv_cleanup","","","","DISM /Online /Cleanup-Image /StartComponentCleanup & pause & goto adv_cleanup"
"adv_cleanup","3","Inline","GUI embedded Toolkit helper runner","adv_cleanup","clean_folder_contents","","","call :clean_folder_contents ""C:\Windows\SoftwareDistribution\DeliveryOptimization"" ""Delivery Optimization"" & pause & goto adv_cleanup"
"adv_cleanup","4","Inline","GUI embedded Toolkit helper runner","adv_cleanup","clean_folder_contents","","","call :clean_folder_contents ""C:\ProgramData\Microsoft\Windows\WER"" ""Windows Error Reports"" & pause & goto adv_cleanup"
"adv_cleanup","5","Inline","GUI embedded Toolkit helper runner","adv_cleanup","clean_crash_dumps","","","call :clean_crash_dumps & pause & goto adv_cleanup"
"adv_cleanup","6","Inline","GUI direct runner","adv_cleanup","","","","for /F ""tokens=*"" %%G in ('wevtutil.exe el') DO wevtutil.exe cl ""%%G"" 2>nul & echo Logs Cleared. & pause & goto adv_cleanup"
"adv_cleanup","7","Inline","GUI embedded Toolkit helper runner","adv_cleanup","clean_folder_contents;clean_folder_contents;clean_crash_dumps","","","DISM /Online /Cleanup-Image /StartComponentCleanup >nul 2>&1
    call :clean_folder_contents ""C:\Windows\SoftwareDistribution\DeliveryOptimization"" ""Delivery Optimization""
    call :clean_folder_contents ""C:\ProgramData\Microsoft\Windows\WER"" ""Windows Error Reports""
    call :clean_crash_dumps
    echo All Advanced Cleanup Done.
    pause & goto adv_cleanup"
"cat_office","P","Label","GUI submenu/CMD label","problem_master_hub","","","",""
"cat_office","1","Label","GUI submenu/CMD label","outlook_fix","","","",""
"cat_office","2","Label","GUI submenu/CMD label","office_download","","","",""
"cat_office","3","Label","GUI submenu/CMD label","driver_tools","","","",""
"cat_office","4","Label","GUI submenu/CMD label","winget_installer","","","",""
"cat_office","5","Label","GUI submenu/CMD label","printer_tools","","","",""
"cat_office","6","Label","GUI submenu/CMD label","edition_tools","","","",""
"cat_office","7","Label","GUI submenu/CMD label","os_download","","","",""
"cat_office","8","Label","GUI submenu/CMD label","location_fix","","","",""
"cat_office","9","Label","GUI submenu/CMD label","browser_tools","","","",""
"outlook_fix","P","Label","GUI submenu/CMD label","problem_master_hub","","","",""
"outlook_fix","1","Inline","GUI embedded Toolkit helper runner","outlook_fix","open_outlook_safe","","","call :open_outlook_safe & pause & goto outlook_fix"
"outlook_fix","2","Inline","GUI embedded Toolkit helper runner","outlook_fix","open_outlook_profiles","","","call :open_outlook_profiles & pause & goto outlook_fix"
"outlook_fix","3","Inline","GUI embedded Toolkit helper runner","outlook_fix","open_scanpst","","","call :open_scanpst & pause & goto outlook_fix"
"outlook_fix","4","Inline","GUI direct runner","outlook_fix","","","","start """" control appwiz.cpl & echo Find Microsoft Office - Change - Online Repair & pause & goto outlook_fix"
"outlook_fix","5","Inline","GUI direct runner","outlook_fix","","","","start """" control appwiz.cpl & echo Find Microsoft Office - Change - Quick Repair & pause & goto outlook_fix"
"outlook_fix","6","Inline","GUI direct runner","outlook_fix","","","","del /f /s /q ""%LocalAppData%\Microsoft\Outlook\RoamCache\*"" >nul 2>&1 & echo Outlook Cache Cleared. & pause & goto outlook_fix"
"outlook_fix","7","Inline","GUI embedded Toolkit helper runner","outlook_fix","open_outlook_reset_navpane","","","call :open_outlook_reset_navpane & pause & goto outlook_fix"
"outlook_fix","8","Inline","GUI embedded Toolkit helper runner","outlook_fix","open_scanpst","","","call :open_scanpst & echo Select your OST/PST file in Inbox Repair Tool. & pause & goto outlook_fix"
"outlook_fix","9","Inline","GUI embedded Toolkit helper runner","outlook_fix","office_activation_status","","","call :office_activation_status & pause & goto outlook_fix"
"outlook_fix","10","Inline","GUI embedded Toolkit helper runner","outlook_fix","open_outlook_safe","","","call :open_outlook_safe & echo Disable add-ins from File - Options - Add-ins & pause & goto outlook_fix"
"outlook_fix","11","Inline","GUI direct runner","outlook_fix","","","","sfc /scannow & pause & goto outlook_fix"
"outlook_fix","12","Inline","GUI direct runner","outlook_fix","","","","del /f /s /q ""%AppData%\Microsoft\Outlook\*.srs"" >nul 2>&1 & echo Crash Fix Applied. Restart Outlook. & pause & goto outlook_fix"
"winget_installer","P","Label","GUI submenu/CMD label","problem_master_hub","","","",""
"winget_installer","01","Label","GUI submenu/CMD label","winget_search_install","","","",""
"winget_installer","1","Label","GUI submenu/CMD label","winget_search_install","","","",""
"winget_installer","02","Label","GUI submenu/CMD label","winget_install_by_id","","","",""
"winget_installer","2","Label","GUI submenu/CMD label","winget_install_by_id","","","",""
"winget_installer","03","Label","GUI submenu/CMD label","winget_popular_apps","","","",""
"winget_installer","3","Label","GUI submenu/CMD label","winget_popular_apps","","","",""
"winget_installer","04","Label","GUI submenu/CMD label","winget_category_packs","","","",""
"winget_installer","4","Label","GUI submenu/CMD label","winget_category_packs","","","",""
"winget_installer","05","Inline","GUI embedded Toolkit helper runner","winget_installer","winget_list_installed","","","call :winget_list_installed & pause & goto winget_installer"
"winget_installer","5","Inline","GUI embedded Toolkit helper runner","winget_installer","winget_list_installed","","","call :winget_list_installed & pause & goto winget_installer"
"winget_installer","06","Inline","GUI embedded Toolkit helper runner","winget_installer","winget_upgrade_all","","","call :winget_upgrade_all & pause & goto winget_installer"
"winget_installer","6","Inline","GUI embedded Toolkit helper runner","winget_installer","winget_upgrade_all","","","call :winget_upgrade_all & pause & goto winget_installer"
"winget_installer","07","Inline","GUI embedded Toolkit helper runner","winget_installer","winget_health","","","call :winget_health & pause & goto winget_installer"
"winget_installer","7","Inline","GUI embedded Toolkit helper runner","winget_installer","winget_health","","","call :winget_health & pause & goto winget_installer"
"winget_installer","08","Label","GUI submenu/CMD label","winget_export_installed","","","",""
"winget_installer","8","Label","GUI submenu/CMD label","winget_export_installed","","","",""
"winget_installer","09","Label","GUI submenu/CMD label","winget_import_json","","","",""
"winget_installer","9","Label","GUI submenu/CMD label","winget_import_json","","","",""
"winget_installer","10","Inline","GUI embedded Toolkit helper runner","winget_installer","winget_health","","","call :winget_health & pause & goto winget_installer"
"winget_installer","11","Inline","GUI embedded Toolkit helper runner","winget_installer","repair_app_installer","","","call :repair_app_installer & pause & goto winget_installer"
"winget_installer","12","Label","GUI submenu/CMD label","menu_mass_installer","","","",""
"winget_installer","13","Inline","GUI embedded Toolkit helper runner","winget_installer","winget_health","","","call :winget_health & pause & goto winget_installer"
"winget_installer","14","Inline","GUI direct runner","winget_custom_batch","","","","set ""PACK_RETURN=winget_installer"" & goto winget_custom_batch"
"winget_installer","15","Inline","GUI direct runner","winget_category_packs","","","","set ""CATEGORY_RETURN=winget_installer"" & goto winget_category_packs"
"winget_missing","P","Label","GUI submenu/CMD label","problem_master_hub","","","",""
"winget_missing","1","Inline","GUI direct runner","winget_installer","","","","start """" ""ms-windows-store://pdp/?ProductId=9NBLGGH4NNS1"" & pause & goto winget_installer"
"winget_category_packs","P","Label","GUI submenu/CMD label","problem_master_hub","","","",""
"winget_category_packs","01","Inline","GUI direct runner","install_browsers_pack","","","","set ""PACK_RETURN=winget_category_packs"" & goto install_browsers_pack"
"winget_category_packs","1","Inline","GUI direct runner","install_browsers_pack","","","","set ""PACK_RETURN=winget_category_packs"" & goto install_browsers_pack"
"winget_category_packs","02","Inline","GUI direct runner","install_runtime_pack","","","","set ""PACK_RETURN=winget_category_packs"" & goto install_runtime_pack"
"winget_category_packs","2","Inline","GUI direct runner","install_runtime_pack","","","","set ""PACK_RETURN=winget_category_packs"" & goto install_runtime_pack"
"winget_category_packs","03","Inline","GUI direct runner","install_utility_pack","","","","set ""PACK_RETURN=winget_category_packs"" & goto install_utility_pack"
"winget_category_packs","3","Inline","GUI direct runner","install_utility_pack","","","","set ""PACK_RETURN=winget_category_packs"" & goto install_utility_pack"
"winget_category_packs","04","Inline","GUI direct runner","install_dev_pack","","","","set ""PACK_RETURN=winget_category_packs"" & goto install_dev_pack"
"winget_category_packs","4","Inline","GUI direct runner","install_dev_pack","","","","set ""PACK_RETURN=winget_category_packs"" & goto install_dev_pack"
"winget_category_packs","05","Inline","GUI direct runner","install_communication_pack","","","","set ""PACK_RETURN=winget_category_packs"" & goto install_communication_pack"
"winget_category_packs","5","Inline","GUI direct runner","install_communication_pack","","","","set ""PACK_RETURN=winget_category_packs"" & goto install_communication_pack"
"winget_category_packs","06","Inline","GUI direct runner","install_remote_pack","","","","set ""PACK_RETURN=winget_category_packs"" & goto install_remote_pack"
"winget_category_packs","6","Inline","GUI direct runner","install_remote_pack","","","","set ""PACK_RETURN=winget_category_packs"" & goto install_remote_pack"
"winget_category_packs","07","Inline","GUI direct runner","install_media_pack","","","","set ""PACK_RETURN=winget_category_packs"" & goto install_media_pack"
"winget_category_packs","7","Inline","GUI direct runner","install_media_pack","","","","set ""PACK_RETURN=winget_category_packs"" & goto install_media_pack"
"winget_category_packs","08","Inline","GUI direct runner","install_security_pack","","","","set ""PACK_RETURN=winget_category_packs"" & goto install_security_pack"
"winget_category_packs","8","Inline","GUI direct runner","install_security_pack","","","","set ""PACK_RETURN=winget_category_packs"" & goto install_security_pack"
"winget_category_packs","09","Inline","GUI direct runner","install_office_pack","","","","set ""PACK_RETURN=winget_category_packs"" & goto install_office_pack"
"winget_category_packs","9","Inline","GUI direct runner","install_office_pack","","","","set ""PACK_RETURN=winget_category_packs"" & goto install_office_pack"
"winget_category_packs","10","Inline","GUI direct runner","winget_custom_batch","","","","set ""PACK_RETURN=winget_category_packs"" & goto winget_custom_batch"
"winget_category_packs","11","Label","GUI submenu/CMD label","winget_popular_apps","","","",""
"winget_category_packs","12","Label","GUI submenu/CMD label","winget_search_install","","","",""
"edition_tools","P","Label","GUI submenu/CMD label","problem_master_hub","","","",""
"edition_tools","1","Inline","GUI direct runner","edition_tools","","","","winver & goto edition_tools"
"edition_tools","2","Inline","GUI direct runner","edition_tools","","","","slmgr /ato & pause & goto edition_tools"
"edition_tools","3","Inline","GUI direct runner","edition_tools","","","","slmgr /dlv & pause & goto edition_tools"
"edition_tools","4","Inline","GUI visible interactive runner","edition_tools","","","","set ""key="" & set /p key=Product Key XXXXX-XXXXX-XXXXX-XXXXX-XXXXX: & slmgr /ipk !key! & pause & goto edition_tools"
"edition_tools","5","Inline","GUI direct runner","edition_tools","","","","slmgr /rearm & echo Rearm Done. Restart. & pause & goto edition_tools"
"edition_tools","6","Inline","GUI visible interactive runner","edition_tools","","","","set ""kms="" & set /p kms=KMS Server: & slmgr /skms !kms! & slmgr /ato & pause & goto edition_tools"
"edition_tools","7","Inline","GUI direct runner","edition_tools","","","","slmgr /xpr & pause & goto edition_tools"
"edition_tools","8","Inline","GUI direct runner","edition_tools","","","","start """" ms-settings:activation & goto edition_tools"
"edition_tools","9","Inline","GUI direct runner","edition_tools","","","","systeminfo ^| findstr /c:""OS Name"" /c:""OS Version"" & pause & goto edition_tools"
"edition_tools","10","Inline","GUI embedded Toolkit helper runner","edition_tools","ps_oem_key","","","call :ps_oem_key & pause & goto edition_tools"
"os_download","P","Label","GUI submenu/CMD label","problem_master_hub","","","",""
"os_download","S","Label","GUI submenu/CMD label","os_search_download","","","",""
"os_download","01","Inline","GUI direct runner","os_download","","","","start """" ""https://www.microsoft.com/software-download/windows11"" & pause & goto os_download"
"os_download","1","Inline","GUI direct runner","os_download","","","","start """" ""https://www.microsoft.com/software-download/windows11"" & pause & goto os_download"
"os_download","02","Inline","GUI direct runner","os_download","","","","start """" ""https://www.microsoft.com/software-download/windows10"" & pause & goto os_download"
"os_download","2","Inline","GUI direct runner","os_download","","","","start """" ""https://www.microsoft.com/software-download/windows10"" & pause & goto os_download"
"os_download","03","Inline","GUI direct runner","os_download","","","","start """" ""https://www.microsoft.com/software-download/windows11arm64"" & pause & goto os_download"
"os_download","3","Inline","GUI direct runner","os_download","","","","start """" ""https://www.microsoft.com/software-download/windows11arm64"" & pause & goto os_download"
"os_download","04","Inline","GUI direct runner","os_download","","","","start """" ""https://www.microsoft.com/evalcenter/evaluate-windows-server-2025"" & pause & goto os_download"
"os_download","4","Inline","GUI direct runner","os_download","","","","start """" ""https://www.microsoft.com/evalcenter/evaluate-windows-server-2025"" & pause & goto os_download"
"os_download","05","Inline","GUI direct runner","os_download","","","","start """" ""https://www.microsoft.com/evalcenter/evaluate-windows-server-2022"" & pause & goto os_download"
"os_download","5","Inline","GUI direct runner","os_download","","","","start """" ""https://www.microsoft.com/evalcenter/evaluate-windows-server-2022"" & pause & goto os_download"
"os_download","06","Inline","GUI direct runner","os_download","","","","start """" ""https://www.microsoft.com/evalcenter/evaluate-windows-server-2019"" & pause & goto os_download"
"os_download","6","Inline","GUI direct runner","os_download","","","","start """" ""https://www.microsoft.com/evalcenter/evaluate-windows-server-2019"" & pause & goto os_download"
"os_download","07","Inline","GUI direct runner","os_download","","","","start """" ""https://www.microsoft.com/evalcenter/evaluate-windows-admin-center"" & pause & goto os_download"
"os_download","7","Inline","GUI direct runner","os_download","","","","start """" ""https://www.microsoft.com/evalcenter/evaluate-windows-admin-center"" & pause & goto os_download"
"os_download","08","Inline","GUI direct runner","os_download","","","","start """" ""https://learn.microsoft.com/windows-hardware/get-started/adk-install"" & pause & goto os_download"
"os_download","8","Inline","GUI direct runner","os_download","","","","start """" ""https://learn.microsoft.com/windows-hardware/get-started/adk-install"" & pause & goto os_download"
"os_download","09","Inline","GUI direct runner","os_download","","","","start """" ""https://learn.microsoft.com/windows-hardware/manufacture/desktop/winpe-intro"" & pause & goto os_download"
"os_download","9","Inline","GUI direct runner","os_download","","","","start """" ""https://learn.microsoft.com/windows-hardware/manufacture/desktop/winpe-intro"" & pause & goto os_download"
"os_download","10","Inline","GUI direct runner","os_download","","","","start """" ""https://www.microsoft.com/software-download/windowsinsiderpreviewiso"" & pause & goto os_download"
"os_download","11","Inline","GUI direct runner","os_download","","","","start """" ""https://www.microsoft.com/evalcenter"" & pause & goto os_download"
"os_download","12","Inline","GUI direct runner","os_download","","","","start """" ""https://developer.microsoft.com/windows/downloads/virtual-machines/"" & pause & goto os_download"
"os_download","13","Inline","GUI direct runner","os_download","","","","start """" ""https://ubuntu.com/download/desktop"" & pause & goto os_download"
"os_download","14","Inline","GUI direct runner","os_download","","","","start """" ""https://ubuntu.com/download/server"" & pause & goto os_download"
"os_download","15","Inline","GUI direct runner","os_download","","","","start """" ""https://ubuntu.com/download/iot"" & pause & goto os_download"
"os_download","16","Inline","GUI direct runner","os_download","","","","start """" ""https://kubuntu.org/getkubuntu/"" & pause & goto os_download"
"os_download","17","Inline","GUI direct runner","os_download","","","","start """" ""https://xubuntu.org/download/"" & pause & goto os_download"
"os_download","18","Inline","GUI direct runner","os_download","","","","start """" ""https://lubuntu.me/downloads/"" & pause & goto os_download"
"os_download","19","Inline","GUI direct runner","os_download","","","","start """" ""https://ubuntu-mate.org/download/"" & pause & goto os_download"
"os_download","20","Inline","GUI direct runner","os_download","","","","start """" ""https://ubuntustudio.org/download/"" & pause & goto os_download"
"os_download","21","Inline","GUI direct runner","os_download","","","","start """" ""https://linuxmint.com/download.php"" & pause & goto os_download"
"os_download","22","Inline","GUI direct runner","os_download","","","","start """" ""https://linuxmint.com/download.php"" & pause & goto os_download"
"os_download","23","Inline","GUI direct runner","os_download","","","","start """" ""https://www.debian.org/distrib/"" & pause & goto os_download"
"os_download","24","Inline","GUI direct runner","os_download","","","","start """" ""https://fedoraproject.org/workstation/download"" & pause & goto os_download"
"os_download","25","Inline","GUI direct runner","os_download","","","","start """" ""https://fedoraproject.org/server/download"" & pause & goto os_download"
"os_download","26","Inline","GUI direct runner","os_download","","","","start """" ""https://fedoraproject.org/spins/"" & pause & goto os_download"
"os_download","27","Inline","GUI direct runner","os_download","","","","start """" ""https://www.kali.org/get-kali/"" & pause & goto os_download"
"os_download","28","Inline","GUI direct runner","os_download","","","","start """" ""https://www.kali.org/get-kali/#kali-mobile"" & pause & goto os_download"
"os_download","29","Inline","GUI direct runner","os_download","","","","start """" ""https://www.parrotsec.org/download/"" & pause & goto os_download"
"os_download","30","Inline","GUI direct runner","os_download","","","","start """" ""https://blackarch.org/downloads.html"" & pause & goto os_download"
"os_download","31","Inline","GUI direct runner","os_download","","","","start """" ""https://archlinux.org/download/"" & pause & goto os_download"
"os_download","32","Inline","GUI direct runner","os_download","","","","start """" ""https://manjaro.org/download/"" & pause & goto os_download"
"os_download","33","Inline","GUI direct runner","os_download","","","","start """" ""https://endeavouros.com/latest-release/"" & pause & goto os_download"
"os_download","34","Inline","GUI direct runner","os_download","","","","start """" ""https://garudalinux.org/downloads.html"" & pause & goto os_download"
"os_download","35","Inline","GUI direct runner","os_download","","","","start """" ""https://get.opensuse.org/leap/"" & pause & goto os_download"
"os_download","36","Inline","GUI direct runner","os_download","","","","start """" ""https://get.opensuse.org/tumbleweed/"" & pause & goto os_download"
"os_download","37","Inline","GUI direct runner","os_download","","","","start """" ""https://rockylinux.org/download"" & pause & goto os_download"
"os_download","38","Inline","GUI direct runner","os_download","","","","start """" ""https://almalinux.org/get-almalinux/"" & pause & goto os_download"
"os_download","39","Inline","GUI direct runner","os_download","","","","start """" ""https://www.centos.org/centos-stream/"" & pause & goto os_download"
"os_download","40","Inline","GUI direct runner","os_download","","","","start """" ""https://developers.redhat.com/products/rhel/download"" & pause & goto os_download"
"os_download","41","Inline","GUI direct runner","os_download","","","","start """" ""https://www.oracle.com/linux/technologies/oracle-linux-downloads.html"" & pause & goto os_download"
"os_download","42","Inline","GUI direct runner","os_download","","","","start """" ""https://www.suse.com/download/sles/"" & pause & goto os_download"
"os_download","43","Inline","GUI direct runner","os_download","","","","start """" ""https://pop.system76.com/"" & pause & goto os_download"
"os_download","44","Inline","GUI direct runner","os_download","","","","start """" ""https://zorin.com/os/download/"" & pause & goto os_download"
"os_download","45","Inline","GUI direct runner","os_download","","","","start """" ""https://elementary.io/"" & pause & goto os_download"
"os_download","46","Inline","GUI direct runner","os_download","","","","start """" ""https://mxlinux.org/download-links/"" & pause & goto os_download"
"os_download","47","Inline","GUI direct runner","os_download","","","","start """" ""https://antixlinux.com/download/"" & pause & goto os_download"
"os_download","48","Inline","GUI direct runner","os_download","","","","start """" ""https://peppermintos.com/guide/downloading/"" & pause & goto os_download"
"os_download","49","Inline","GUI direct runner","os_download","","","","start """" ""https://nxos.org/get/"" & pause & goto os_download"
"os_download","50","Inline","GUI direct runner","os_download","","","","start """" ""https://getsol.us/download/"" & pause & goto os_download"
"os_download","51","Inline","GUI direct runner","os_download","","","","start """" ""https://www.deepin.org/en/download/"" & pause & goto os_download"
"os_download","52","Inline","GUI direct runner","os_download","","","","start """" ""https://www.pclinuxos.com/?page_id=10"" & pause & goto os_download"
"os_download","53","Inline","GUI direct runner","os_download","","","","start """" ""https://www.mageia.org/downloads/"" & pause & goto os_download"
"os_download","54","Inline","GUI direct runner","os_download","","","","start """" ""https://clearlinux.org/downloads"" & pause & goto os_download"
"os_download","55","Inline","GUI direct runner","os_download","","","","start """" ""http://tinycorelinux.net/downloads.html"" & pause & goto os_download"
"os_download","56","Inline","GUI direct runner","os_download","","","","start """" ""https://puppylinux-woof-ce.github.io/"" & pause & goto os_download"
"os_download","57","Inline","GUI direct runner","os_download","","","","start """" ""https://www.bodhilinux.com/download/"" & pause & goto os_download"
"os_download","58","Inline","GUI direct runner","os_download","","","","start """" ""https://tails.net/install/download/"" & pause & goto os_download"
"os_download","59","Inline","GUI direct runner","os_download","","","","start """" ""https://www.qubes-os.org/downloads/"" & pause & goto os_download"
"os_download","60","Inline","GUI direct runner","os_download","","","","start """" ""https://www.whonix.org/wiki/Download"" & pause & goto os_download"
"os_download","61","Inline","GUI direct runner","os_download","","","","start """" ""https://www.digi77.com/linux-kodachi/"" & pause & goto os_download"
"os_download","62","Inline","GUI direct runner","os_download","","","","start """" ""https://nobaraproject.org/download-nobara/"" & pause & goto os_download"
"os_download","63","Inline","GUI direct runner","os_download","","","","start """" ""https://help.steampowered.com/en/faqs/view/1b71-edf2-eb6d-2bb3"" & pause & goto os_download"
"os_download","64","Inline","GUI direct runner","os_download","","","","start """" ""https://github.com/HoloISO/holoiso"" & pause & goto os_download"
"os_download","65","Inline","GUI direct runner","os_download","","","","start """" ""https://batocera.org/download"" & pause & goto os_download"
"os_download","66","Inline","GUI direct runner","os_download","","","","start """" ""https://www.lakka.tv/get/"" & pause & goto os_download"
"os_download","67","Inline","GUI direct runner","os_download","","","","start """" ""https://www.recalbox.com/download/stable/"" & pause & goto os_download"
"os_download","68","Inline","GUI direct runner","os_download","","","","start """" ""https://libreelec.tv/downloads/"" & pause & goto os_download"
"os_download","69","Inline","GUI direct runner","os_download","","","","start """" ""https://www.freebsd.org/where/"" & pause & goto os_download"
"os_download","70","Inline","GUI direct runner","os_download","","","","start """" ""https://www.openbsd.org/ftp.html"" & pause & goto os_download"
"os_download","71","Inline","GUI direct runner","os_download","","","","start """" ""https://www.netbsd.org/releases/"" & pause & goto os_download"
"os_download","72","Inline","GUI direct runner","os_download","","","","start """" ""https://www.dragonflybsd.org/download/"" & pause & goto os_download"
"os_download","73","Inline","GUI direct runner","os_download","","","","start """" ""https://www.ghostbsd.org/download"" & pause & goto os_download"
"os_download","74","Inline","GUI direct runner","os_download","","","","start """" ""https://www.truenas.com/download-truenas-core/"" & pause & goto os_download"
"os_download","75","Inline","GUI direct runner","os_download","","","","start """" ""https://www.truenas.com/download-truenas-scale/"" & pause & goto os_download"
"os_download","76","Inline","GUI direct runner","os_download","","","","start """" ""https://www.pfsense.org/download/"" & pause & goto os_download"
"os_download","77","Inline","GUI direct runner","os_download","","","","start """" ""https://opnsense.org/download/"" & pause & goto os_download"
"os_download","78","Inline","GUI direct runner","os_download","","","","start """" ""https://www.proxmox.com/en/downloads/proxmox-virtual-environment"" & pause & goto os_download"
"os_download","79","Inline","GUI direct runner","os_download","","","","start """" ""https://www.proxmox.com/en/downloads/proxmox-backup-server"" & pause & goto os_download"
"os_download","80","Inline","GUI direct runner","os_download","","","","start """" ""https://www.vmware.com/products/cloud-infrastructure/vsphere"" & pause & goto os_download"
"os_download","81","Inline","GUI direct runner","os_download","","","","start """" ""https://xcp-ng.org/#easy-to-install"" & pause & goto os_download"
"os_download","82","Inline","GUI direct runner","os_download","","","","start """" ""https://www.citrix.com/downloads/citrix-hypervisor/"" & pause & goto os_download"
"os_download","83","Inline","GUI direct runner","os_download","","","","start """" ""https://www.virtualbox.org/wiki/Downloads"" & pause & goto os_download"
"os_download","84","Inline","GUI direct runner","os_download","","","","start """" ""https://clonezilla.org/downloads.php"" & pause & goto os_download"
"os_download","85","Inline","GUI direct runner","os_download","","","","start """" ""https://gparted.org/download.php"" & pause & goto os_download"
"os_download","86","Inline","GUI direct runner","os_download","","","","start """" ""https://rescuezilla.com/download"" & pause & goto os_download"
"os_download","87","Inline","GUI direct runner","os_download","","","","start """" ""https://www.system-rescue.org/Download/"" & pause & goto os_download"
"os_download","88","Inline","GUI direct runner","os_download","","","","start """" ""https://www.hirensbootcd.org/download/"" & pause & goto os_download"
"os_download","89","Inline","GUI direct runner","os_download","","","","start """" ""https://medicatusb.com/"" & pause & goto os_download"
"os_download","90","Inline","GUI direct runner","os_download","","","","start """" ""https://www.ventoy.net/en/download.html"" & pause & goto os_download"
"os_download","91","Inline","GUI direct runner","os_download","","","","start """" ""https://rufus.ie/en/"" & pause & goto os_download"
"os_download","92","Inline","GUI direct runner","os_download","","","","start """" ""https://etcher.balena.io/"" & pause & goto os_download"
"os_download","93","Inline","GUI direct runner","os_download","","","","start """" ""https://pendrivelinux.com/universal-usb-installer-easy-as-1-2-3/"" & pause & goto os_download"
"os_download","94","Inline","GUI direct runner","os_download","","","","start """" ""https://pendrivelinux.com/yumi-multiboot-usb-creator/"" & pause & goto os_download"
"os_download","95","Inline","GUI direct runner","os_download","","","","start """" ""https://unetbootin.github.io/"" & pause & goto os_download"
"os_download","96","Inline","GUI direct runner","os_download","","","","start """" ""https://www.raspberrypi.com/software/"" & pause & goto os_download"
"os_download","97","Inline","GUI direct runner","os_download","","","","start """" ""https://www.raspberrypi.com/software/operating-systems/"" & pause & goto os_download"
"os_download","98","Inline","GUI direct runner","os_download","","","","start """" ""https://dietpi.com/#download"" & pause & goto os_download"
"os_download","100","Inline","GUI direct runner","os_download","","","","start """" ""https://www.armbian.com/download/"" & pause & goto os_download"
"os_download","101","Inline","GUI direct runner","os_download","","","","start """" ""https://openwrt.org/downloads"" & pause & goto os_download"
"os_download","102","Inline","GUI direct runner","os_download","","","","start """" ""https://vyos.io/download/"" & pause & goto os_download"
"os_download","103","Inline","GUI direct runner","os_download","","","","start """" ""https://mikrotik.com/download"" & pause & goto os_download"
"os_download","104","Inline","GUI direct runner","os_download","","","","start """" ""https://www.ipfire.org/download"" & pause & goto os_download"
"os_download","105","Inline","GUI direct runner","os_download","","","","start """" ""https://www.nethserver.org/getting-started-with-nethserver/"" & pause & goto os_download"
"os_download","106","Inline","GUI direct runner","os_download","","","","start """" ""https://www.openmediavault.org/download.html"" & pause & goto os_download"
"os_download","107","Inline","GUI direct runner","os_download","","","","start """" ""https://www.kasmweb.com/downloads"" & pause & goto os_download"
"os_download","108","Inline","GUI direct runner","os_download","","","","start """" ""https://developer.android.com/studio"" & pause & goto os_download"
"os_download","109","Inline","GUI direct runner","os_download","","","","start """" ""https://www.android-x86.org/download"" & pause & goto os_download"
"os_download","110","Inline","GUI direct runner","os_download","","","","start """" ""https://blissos.org/index.php#download"" & pause & goto os_download"
"os_download","111","Inline","GUI direct runner","os_download","","","","start """" ""https://www.primeos.in/download/"" & pause & goto os_download"
"os_download","112","Inline","GUI direct runner","os_download","","","","start """" ""https://support.google.com/chromeosflex/answer/11552529"" & pause & goto os_download"
"os_download","113","Inline","GUI direct runner","os_download","","","","start """" ""https://fydeos.io/download/"" & pause & goto os_download"
"os_download","114","Inline","GUI direct runner","os_download","","","","start """" ""https://reactos.org/download/"" & pause & goto os_download"
"os_download","115","Inline","GUI direct runner","os_download","","","","start """" ""https://www.haiku-os.org/get-haiku/"" & pause & goto os_download"
"os_download","116","Inline","GUI direct runner","os_download","","","","start """" ""https://www.freedos.org/download/"" & pause & goto os_download"
"os_download","117","Inline","GUI direct runner","os_download","","","","start """" ""https://kolibrios.org/en/download"" & pause & goto os_download"
"os_download","118","Inline","GUI direct runner","os_download","","","","start """" ""https://templeos.org/"" & pause & goto os_download"
"os_download","119","Inline","GUI direct runner","os_download","","","","start """" ""https://serenityos.org/"" & pause & goto os_download"
"os_download","120","Inline","GUI direct runner","os_download","","","","start """" ""http://9front.org/releases/"" & pause & goto os_download"
"os_download","121","Inline","GUI direct runner","os_download","","","","start """" ""https://www.openindiana.org/download/"" & pause & goto os_download"
"os_download","122","Inline","GUI direct runner","os_download","","","","start """" ""https://www.tritondatacenter.com/smartos/download"" & pause & goto os_download"
"os_download","123","Inline","GUI direct runner","os_download","","","","start """" ""https://omnios.org/download"" & pause & goto os_download"
"driver_tools","P","Label","GUI submenu/CMD label","problem_master_hub","","","",""
"driver_tools","1","Inline","GUI direct runner","driver_tools","","","","start """" devmgmt.msc & goto driver_tools"
"driver_tools","2","Inline","GUI direct runner","driver_tools","","","","driverquery & pause & goto driver_tools"
"driver_tools","3","Inline","GUI direct runner","driver_tools","","","","driverquery ^| findstr /i network & pause & goto driver_tools"
"driver_tools","4","Inline","GUI direct runner","driver_backup_to_drive","","","","set ""DRIVER_BACKUP_RETURN=driver_tools"" & goto driver_backup_to_drive"
"driver_tools","5","Inline","GUI direct runner","driver_restore_from_drive","","","","set ""DRIVER_RESTORE_RETURN=driver_tools"" & goto driver_restore_from_drive"
"driver_tools","6","Inline","GUI direct runner","driver_tools","","","","verifier & goto driver_tools"
"driver_tools","7","Inline","GUI direct runner","driver_tools","","","","sigverif & goto driver_tools"
"driver_tools","8","Inline","GUI direct runner","driver_tools","","","","pnputil /scan-devices & pause & goto driver_tools"
"driver_tools","9","Inline","GUI direct runner","driver_tools","","","","start """" ""https://www.driversupport.com"" & goto driver_tools"
"driver_tools","10","Inline","GUI direct runner","driver_tools","","","","start """" ""https://www.nvidia.com/drivers"" & start """" ""https://www.amd.com/support"" & pause & goto driver_tools"
"driver_tools","11","Inline","GUI direct runner","driver_tools","","","","net stop audiosrv & net start audiosrv & echo Audio Restarted. & pause & goto driver_tools"
"driver_tools","12","Inline","GUI direct runner","driver_tools","","","","set DEVMGR_SHOW_NONPRESENT_DEVICES=1 & start """" devmgmt.msc & echo Show hidden devices, remove unused. & pause & goto driver_tools"
"driver_tools","13","Label","GUI submenu/CMD label","driver_auto_center","","","",""
"driver_tools","14","Label","GUI submenu/CMD label","driver_hwid_report","","","",""
"driver_tools","15","Label","GUI submenu/CMD label","driver_install_inf_folder","","","",""
"driver_tools","16","Label","GUI submenu/CMD label","driver_command_reference","","","",""
"driver_auto_center","P","Label","GUI submenu/CMD label","problem_master_hub","","","",""
"driver_auto_center","01","Label","GUI submenu/CMD label","driver_smart_report","","","",""
"driver_auto_center","1","Label","GUI submenu/CMD label","driver_smart_report","","","",""
"driver_auto_center","02","Label","GUI submenu/CMD label","driver_windows_update_page","","","",""
"driver_auto_center","2","Label","GUI submenu/CMD label","driver_windows_update_page","","","",""
"driver_auto_center","03","Label","GUI submenu/CMD label","driver_oem_assistant","","","",""
"driver_auto_center","3","Label","GUI submenu/CMD label","driver_oem_assistant","","","",""
"driver_auto_center","04","Label","GUI submenu/CMD label","driver_install_inf_folder","","","",""
"driver_auto_center","4","Label","GUI submenu/CMD label","driver_install_inf_folder","","","",""
"driver_auto_center","05","Label","GUI submenu/CMD label","driver_export_backup","","","",""
"driver_auto_center","5","Label","GUI submenu/CMD label","driver_export_backup","","","",""
"driver_auto_center","06","Label","GUI submenu/CMD label","driver_backup_restore_pro","","","",""
"driver_auto_center","6","Label","GUI submenu/CMD label","driver_backup_restore_pro","","","",""
"driver_auto_center","07","Label","GUI submenu/CMD label","driver_problem_repair_scan","","","",""
"driver_auto_center","7","Label","GUI submenu/CMD label","driver_problem_repair_scan","","","",""
"driver_auto_center","08","Label","GUI submenu/CMD label","driver_hwid_report","","","",""
"driver_auto_center","8","Label","GUI submenu/CMD label","driver_hwid_report","","","",""
"driver_auto_center","09","Label","GUI submenu/CMD label","driver_gpu_helper","","","",""
"driver_auto_center","9","Label","GUI submenu/CMD label","driver_gpu_helper","","","",""
"driver_auto_center","10","Label","GUI submenu/CMD label","driver_network_bluetooth_helper","","","",""
"driver_auto_center","11","Label","GUI submenu/CMD label","driver_printer_helper","","","",""
"driver_auto_center","12","Label","GUI submenu/CMD label","driver_vendor_pack","","","",""
"driver_auto_center","13","Label","GUI submenu/CMD label","driver_command_reference","","","",""
"driver_auto_center","14","Label","GUI submenu/CMD label","driver_help_links","","","",""
"driver_auto_center","15","Label","GUI submenu/CMD label","driver_full_safe_workflow","","","",""
"driver_auto_center","16","Inline","GUI direct runner","driver_auto_center","","","","start """" devmgmt.msc & pause & goto driver_auto_center"
"driver_backup_restore_pro","P","Label","GUI submenu/CMD label","problem_master_hub","","","",""
"driver_backup_restore_pro","1","Inline","GUI direct runner","driver_backup_to_drive","","","","set ""DRIVER_BACKUP_RETURN=driver_backup_restore_pro"" & goto driver_backup_to_drive"
"driver_backup_restore_pro","2","Inline","GUI direct runner","driver_restore_from_drive","","","","set ""DRIVER_RESTORE_RETURN=driver_backup_restore_pro"" & goto driver_restore_from_drive"
"driver_backup_restore_pro","3","Inline","GUI direct runner","driver_backup_restore_pro","","","","pnputil /enum-drivers & pause & goto driver_backup_restore_pro"
"driver_backup_restore_pro","4","Label","GUI submenu/CMD label","driver_open_backup_root","","","",""
"driver_backup_restore_pro","5","Inline","GUI direct runner","driver_backup_restore_pro","","","","powershell -NoProfile -ExecutionPolicy Bypass -Command ""Checkpoint-Computer -Description 'Toolkit Driver Restore Point' -RestorePointType MODIFY_SETTINGS"" & pause & goto driver_backup_restore_pro"
"driver_backup_restore_pro","6","Label","GUI submenu/CMD label","driver_problem_repair_scan","","","",""
"driver_gpu_helper","P","Label","GUI submenu/CMD label","problem_master_hub","","","",""
"driver_gpu_helper","1","Inline","GUI direct runner","driver_gpu_helper","","","","start """" ""https://www.nvidia.com/Download/index.aspx"" & pause & goto driver_gpu_helper"
"driver_gpu_helper","2","Inline","GUI direct runner","driver_gpu_helper","","","","start """" ""https://www.amd.com/en/support/download/drivers.html"" & pause & goto driver_gpu_helper"
"driver_gpu_helper","3","Inline","GUI embedded Toolkit helper runner","driver_gpu_helper","winget_install_id","Intel.IntelDriverAndSupportAssistant","","call :winget_install_id Intel.IntelDriverAndSupportAssistant & pause & goto driver_gpu_helper"
"driver_gpu_helper","4","Inline","GUI embedded Toolkit helper runner","driver_gpu_helper","winget_install_id","Wagnardsoft.DisplayDriverUninstaller","","call :winget_install_id Wagnardsoft.DisplayDriverUninstaller & pause & goto driver_gpu_helper"
"driver_gpu_helper","5","Inline","GUI direct runner","driver_gpu_helper","","","","start """" ms-settings:display & pause & goto driver_gpu_helper"
"driver_network_bluetooth_helper","P","Label","GUI submenu/CMD label","problem_master_hub","","","",""
"driver_network_bluetooth_helper","1","Inline","GUI direct runner","driver_network_bluetooth_helper","","","","pnputil /scan-devices & pause & goto driver_network_bluetooth_helper"
"driver_network_bluetooth_helper","2","Inline","GUI direct runner","driver_network_bluetooth_helper","","","","net stop WlanSvc >nul 2>&1 & net start WlanSvc & net stop bthserv >nul 2>&1 & net start bthserv & pause & goto driver_network_bluetooth_helper"
"driver_network_bluetooth_helper","3","Inline","GUI direct runner","driver_network_bluetooth_helper","","","","start """" ms-settings:network-wifi & pause & goto driver_network_bluetooth_helper"
"driver_network_bluetooth_helper","4","Inline","GUI direct runner","driver_network_bluetooth_helper","","","","start """" ms-settings:bluetooth & pause & goto driver_network_bluetooth_helper"
"driver_network_bluetooth_helper","5","Inline","GUI embedded Toolkit helper runner","driver_network_bluetooth_helper","winget_install_id","Intel.IntelDriverAndSupportAssistant","","call :winget_install_id Intel.IntelDriverAndSupportAssistant & pause & goto driver_network_bluetooth_helper"
"driver_printer_helper","P","Label","GUI submenu/CMD label","problem_master_hub","","","",""
"driver_printer_helper","1","Inline","GUI direct runner","driver_printer_helper","","","","net stop spooler & net start spooler & pause & goto driver_printer_helper"
"driver_printer_helper","2","Inline","GUI direct runner","driver_printer_helper","","","","net stop spooler & del /f /s /q ""%SystemRoot%\System32\spool\PRINTERS\*"" >nul 2>&1 & net start spooler & pause & goto driver_printer_helper"
"driver_printer_helper","3","Inline","GUI direct runner","driver_printer_helper","","","","start """" ms-settings:printers & pause & goto driver_printer_helper"
"driver_printer_helper","4","Inline","GUI direct runner","driver_printer_helper","","","","start """" printui.exe /il & pause & goto driver_printer_helper"
"driver_printer_helper","5","Inline","GUI direct runner","driver_printer_helper","","","","powershell -NoProfile -ExecutionPolicy Bypass -Command ""Get-PrinterDriver | Select Name,Manufacturer,DriverVersion | Format-Table -AutoSize"" & pause & goto driver_printer_helper"
"driver_vendor_pack","P","Label","GUI submenu/CMD label","problem_master_hub","","","",""
"driver_vendor_pack","1","Inline","GUI embedded Toolkit helper runner","driver_vendor_pack","winget_install_id","Intel.IntelDriverAndSupportAssistant","","call :winget_install_id Intel.IntelDriverAndSupportAssistant & pause & goto driver_vendor_pack"
"driver_vendor_pack","2","Inline","GUI embedded Toolkit helper runner","driver_vendor_pack","winget_install_id","HPInc.HPSupportAssistant","","call :winget_install_id HPInc.HPSupportAssistant & pause & goto driver_vendor_pack"
"driver_vendor_pack","3","Inline","GUI embedded Toolkit helper runner","driver_vendor_pack","winget_install_store","","","call :winget_install_store XPDCCXDN26VNBT & pause & goto driver_vendor_pack"
"driver_vendor_pack","4","Inline","GUI embedded Toolkit helper runner","driver_vendor_pack","winget_install_store","","","call :winget_install_store 9WZDNCRFJ4MV & pause & goto driver_vendor_pack"
"driver_vendor_pack","5","Inline","GUI embedded Toolkit helper runner","driver_vendor_pack","winget_install_id","Wagnardsoft.DisplayDriverUninstaller","","call :winget_install_id Wagnardsoft.DisplayDriverUninstaller & pause & goto driver_vendor_pack"
"driver_vendor_pack","6","Label","GUI submenu/CMD label","driver_oem_assistant","","","",""
"cmd_vault","P","Label","GUI submenu/CMD label","problem_master_hub","","","",""
"cmd_vault","01","Label","GUI submenu/CMD label","cmd_vault_search_all","","","",""
"cmd_vault","1","Label","GUI submenu/CMD label","cmd_vault_search_all","","","",""
"cmd_vault","02","Label","GUI submenu/CMD label","cmd_vault_ps_search","","","",""
"cmd_vault","2","Label","GUI submenu/CMD label","cmd_vault_ps_search","","","",""
"cmd_vault","03","Label","GUI submenu/CMD label","cmd_vault_system32_search","","","",""
"cmd_vault","3","Label","GUI submenu/CMD label","cmd_vault_system32_search","","","",""
"cmd_vault","04","Label","GUI submenu/CMD label","cmd_vault_winget_search","","","",""
"cmd_vault","4","Label","GUI submenu/CMD label","cmd_vault_winget_search","","","",""
"cmd_vault","05","Inline","GUI direct runner","cmd_vault","","","","help | more & pause & goto cmd_vault"
"cmd_vault","5","Inline","GUI direct runner","cmd_vault","","","","help | more & pause & goto cmd_vault"
"cmd_vault","06","Label","GUI submenu/CMD label","cmd_vault_settings_uri","","","",""
"cmd_vault","6","Label","GUI submenu/CMD label","cmd_vault_settings_uri","","","",""
"cmd_vault","07","Label","GUI submenu/CMD label","cmd_vault_network_kit","","","",""
"cmd_vault","7","Label","GUI submenu/CMD label","cmd_vault_network_kit","","","",""
"cmd_vault","08","Label","GUI submenu/CMD label","cmd_vault_repair_kit","","","",""
"cmd_vault","8","Label","GUI submenu/CMD label","cmd_vault_repair_kit","","","",""
"cmd_vault","09","Label","GUI submenu/CMD label","cmd_vault_device_kit","","","",""
"cmd_vault","9","Label","GUI submenu/CMD label","cmd_vault_device_kit","","","",""
"cmd_vault","10","Label","GUI submenu/CMD label","cmd_vault_admin_kit","","","",""
"cmd_vault","11","Label","GUI submenu/CMD label","cmd_vault_service_event_kit","","","",""
"cmd_vault","12","Label","GUI submenu/CMD label","cmd_vault_run_custom","","","",""
"cmd_vault","13","Label","GUI submenu/CMD label","microsoft_problem_library","","","",""
"cmd_vault","14","Label","GUI submenu/CMD label","menu_search","","","",""
"cmd_vault","15","Label","GUI submenu/CMD label","missing_mega_vault_launcher","","","",""
"cmd_vault_settings_uri","P","Label","GUI submenu/CMD label","problem_master_hub","","","",""
"cmd_vault_settings_uri","1","Inline","GUI direct runner","","","","","start """" ms-settings:windowsupdate"
"cmd_vault_settings_uri","2","Inline","GUI direct runner","","","","","start """" ms-settings:windowsupdate-optionalupdates"
"cmd_vault_settings_uri","3","Inline","GUI direct runner","","","","","start """" ms-settings:network"
"cmd_vault_settings_uri","4","Inline","GUI direct runner","","","","","start """" ms-settings:bluetooth"
"cmd_vault_settings_uri","5","Inline","GUI direct runner","","","","","start """" ms-settings:printers"
"cmd_vault_settings_uri","6","Inline","GUI direct runner","","","","","start """" ms-settings:sound"
"cmd_vault_settings_uri","7","Inline","GUI direct runner","","","","","start """" ms-settings:privacy-webcam"
"cmd_vault_settings_uri","8","Inline","GUI direct runner","","","","","start """" ms-settings:appsfeatures"
"cmd_vault_settings_uri","9","Inline","GUI direct runner","","","","","start """" ms-settings:troubleshoot"
"cmd_vault_settings_uri","10","Inline","GUI direct runner","","","","","start """" ms-settings:activation"
"cmd_vault_settings_uri","11","Inline","GUI direct runner","","","","","start """" ms-settings:recovery"
"cmd_vault_settings_uri","12","Inline","GUI direct runner","","","","","start """" ms-settings:defaultapps"
"microsoft_problem_library","P","Label","GUI submenu/CMD label","problem_master_hub","","","",""
"microsoft_problem_library","01","Inline","GUI direct runner","microsoft_problem_library","","","","start """" ""https://support.microsoft.com/en-us/windows/windows-update-troubleshooter-19bc41ca-ad72-ae67-af3c-89ce169755dd"" & pause & goto microsoft_problem_library"
"microsoft_problem_library","1","Inline","GUI direct runner","microsoft_problem_library","","","","start """" ""https://support.microsoft.com/en-us/windows/windows-update-troubleshooter-19bc41ca-ad72-ae67-af3c-89ce169755dd"" & goto microsoft_problem_library"
"microsoft_problem_library","02","Inline","GUI direct runner","microsoft_problem_library","","","","start """" ""https://support.microsoft.com/en-us/windows/fix-wi-fi-connection-issues-in-windows-9424a1f7-6a3b-65a6-4d78-7f07eee84d2c"" & pause & goto microsoft_problem_library"
"microsoft_problem_library","2","Inline","GUI direct runner","microsoft_problem_library","","","","start """" ""https://support.microsoft.com/en-us/windows/fix-wi-fi-connection-issues-in-windows-9424a1f7-6a3b-65a6-4d78-7f07eee84d2c"" & goto microsoft_problem_library"
"microsoft_problem_library","03","Inline","GUI direct runner","microsoft_problem_library","","","","start """" ""https://support.microsoft.com/en-us/windows/fix-printer-connection-and-printing-problems-in-windows-fb830bff-7702-6349-33cd-9443fe987f73"" & pause & goto microsoft_problem_library"
"microsoft_problem_library","3","Inline","GUI direct runner","microsoft_problem_library","","","","start """" ""https://support.microsoft.com/en-us/windows/fix-printer-connection-and-printing-problems-in-windows-fb830bff-7702-6349-33cd-9443fe987f73"" & goto microsoft_problem_library"
"microsoft_problem_library","04","Inline","GUI direct runner","microsoft_problem_library","","","","start """" ""https://support.microsoft.com/en-us/windows/fix-bluetooth-problems-in-windows-723e092f-03fa-858b-5c80-131ec3fba75c"" & pause & goto microsoft_problem_library"
"microsoft_problem_library","4","Inline","GUI direct runner","microsoft_problem_library","","","","start """" ""https://support.microsoft.com/en-us/windows/fix-bluetooth-problems-in-windows-723e092f-03fa-858b-5c80-131ec3fba75c"" & goto microsoft_problem_library"
"microsoft_problem_library","05","Inline","GUI direct runner","microsoft_problem_library","","","","start """" ""https://support.microsoft.com/en-gb/windows/fix-sound-or-audio-problems-in-windows-73025246-b61c-40fb-671a-2535c7cd56c8"" & pause & goto microsoft_problem_library"
"microsoft_problem_library","5","Inline","GUI direct runner","microsoft_problem_library","","","","start """" ""https://support.microsoft.com/en-gb/windows/fix-sound-or-audio-problems-in-windows-73025246-b61c-40fb-671a-2535c7cd56c8"" & goto microsoft_problem_library"
"microsoft_problem_library","06","Inline","GUI direct runner","microsoft_problem_library","","","","start """" ""https://support.microsoft.com/en-us/windows/camera-app-shows-error-0xa00f4244-nocamerasareattached-05d738b3-b1fd-06f2-f5fc-c0437ff8db32"" & start """" ""https://support.microsoft.com/en-us/windows/fix-microphone-problems-5f230348-106d-bfa4-1db5-336f35576011"" & pause & goto microsoft_problem_library"
"microsoft_problem_library","6","Inline","GUI direct runner","microsoft_problem_library","","","","start """" ""https://support.microsoft.com/en-us/windows/camera-app-shows-error-0xa00f4244-nocamerasareattached-05d738b3-b1fd-06f2-f5fc-c0437ff8db32"" & start """" ""https://support.microsoft.com/en-us/windows/fix-microphone-problems-5f230348-106d-bfa4-1db5-336f35576011"" & goto microsoft_problem_library"
"microsoft_problem_library","07","Inline","GUI direct runner","microsoft_problem_library","","","","start """" ""https://learn.microsoft.com/windows-hardware/drivers/devtest/pnputil-command-syntax"" & start """" ""https://learn.microsoft.com/windows-hardware/drivers/devtest/pnputil-examples"" & pause & goto microsoft_problem_library"
"microsoft_problem_library","7","Inline","GUI direct runner","microsoft_problem_library","","","","start """" ""https://learn.microsoft.com/windows-hardware/drivers/devtest/pnputil-command-syntax"" & start """" ""https://learn.microsoft.com/windows-hardware/drivers/devtest/pnputil-examples"" & goto microsoft_problem_library"
"microsoft_problem_library","08","Label","GUI submenu/CMD label","issue_problem_devices","","","",""
"microsoft_problem_library","8","Label","GUI submenu/CMD label","issue_problem_devices","","","",""
"microsoft_problem_library","09","Label","GUI submenu/CMD label","win_indexing","","","",""
"microsoft_problem_library","9","Label","GUI submenu/CMD label","win_indexing","","","",""
"microsoft_problem_library","10","Label","GUI submenu/CMD label","issue_store_repair","","","",""
"microsoft_problem_library","11","Inline","GUI direct runner","microsoft_problem_library","","","","start """" ms-settings:troubleshoot & pause & goto microsoft_problem_library"
"microsoft_problem_library","12","Label","GUI submenu/CMD label","problem_master_hub","","","",""
"location_fix","P","Label","GUI submenu/CMD label","problem_master_hub","","","",""
"location_fix","1","Inline","GUI direct runner","location_fix","","","","echo [STEP 1] Stopping Services...
    net stop lfsvc >nul 2>&1 & net stop SensorService >nul 2>&1
    echo [STEP 2] Clearing Location Cache...
    del /f /s /q ""%ProgramData%\Microsoft\Windows\Location\*"" >nul 2>&1
    echo [STEP 3] Starting Services...
    net start SensorService >nul 2>&1 & net start lfsvc >nul 2>&1
    echo [STEP 4] Fixing Permissions...
    reg add ""HKLM\SOFTWARE\Microsoft\Windows\CurrentVersion\CapabilityAccessManager\ConsentStore\location"" /v Value /t REG_SZ /d Allow /f >nul
    echo [STEP 5] Reset Maps App...
    powershell ""Get-AppxPackage *maps* | Reset-AppxPackage"" >nul 2>&1
    echo [STEP 6] Flushing DNS...
    ipconfig /flushdns >nul 2>&1
    echo LOCATION FIX COMPLETED!
    pause & goto location_fix"
"location_fix","2","Inline","GUI direct runner","location_fix","","","","net stop lfsvc & net start lfsvc & echo Location Service Restarted. & pause & goto location_fix"
"location_fix","3","Inline","GUI direct runner","location_fix","","","","net stop SensorService & net start SensorService & echo Sensor Restarted. & pause & goto location_fix"
"location_fix","4","Inline","GUI direct runner","location_fix","","","","del /f /s /q ""%ProgramData%\Microsoft\Windows\Location\*"" & echo Cache Cleared. & pause & goto location_fix"
"location_fix","5","Inline","GUI direct runner","location_fix","","","","powershell ""Get-AppxPackage *maps* | Reset-AppxPackage"" & echo Maps Reset. & pause & goto location_fix"
"location_fix","6","Inline","GUI direct runner","location_fix","","","","reg add ""HKLM\SOFTWARE\Microsoft\Windows\CurrentVersion\CapabilityAccessManager\ConsentStore\location"" /v Value /t REG_SZ /d Allow /f & echo Permissions Fixed. & pause & goto location_fix"
"location_fix","7","Inline","GUI direct runner","location_fix","","","","DISM /Online /Cleanup-Image /RestoreHealth & sfc /scannow & pause & goto location_fix"
"location_fix","8","Inline","GUI direct runner","location_fix","","","","ipconfig /flushdns & net start lfsvc & echo Quick Fix Done. & pause & goto location_fix"
"location_fix","9","Inline","GUI direct runner","location_fix","","","","start """" ms-settings:privacy-location & goto location_fix"
"location_fix","10","Inline","GUI direct runner","location_fix","","","","sc query lfsvc & sc query SensorService & pause & goto location_fix"
"location_fix","11","Inline","GUI direct runner","location_fix","","","","taskkill /f /im chrome.exe >nul 2>&1 & rd /s /q ""%LocalAppData%\Google\Chrome\User Data\Default\Geolocation"" >nul 2>&1 & echo Chrome Location Fixed. & pause & goto location_fix"
"browser_tools","P","Label","GUI submenu/CMD label","problem_master_hub","","","",""
"browser_tools","1","Inline","GUI direct runner","browser_tools","","","","taskkill /f /im chrome.exe >nul 2>&1 & rd /s /q ""%LocalAppData%\Google\Chrome\User Data\Default\Cache"" >nul 2>&1 & echo Chrome Reset. & pause & goto browser_tools"
"browser_tools","2","Inline","GUI direct runner","browser_tools","","","","taskkill /f /im msedge.exe >nul 2>&1 & rd /s /q ""%LocalAppData%\Microsoft\Edge\User Data\Default\Cache"" >nul 2>&1 & echo Edge Reset. & pause & goto browser_tools"
"browser_tools","3","Inline","GUI direct runner","browser_tools","","","","taskkill /f /im firefox.exe >nul 2>&1 & rd /s /q ""%AppData%\Mozilla\Firefox\Profiles"" >nul 2>&1 & echo Firefox Cache Cleared. & pause & goto browser_tools"
"browser_tools","4","Inline","GUI embedded Toolkit helper runner","browser_tools","clean_browser_caches","","","call :clean_browser_caches & echo All Browser Caches Cleared. & pause & goto browser_tools"
"browser_tools","5","Inline","GUI direct runner","browser_tools","","","","start """" ""chrome://settings/security"" & goto browser_tools"
"browser_tools","6","Inline","GUI direct runner","browser_tools","","","","start """" ""edge://settings/security"" & goto browser_tools"
"browser_tools","7","Inline","GUI direct runner","browser_tools","","","","ipconfig /flushdns & netsh winsock reset & echo Browser Internet Fix Done. & pause & goto browser_tools"
"browser_tools","8","Inline","GUI direct runner","browser_tools","","","","ipconfig /flushdns & nslookup google.com & pause & goto browser_tools"
"browser_tools","9","Inline","GUI direct runner","browser_tools","","","","start """" ""chrome://settings"" & goto browser_tools"
"browser_tools","10","Inline","GUI direct runner","browser_tools","","","","start """" ""edge://settings"" & pause & goto browser_tools"
"browser_tools","11","Inline","GUI direct runner","browser_tools","","","","rd /s /q ""%LocalAppData%\Google\Chrome\User Data"" & echo Chrome Data Removed. Reinstall Chrome. & pause & goto browser_tools"
"browser_tools","12","Inline","GUI direct runner","browser_tools","","","","start """" ms-settings:defaultapps & pause & goto browser_tools"
"office_download","P","Label","GUI submenu/CMD label","problem_master_hub","","","",""
"office_download","S","Label","GUI submenu/CMD label","office_search_download","","","",""
"office_download","01","Inline","GUI direct runner","office_download","","","","start """" ""https://www.microsoft.com/microsoft-365"" & pause & goto office_download"
"office_download","1","Inline","GUI direct runner","office_download","","","","start """" ""https://www.microsoft.com/microsoft-365"" & pause & goto office_download"
"office_download","02","Inline","GUI direct runner","office_download","","","","start """" ""https://admin.microsoft.com/"" & pause & goto office_download"
"office_download","2","Inline","GUI direct runner","office_download","","","","start """" ""https://admin.microsoft.com/"" & pause & goto office_download"
"office_download","03","Inline","GUI direct runner","office_download","","","","start """" ""https://www.microsoft.com/en-us/download/details.aspx?id=49117"" & pause & goto office_download"
"office_download","3","Inline","GUI direct runner","office_download","","","","start """" ""https://www.microsoft.com/en-us/download/details.aspx?id=49117"" & pause & goto office_download"
"office_download","04","Inline","GUI direct runner","office_download","","","","start """" ""https://config.office.com/"" & pause & goto office_download"
"office_download","4","Inline","GUI direct runner","office_download","","","","start """" ""https://config.office.com/"" & pause & goto office_download"
"office_download","05","Inline","GUI direct runner","office_download","","","","start """" ""https://learn.microsoft.com/microsoft-365-apps/deploy/overview-office-deployment-tool"" & pause & goto office_download"
"office_download","5","Inline","GUI direct runner","office_download","","","","start """" ""https://learn.microsoft.com/microsoft-365-apps/deploy/overview-office-deployment-tool"" & pause & goto office_download"
"office_download","06","Inline","GUI direct runner","office_download","","","","start """" ""https://support.microsoft.com/office/download-and-install-or-reinstall-microsoft-365-or-office-4414eaaf-0478-48be-9c42-23adc4716658"" & pause & goto office_download"
"office_download","6","Inline","GUI direct runner","office_download","","","","start """" ""https://support.microsoft.com/office/download-and-install-or-reinstall-microsoft-365-or-office-4414eaaf-0478-48be-9c42-23adc4716658"" & pause & goto office_download"
"office_download","07","Inline","GUI direct runner","office_download","","","","start """" ""https://account.microsoft.com/services"" & pause & goto office_download"
"office_download","7","Inline","GUI direct runner","office_download","","","","start """" ""https://account.microsoft.com/services"" & pause & goto office_download"
"office_download","08","Inline","GUI direct runner","office_download","","","","start """" ""https://www.office.com/"" & pause & goto office_download"
"office_download","8","Inline","GUI direct runner","office_download","","","","start """" ""https://www.office.com/"" & pause & goto office_download"
"office_download","09","Inline","GUI direct runner","office_download","","","","start """" ""https://www.microsoft365.com/launch/word"" & pause & goto office_download"
"office_download","9","Inline","GUI direct runner","office_download","","","","start """" ""https://www.microsoft365.com/launch/word"" & pause & goto office_download"
"office_download","10","Inline","GUI direct runner","office_download","","","","start """" ""https://www.microsoft365.com/launch/excel"" & pause & goto office_download"
"office_download","11","Inline","GUI direct runner","office_download","","","","start """" ""https://www.microsoft365.com/launch/powerpoint"" & pause & goto office_download"
"office_download","12","Inline","GUI direct runner","office_download","","","","start """" ""https://www.onenote.com/download"" & pause & goto office_download"
"office_download","13","Inline","GUI direct runner","office_download","","","","start """" ""https://www.microsoft.com/microsoft-365/outlook/email-and-calendar-software-microsoft-outlook"" & pause & goto office_download"
"office_download","14","Inline","GUI direct runner","office_download","","","","start """" ""https://www.microsoft.com/microsoft-teams/download-app"" & pause & goto office_download"
"office_download","15","Inline","GUI direct runner","office_download","","","","start """" ""https://www.microsoft.com/microsoft-365/onedrive/download"" & pause & goto office_download"
"office_download","16","Inline","GUI direct runner","office_download","","","","start """" ""https://www.microsoft.com/microsoft-365/sharepoint/collaboration"" & pause & goto office_download"
"office_download","17","Inline","GUI direct runner","office_download","","","","start """" ""https://www.microsoft.com/microsoft-365/visio/flowchart-software"" & pause & goto office_download"
"office_download","18","Inline","GUI direct runner","office_download","","","","start """" ""https://www.microsoft.com/microsoft-365/project/project-management-software"" & pause & goto office_download"
"office_download","19","Inline","GUI direct runner","office_download","","","","start """" ""https://www.microsoft.com/microsoft-365/access"" & pause & goto office_download"
"office_download","20","Inline","GUI direct runner","office_download","","","","start """" ""https://support.microsoft.com/office/publisher-help-56591eee-353e-47a6-baa6-1dddf6d23f0b"" & pause & goto office_download"
"office_download","21","Inline","GUI direct runner","office_download","","","","start """" ""https://forms.office.com/"" & pause & goto office_download"
"office_download","22","Inline","GUI direct runner","office_download","","","","start """" ""https://tasks.office.com/"" & pause & goto office_download"
"office_download","23","Inline","GUI direct runner","office_download","","","","start """" ""https://to-do.office.com/tasks/"" & pause & goto office_download"
"office_download","24","Inline","GUI direct runner","office_download","","","","start """" ""https://loop.microsoft.com/"" & pause & goto office_download"
"office_download","25","Inline","GUI direct runner","office_download","","","","start """" ""https://clipchamp.com/"" & pause & goto office_download"
"office_download","26","Inline","GUI direct runner","office_download","","","","start """" ""https://www.microsoft.com/microsoft-365/microsoft-whiteboard/digital-whiteboard-app"" & pause & goto office_download"
"office_download","27","Inline","GUI direct runner","office_download","","","","start """" ""https://powerbi.microsoft.com/desktop/"" & pause & goto office_download"
"office_download","28","Inline","GUI direct runner","office_download","","","","start """" ""https://powerautomate.microsoft.com/desktop/"" & pause & goto office_download"
"office_download","29","Inline","GUI direct runner","office_download","","","","start """" ""https://powerapps.microsoft.com/"" & pause & goto office_download"
"office_download","30","Inline","GUI direct runner","office_download","","","","start """" ""https://www.microsoft.com/en-us/download/details.aspx?id=35491"" & pause & goto office_download"
"office_download","31","Inline","GUI direct runner","office_download","","","","start """" ""https://www.skype.com/get-skype/"" & pause & goto office_download"
"office_download","32","Inline","GUI direct runner","office_download","","","","start """" ""https://www.microsoft.com/microsoft-viva/engage"" & pause & goto office_download"
"office_download","33","Inline","GUI direct runner","office_download","","","","start """" ""https://www.microsoft.com/microsoft-viva"" & pause & goto office_download"
"office_download","34","Inline","GUI direct runner","office_download","","","","start """" ""https://support.microsoft.com/office-activation"" & pause & goto office_download"
"office_download","35","Inline","GUI direct runner","office_download","","","","start """" ""https://support.microsoft.com/office/repair-an-office-application-7821d4b6-7c1d-4205-aa0e-a6b40c5bb88b"" & pause & goto office_download"
"office_download","36","Inline","GUI direct runner","office_download","","","","start """" ""https://support.microsoft.com/office/uninstall-office-from-a-pc-9dd49b83-264a-477a-8fcc-2fdf5dbf61d8"" & pause & goto office_download"
"office_download","37","Inline","GUI direct runner","office_download","","","","start """" ""https://aka.ms/SaRA-officeUninstallFromPC"" & pause & goto office_download"
"office_download","38","Inline","GUI direct runner","office_download","","","","start """" ""https://support.microsoft.com/outlook"" & pause & goto office_download"
"office_download","39","Inline","GUI direct runner","office_download","","","","start """" ""https://support.microsoft.com/teams"" & pause & goto office_download"
"office_download","40","Inline","GUI direct runner","office_download","","","","start """" ""https://support.microsoft.com/onedrive"" & pause & goto office_download"
"office_download","41","Inline","GUI direct runner","office_download","","","","start """" ""https://www.libreoffice.org/download/download-libreoffice/"" & pause & goto office_download"
"office_download","42","Inline","GUI direct runner","office_download","","","","start """" ""https://www.libreoffice.org/download/download-libreoffice/"" & pause & goto office_download"
"office_download","43","Inline","GUI direct runner","office_download","","","","start """" ""https://www.libreoffice.org/download/portable-versions/"" & pause & goto office_download"
"office_download","44","Inline","GUI direct runner","office_download","","","","start """" ""https://www.openoffice.org/download/"" & pause & goto office_download"
"office_download","45","Inline","GUI direct runner","office_download","","","","start """" ""https://www.onlyoffice.com/download-desktop.aspx"" & pause & goto office_download"
"office_download","46","Inline","GUI direct runner","office_download","","","","start """" ""https://www.onlyoffice.com/download-workspace.aspx"" & pause & goto office_download"
"office_download","47","Inline","GUI direct runner","office_download","","","","start """" ""https://www.wps.com/office/windows/"" & pause & goto office_download"
"office_download","48","Inline","GUI direct runner","office_download","","","","start """" ""https://www.freeoffice.com/en/download"" & pause & goto office_download"
"office_download","49","Inline","GUI direct runner","office_download","","","","start """" ""https://www.collaboraoffice.com/collabora-office/"" & pause & goto office_download"
"office_download","50","Inline","GUI direct runner","office_download","","","","start """" ""https://docs.google.com/"" & pause & goto office_download"
"office_download","51","Inline","GUI direct runner","office_download","","","","start """" ""https://sheets.google.com/"" & pause & goto office_download"
"office_download","52","Inline","GUI direct runner","office_download","","","","start """" ""https://slides.google.com/"" & pause & goto office_download"
"office_download","53","Inline","GUI direct runner","office_download","","","","start """" ""https://www.google.com/drive/download/"" & pause & goto office_download"
"office_download","54","Inline","GUI direct runner","office_download","","","","start """" ""https://www.zoho.com/writer/"" & pause & goto office_download"
"office_download","55","Inline","GUI direct runner","office_download","","","","start """" ""https://www.zoho.com/sheet/"" & pause & goto office_download"
"office_download","56","Inline","GUI direct runner","office_download","","","","start """" ""https://www.zoho.com/show/"" & pause & goto office_download"
"office_download","57","Inline","GUI direct runner","office_download","","","","start """" ""https://www.dropbox.com/paper"" & pause & goto office_download"
"office_download","58","Inline","GUI direct runner","office_download","","","","start """" ""https://www.notion.com/desktop"" & pause & goto office_download"
"office_download","59","Inline","GUI direct runner","office_download","","","","start """" ""https://obsidian.md/download"" & pause & goto office_download"
"office_download","60","Inline","GUI direct runner","office_download","","","","start """" ""https://evernote.com/download"" & pause & goto office_download"
"office_download","61","Inline","GUI direct runner","office_download","","","","start """" ""https://joplinapp.org/help/install/"" & pause & goto office_download"
"office_download","62","Inline","GUI direct runner","office_download","","","","start """" ""https://get.adobe.com/reader/"" & pause & goto office_download"
"office_download","63","Inline","GUI direct runner","office_download","","","","start """" ""https://www.adobe.com/acrobat/free-trial-download.html"" & pause & goto office_download"
"office_download","64","Inline","GUI direct runner","office_download","","","","start """" ""https://www.foxit.com/pdf-reader/"" & pause & goto office_download"
"office_download","65","Inline","GUI direct runner","office_download","","","","start """" ""https://www.sumatrapdfreader.org/download-free-pdf-viewer"" & pause & goto office_download"
"office_download","66","Inline","GUI direct runner","office_download","","","","start """" ""https://tools.pdf24.org/en/creator"" & pause & goto office_download"
"office_download","67","Inline","GUI direct runner","office_download","","","","start """" ""https://www.pdfforge.org/pdfcreator/download"" & pause & goto office_download"
"office_download","68","Inline","GUI direct runner","office_download","","","","start """" ""https://pdfsam.org/download-pdfsam-basic/"" & pause & goto office_download"
"office_download","69","Inline","GUI direct runner","office_download","","","","start """" ""https://okular.kde.org/download/"" & pause & goto office_download"
"office_download","70","Inline","GUI direct runner","office_download","","","","start """" ""https://www.scribus.net/downloads/"" & pause & goto office_download"
"office_download","71","Inline","GUI direct runner","office_download","","","","start """" ""https://miktex.org/download"" & pause & goto office_download"
"office_download","72","Inline","GUI direct runner","office_download","","","","start """" ""https://www.tug.org/texlive/acquire-netinstall.html"" & pause & goto office_download"
"office_download","73","Inline","GUI direct runner","office_download","","","","start """" ""https://www.zotero.org/download/"" & pause & goto office_download"
"office_download","74","Inline","GUI direct runner","office_download","","","","start """" ""https://www.mendeley.com/download-reference-manager/"" & pause & goto office_download"
"office_download","75","Inline","GUI direct runner","office_download","","","","start """" ""https://www.grammarly.com/desktop"" & pause & goto office_download"
"office_download","76","Inline","GUI direct runner","office_download","","","","start """" ""https://languagetool.org/windows-desktop"" & pause & goto office_download"
"office_download","77","Inline","GUI direct runner","office_download","","","","start """" ""https://pandoc.org/installing.html"" & pause & goto office_download"
"office_download","78","Inline","GUI direct runner","office_download","","","","start """" ""https://calibre-ebook.com/download"" & pause & goto office_download"
"office_download","79","Inline","GUI direct runner","office_download","","","","start """" ""https://sigil-ebook.com/sigil/download/"" & pause & goto office_download"
"office_download","80","Inline","GUI direct runner","office_download","","","","start """" ""https://xmind.app/download/"" & pause & goto office_download"
"office_download","81","Inline","GUI direct runner","office_download","","","","start """" ""https://freemind.sourceforge.io/wiki/index.php/Download"" & pause & goto office_download"
"office_download","82","Inline","GUI direct runner","office_download","","","","start """" ""https://github.com/jgraph/drawio-desktop/releases"" & pause & goto office_download"
"office_download","83","Inline","GUI direct runner","office_download","","","","start """" ""https://app.diagrams.net/"" & pause & goto office_download"
"office_download","84","Inline","GUI direct runner","office_download","","","","start """" ""https://www.lucidchart.com/pages/"" & pause & goto office_download"
"office_download","85","Inline","GUI direct runner","office_download","","","","start """" ""https://miro.com/apps/"" & pause & goto office_download"
"office_download","86","Inline","GUI direct runner","office_download","","","","start """" ""https://slack.com/downloads/windows"" & pause & goto office_download"
"office_download","87","Inline","GUI direct runner","office_download","","","","start """" ""https://zoom.us/download"" & pause & goto office_download"
"office_download","88","Inline","GUI direct runner","office_download","","","","start """" ""https://www.webex.com/downloads.html"" & pause & goto office_download"
"office_download","89","Inline","GUI direct runner","office_download","","","","start """" ""https://meet.google.com/"" & pause & goto office_download"
"office_download","90","Inline","GUI direct runner","office_download","","","","start """" ""https://www.thunderbird.net/download/"" & pause & goto office_download"
"office_download","91","Inline","GUI direct runner","office_download","","","","start """" ""https://www.emclient.com/download"" & pause & goto office_download"
"office_download","92","Inline","GUI direct runner","office_download","","","","start """" ""https://www.getmailbird.com/download/"" & pause & goto office_download"
"office_download","93","Inline","GUI direct runner","office_download","","","","start """" ""https://proton.me/mail/bridge"" & pause & goto office_download"
"office_download","94","Inline","GUI direct runner","office_download","","","","start """" ""https://nextcloud.com/install/#install-clients"" & pause & goto office_download"
"office_download","95","Inline","GUI direct runner","office_download","","","","start """" ""https://syncthing.net/downloads/"" & pause & goto office_download"
"office_download","96","Inline","GUI direct runner","office_download","","","","start """" ""https://www.docusign.com/products/electronic-signature"" & pause & goto office_download"
"office_download","97","Inline","GUI direct runner","office_download","","","","start """" ""https://www.adobe.com/acrobat/mobile/scanner-app.html"" & pause & goto office_download"
"office_download","98","Inline","GUI direct runner","office_download","","","","start """" ""https://www.microsoft.com/microsoft-365/microsoft-lens"" & pause & goto office_download"
"office_download","100","Inline","GUI direct runner","office_download","","","","start """" ""https://www.usa.canon.com/support"" & pause & goto office_download"
"office_download","101","Inline","GUI direct runner","office_download","","","","start """" ""https://www.hpsmart.com/"" & pause & goto office_download"
"office_download","102","Inline","GUI direct runner","office_download","","","","start """" ""https://epson.com/Support/wa00870"" & pause & goto office_download"
"office_download","103","Inline","GUI direct runner","office_download","","","","start """" ""https://support.brother.com/"" & pause & goto office_download"
"office_download","104","Inline","GUI direct runner","office_download","","","","start """" ""https://www.microsoft.com/en-us/download/details.aspx?id=102134"" & pause & goto office_download"
"office_download","105","Inline","GUI direct runner","office_download","","","","start """" ""https://support.microsoft.com/office/view-a-presentation-without-powerpoint-1a1f4a4a-04d6-4f21-9c9c-879cdbb8a3d2"" & pause & goto office_download"
"office_download","106","Inline","GUI direct runner","office_download","","","","start """" ""https://support.microsoft.com/office/language-accessory-pack-for-microsoft-365-82ee1236-0f9a-45ee-9c72-05b026ee809f"" & pause & goto office_download"
"office_download","107","Inline","GUI direct runner","office_download","","","","start """" ""https://learn.microsoft.com/officeupdates/update-history-microsoft365-apps-by-date"" & pause & goto office_download"
"office_download","108","Inline","GUI direct runner","office_download","","","","start """" ""https://learn.microsoft.com/officeupdates/current-channel"" & pause & goto office_download"
"office_download","109","Inline","GUI direct runner","office_download","","","","start """" ""https://learn.microsoft.com/microsoft-365-apps/deploy/office-deployment-tool-configuration-options"" & pause & goto office_download"
"office_download","110","Inline","GUI direct runner","office_download","","","","start """" ""https://support.microsoft.com/office/use-the-office-offline-installer-f0a85fe7-118f-41cb-a791-d59cef96ad1c"" & pause & goto office_download"
"office_download","111","Inline","GUI direct runner","office_download","","","","start """" ""https://apps.microsoft.com/search?query=Microsoft%20365"" & pause & goto office_download"
"office_download","112","Inline","GUI direct runner","office_download","","","","start """" ""https://officecdn.microsoft.com/pr/wsus/setup.exe"" & pause & goto office_download"
"cat_backup","P","Label","GUI submenu/CMD label","problem_master_hub","","","",""
"cat_backup","1","Label","GUI submenu/CMD label","system_backup","","","",""
"cat_backup","2","Label","GUI submenu/CMD label","file_backup","","","",""
"cat_backup","3","Label","GUI submenu/CMD label","sys_restore","","","",""
"cat_backup","4","Label","GUI submenu/CMD label","reg_backup","","","",""
"cat_backup","5","Label","GUI submenu/CMD label","driver_backup","","","",""
"cat_backup","6","Label","GUI submenu/CMD label","emergency_tools","","","",""
"cat_backup","7","Label","GUI submenu/CMD label","recovery_opts","","","",""
"cat_backup","8","Label","GUI submenu/CMD label","reset_pc","","","",""
"cat_backup","9","Label","GUI submenu/CMD label","disk_image","","","",""
"system_backup","P","Label","GUI submenu/CMD label","problem_master_hub","","","",""
"system_backup","1","Inline","GUI direct runner","system_backup","","","","start """" sdclt & goto system_backup"
"system_backup","2","Inline","GUI direct runner","system_backup","","","","start """" ms-settings:backup & goto system_backup"
"system_backup","3","Inline","GUI direct runner","system_backup","","","","powershell -command ""Checkpoint-Computer -Description 'Manual Restore Point' -RestorePointType 'MODIFY_SETTINGS'"" & echo Restore Point Created. & pause & goto system_backup"
"system_backup","4","Inline","GUI direct runner","system_backup","","","","rstrui.exe & goto system_backup"
"system_backup","5","Inline","GUI direct runner","system_backup","","","","start """" ms-settings:backup & goto system_backup"
"system_backup","6","Inline","GUI direct runner","system_backup","","","","start """" ms-settings:onedrive & goto system_backup"
"file_backup","P","Label","GUI submenu/CMD label","problem_master_hub","","","",""
"file_backup","1","Inline","GUI direct runner","file_backup_to_drive","","","","set ""FILE_BACKUP_SOURCE=%USERPROFILE%\Desktop"" & set ""FILE_BACKUP_NAME=Desktop"" & set ""FILE_BACKUP_RETURN=file_backup"" & goto file_backup_to_drive"
"file_backup","2","Inline","GUI direct runner","file_backup_to_drive","","","","set ""FILE_BACKUP_SOURCE=%USERPROFILE%\Documents"" & set ""FILE_BACKUP_NAME=Documents"" & set ""FILE_BACKUP_RETURN=file_backup"" & goto file_backup_to_drive"
"file_backup","3","Inline","GUI direct runner","file_backup_to_drive","","","","set ""FILE_BACKUP_SOURCE=%USERPROFILE%\Pictures"" & set ""FILE_BACKUP_NAME=Pictures"" & set ""FILE_BACKUP_RETURN=file_backup"" & goto file_backup_to_drive"
"file_backup","4","Label","GUI submenu/CMD label","file_backup_custom_to_drive","","","",""
"file_backup","5","Inline","GUI direct runner","file_restore_from_drive","","","","set ""FILE_RESTORE_RETURN=file_backup"" & goto file_restore_from_drive"
"file_backup","6","Label","GUI submenu/CMD label","file_backup_advanced_to_drive","","","",""
"file_backup","7","Label","GUI submenu/CMD label","file_open_backup_root","","","",""
"file_backup","8","Inline","GUI direct runner","file_backup","","","","start """" control /name Microsoft.FileHistory & goto file_backup"
"file_backup","9","Label","GUI submenu/CMD label","file_verify_backup_root","","","",""
"sys_restore","P","Label","GUI submenu/CMD label","problem_master_hub","","","",""
"sys_restore","1","Inline","GUI direct runner","sys_restore","","","","rstrui.exe & goto sys_restore"
"sys_restore","2","Inline","GUI direct runner","sys_restore","","","","powershell -command ""Checkpoint-Computer -Description 'Restore Point' -RestorePointType 'MODIFY_SETTINGS'"" & echo Created. & pause & goto sys_restore"
"sys_restore","3","Inline","GUI direct runner","sys_restore","","","","powershell -command ""Enable-ComputerRestore -Drive 'C:\'"" & echo System Restore Enabled. & pause & goto sys_restore"
"sys_restore","4","Inline","GUI direct runner","sys_restore","","","","powershell -command ""Disable-ComputerRestore -Drive 'C:\'"" & echo System Restore Disabled. & pause & goto sys_restore"
"sys_restore","5","Inline","GUI direct runner","sys_restore","","","","powershell -command ""Get-ComputerRestorePoint"" & pause & goto sys_restore"
"reg_backup","P","Label","GUI submenu/CMD label","problem_master_hub","","","",""
"reg_backup","1","Inline","GUI direct runner","registry_backup_to_drive","","","","set ""REG_BACKUP_MODE=HKCU"" & set ""REG_BACKUP_RETURN=reg_backup"" & goto registry_backup_to_drive"
"reg_backup","2","Inline","GUI direct runner","registry_backup_to_drive","","","","set ""REG_BACKUP_MODE=HKLM"" & set ""REG_BACKUP_RETURN=reg_backup"" & goto registry_backup_to_drive"
"reg_backup","3","Inline","GUI direct runner","registry_backup_to_drive","","","","set ""REG_BACKUP_MODE=HKCR"" & set ""REG_BACKUP_RETURN=reg_backup"" & goto registry_backup_to_drive"
"reg_backup","4","Inline","GUI direct runner","registry_backup_to_drive","","","","set ""REG_BACKUP_MODE=FULL"" & set ""REG_BACKUP_RETURN=reg_backup"" & goto registry_backup_to_drive"
"reg_backup","5","Inline","GUI direct runner","registry_restore_from_drive","","","","set ""REG_RESTORE_RETURN=reg_backup"" & goto registry_restore_from_drive"
"reg_backup","6","Label","GUI submenu/CMD label","reg_open_backup_root","","","",""
"driver_backup","P","Label","GUI submenu/CMD label","problem_master_hub","","","",""
"driver_backup","1","Inline","GUI direct runner","driver_backup_to_drive","","","","set ""DRIVER_BACKUP_RETURN=driver_backup"" & goto driver_backup_to_drive"
"driver_backup","2","Inline","GUI direct runner","driver_restore_from_drive","","","","set ""DRIVER_RESTORE_RETURN=driver_backup"" & goto driver_restore_from_drive"
"driver_backup","3","Inline","GUI direct runner","driver_backup","","","","pnputil /enum-drivers & pause & goto driver_backup"
"driver_backup","4","Label","GUI submenu/CMD label","driver_open_backup_root","","","",""
"driver_backup","5","Inline","GUI direct runner","driver_backup","","","","start """" devmgmt.msc & goto driver_backup"
"driver_backup","6","Inline","GUI direct runner","driver_backup","","","","pnputil /enum-devices /problem /deviceids & pause & goto driver_backup"
"emergency_tools","P","Label","GUI submenu/CMD label","problem_master_hub","","","",""
"emergency_tools","1","Inline","GUI direct runner","emergency_tools","","","","taskkill /f /im chrome.exe >nul 2>&1 & taskkill /f /im msedge.exe >nul 2>&1 & taskkill /f /im firefox.exe >nul 2>&1 & taskkill /f /im winword.exe >nul 2>&1 & echo Non-essential killed. & pause & goto emergency_tools"
"emergency_tools","2","Inline","GUI direct runner","emergency_tools","","","","taskkill /f /im explorer.exe & goto emergency_tools"
"emergency_tools","3","Inline","GUI visible interactive runner","emergency_tools","","","","set ""proc="" & set /p proc=Process name: & taskkill /f /im !proc! & pause & goto emergency_tools"
"emergency_tools","4","Inline","GUI direct runner","","","","","shutdown /r /f /t 0"
"emergency_tools","5","Inline","GUI direct runner","","","","","shutdown /s /f /t 0"
"emergency_tools","6","Inline","GUI direct runner","emergency_tools","","","","start """" taskmgr & goto emergency_tools"
"emergency_tools","7","Inline","GUI direct runner","","","","","cmd.exe"
"emergency_tools","8","Inline","GUI direct runner","emergency_tools","","","","rstrui.exe & goto emergency_tools"
"recovery_opts","P","Label","GUI submenu/CMD label","problem_master_hub","","","",""
"recovery_opts","1","Inline","GUI direct runner","","","","","shutdown /r /o /f /t 0"
"recovery_opts","2","Inline","GUI direct runner","recovery_opts","","","","bcdedit /set {current} safeboot minimal & echo Restart to Safe Mode. & pause & goto recovery_opts"
"recovery_opts","3","Inline","GUI direct runner","recovery_opts","","","","bcdedit /deletevalue {current} safeboot & echo Normal boot restored. & pause & goto recovery_opts"
"recovery_opts","4","Inline","GUI direct runner","","","","","cmd.exe"
"recovery_opts","5","Inline","GUI direct runner","recovery_opts","","","","rstrui.exe & goto recovery_opts"
"recovery_opts","6","Inline","GUI direct runner","","","","","shutdown /r /o /f /t 0"
"recovery_opts","7","Inline","GUI direct runner","recovery_opts","","","","start """" ms-settings:recovery & goto recovery_opts"
"reset_pc","P","Label","GUI submenu/CMD label","problem_master_hub","","","",""
"reset_pc","1","Inline","GUI direct runner","reset_pc","","","","start """" ms-settings:recovery & echo Click Reset this PC - Keep my files & pause & goto reset_pc"
"reset_pc","2","Inline","GUI visible interactive runner","reset_pc","","","","echo WARNING: All data will be deleted! & set ""confirm="" & set /p confirm=Type YES to continue: & if ""!confirm!""==""YES"" systemreset -factoryreset & goto reset_pc"
"reset_pc","3","Inline","GUI direct runner","reset_pc","","","","start """" ms-settings:recovery & goto reset_pc"
"disk_image","P","Label","GUI submenu/CMD label","problem_master_hub","","","",""
"disk_image","1","Inline","GUI direct runner","disk_image","","","","start """" sdclt & goto disk_image"
"disk_image","2","Inline","GUI direct runner","disk_image","","","","start """" sdclt & goto disk_image"
"disk_image","3","Inline","GUI direct runner","disk_image","","","","start """" ms-settings:backup & goto disk_image"
"disk_image","4","Inline","GUI embedded Toolkit helper runner","disk_image","ps_disk_drives","","","call :ps_disk_drives & pause & goto disk_image"
"disk_image","5","Inline","GUI direct runner","dism_wim_center","","","","set ""WIM_CENTER_BACK=disk_image"" & goto dism_wim_center"
"disk_image","6","Label","GUI submenu/CMD label","dism_wim_info","","","",""
"disk_image","7","Label","GUI submenu/CMD label","dism_wim_apply","","","",""
"disk_image","8","Label","GUI submenu/CMD label","dism_wim_capture","","","",""
"disk_image","9","Label","GUI submenu/CMD label","dism_wim_copy_install","","","",""
"dism_wim_center","1","Label","GUI submenu/CMD label","dism_wim_restore_auto","","","",""
"dism_wim_center","2","Label","GUI submenu/CMD label","dism_wim_info","","","",""
"dism_wim_center","3","Label","GUI submenu/CMD label","dism_wim_copy_install","","","",""
"dism_wim_center","4","Label","GUI submenu/CMD label","dism_wim_export_install","","","",""
"dism_wim_center","5","Label","GUI submenu/CMD label","dism_wim_apply","","","",""
"dism_wim_center","6","Label","GUI submenu/CMD label","dism_wim_capture","","","",""
"dism_wim_center","7","Label","GUI submenu/CMD label","dism_wim_mount","","","",""
"dism_wim_center","8","Label","GUI submenu/CMD label","dism_wim_unmount","","","",""
"dism_wim_center","9","Inline","GUI direct runner","dism_wim_center","","","","DISM /Cleanup-Wim & pause & goto dism_wim_center"
"dism_wim_center","10","Label","GUI submenu/CMD label","dism_wim_add_drivers","","","",""
"dism_wim_center","11","Label","GUI submenu/CMD label","dism_wim_reference","","","",""
"cat_extras","P","Label","GUI submenu/CMD label","problem_master_hub","","","",""
"cat_extras","1","Label","GUI submenu/CMD label","user_pc_info","","","",""
"cat_extras","2","Label","GUI submenu/CMD label","gpo_reg","","","",""
"cat_extras","3","Label","GUI submenu/CMD label","hyperv_wsl","","","",""
"cat_extras","4","Label","GUI submenu/CMD label","net_adv_diag","","","",""
"cat_extras","5","Label","GUI submenu/CMD label","event_log","","","",""
"cat_extras","6","Label","GUI submenu/CMD label","win_activation","","","",""
"cat_extras","7","Label","GUI submenu/CMD label","env_vars","","","",""
"cat_extras","8","Label","GUI submenu/CMD label","sched_tasks","","","",""
"cat_extras","9","Label","GUI submenu/CMD label","adv_admin","","","",""
"user_pc_info","P","Label","GUI submenu/CMD label","problem_master_hub","","","",""
"user_pc_info","1","Inline","GUI direct runner","user_pc_info","","","","msinfo32 & goto user_pc_info"
"user_pc_info","2","Inline","GUI direct runner","user_pc_info","","","","systeminfo ^| findstr /c:""Host Name"" /c:""Domain"" & pause & goto user_pc_info"
"user_pc_info","3","Inline","GUI direct runner","user_pc_info","","","","whoami & echo. & net user %username% & pause & goto user_pc_info"
"user_pc_info","4","Inline","GUI direct runner","user_pc_info","","","","net user & pause & goto user_pc_info"
"user_pc_info","5","Inline","GUI direct runner","user_pc_info","","","","ipconfig /all & pause & goto user_pc_info"
"user_pc_info","6","Inline","GUI embedded Toolkit helper runner","user_pc_info","ps_logical_disks","","","call :ps_logical_disks & pause & goto user_pc_info"
"user_pc_info","7","Inline","GUI direct runner","user_pc_info","","","","powershell -command ""(Get-Date) - (gcim Win32_OperatingSystem).LastBootUpTime"" & pause & goto user_pc_info"
"user_pc_info","8","Inline","GUI direct runner","user_pc_info","","","","powershell -command ""(gcim Win32_OperatingSystem).LastBootUpTime"" & pause & goto user_pc_info"
"user_pc_info","9","Inline","GUI embedded Toolkit helper runner","user_pc_info","ps_installed_apps","","","call :ps_installed_apps & pause & goto user_pc_info"
"user_pc_info","10","Inline","GUI direct runner","user_pc_info","","","","slmgr /dlv & goto user_pc_info"
"user_pc_info","11","Label","GUI submenu/CMD label","sysreport","","","",""
"gpo_reg","P","Label","GUI submenu/CMD label","problem_master_hub","","","",""
"gpo_reg","1","Inline","GUI direct runner","gpo_reg","","","","start """" gpedit.msc & goto gpo_reg"
"gpo_reg","2","Inline","GUI direct runner","gpo_reg","","","","gpupdate /force & pause & goto gpo_reg"
"gpo_reg","3","Inline","GUI direct runner","gpo_reg","","","","rd /s /q ""%ALLUSERSPROFILE%\Microsoft\Group Policy"" >nul 2>&1 & gpupdate /force & echo GPO Reset. & pause & goto gpo_reg"
"gpo_reg","4","Inline","GUI direct runner","gpo_reg","","","","start """" secpol.msc & goto gpo_reg"
"gpo_reg","5","Inline","GUI direct runner","gpo_reg","","","","start """" regedit & goto gpo_reg"
"gpo_reg","6","Inline","GUI direct runner","gpo_reg","","","","reg export HKCU ""%USERPROFILE%\Desktop\RegBackup.reg"" & echo Backed up. & pause & goto gpo_reg"
"gpo_reg","7","Inline","GUI visible interactive runner","gpo_reg","","","","set ""key="" & set /p key=Registry Key: & reg query ""!key!"" & pause & goto gpo_reg"
"gpo_reg","8","Inline","GUI visible interactive runner","gpo_reg","","","","set ""key="" & set /p key=Key: & set ""val="" & set /p val=Value Name: & set ""dat="" & set /p dat=Data: & reg add ""!key!"" /v !val! /d !dat! /f & pause & goto gpo_reg"
"gpo_reg","9","Inline","GUI visible interactive runner","gpo_reg","","","","set ""key="" & set /p key=Key: & set ""val="" & set /p val=Value Name: & reg delete ""!key!"" /v !val! /f & pause & goto gpo_reg"
"gpo_reg","10","Inline","GUI direct runner","gpo_reg","","","","rsop.msc & pause & goto gpo_reg"
"hyperv_wsl","P","Label","GUI submenu/CMD label","problem_master_hub","","","",""
"hyperv_wsl","1","Inline","GUI direct runner","hyperv_wsl","","","","dism /online /enable-feature /featurename:Microsoft-Hyper-V-All /all & echo Hyper-V Enabled. Restart needed. & pause & goto hyperv_wsl"
"hyperv_wsl","2","Inline","GUI direct runner","hyperv_wsl","","","","dism /online /disable-feature /featurename:Microsoft-Hyper-V-All & echo Hyper-V Disabled. & pause & goto hyperv_wsl"
"hyperv_wsl","3","Inline","GUI embedded Toolkit helper runner","hyperv_wsl","open_hyperv_manager","","","call :open_hyperv_manager & pause & goto hyperv_wsl"
"hyperv_wsl","4","Inline","GUI direct runner","hyperv_wsl","","","","wsl --install & pause & goto hyperv_wsl"
"hyperv_wsl","5","Inline","GUI direct runner","hyperv_wsl","","","","wsl --list --verbose & pause & goto hyperv_wsl"
"hyperv_wsl","6","Inline","GUI direct runner","hyperv_wsl","","","","wsl --update & pause & goto hyperv_wsl"
"hyperv_wsl","7","Inline","GUI direct runner","hyperv_wsl","","","","dism /online /enable-feature /featurename:Microsoft-Windows-Subsystem-Linux & echo WSL Enabled. Restart. & pause & goto hyperv_wsl"
"hyperv_wsl","8","Inline","GUI direct runner","hyperv_wsl","","","","dism /online /disable-feature /featurename:Microsoft-Windows-Subsystem-Linux & echo WSL Disabled. & pause & goto hyperv_wsl"
"hyperv_wsl","9","Inline","GUI direct runner","hyperv_wsl","","","","powershell -command ""Get-VM"" & pause & goto hyperv_wsl"
"hyperv_wsl","10","Inline","GUI direct runner","hyperv_wsl","","","","dism /online /enable-feature /featurename:Containers-DisposableClientVM /all & echo Sandbox Enabled. Restart. & pause & goto hyperv_wsl"
"event_log","P","Label","GUI submenu/CMD label","problem_master_hub","","","",""
"event_log","1","Inline","GUI direct runner","event_log","","","","eventvwr.msc & goto event_log"
"event_log","2","Inline","GUI direct runner","event_log","","","","powershell -command ""Get-WinEvent -LogName System | Where-Object {$_.LevelDisplayName -eq 'Critical' -and $_.TimeCreated -gt (Get-Date).AddDays(-7)} | Select-Object TimeCreated,Message | Format-List"" & pause & goto event_log"
"event_log","3","Inline","GUI direct runner","event_log","","","","powershell -command ""Get-WinEvent -LogName System | Where-Object {$_.Level -eq 2} | Select-Object -First 20 TimeCreated,Message | Format-List"" & pause & goto event_log"
"event_log","4","Inline","GUI direct runner","event_log","","","","powershell -command ""Get-WinEvent -LogName Application | Where-Object {$_.Level -eq 2} | Select-Object -First 20 TimeCreated,Message | Format-List"" & pause & goto event_log"
"event_log","5","Inline","GUI direct runner","event_log","","","","powershell -command ""Get-WinEvent -LogName Security | Select-Object -First 20 TimeCreated,Message | Format-List"" & pause & goto event_log"
"event_log","6","Inline","GUI direct runner","event_log","","","","powershell -command ""Get-WinEvent -LogName System | Where-Object {$_.Id -eq 41 -or $_.Id -eq 6008} | Select-Object -First 10 TimeCreated,Message | Format-List"" & pause & goto event_log"
"event_log","7","Inline","GUI direct runner","event_log","","","","powershell -command ""Get-WinEvent -LogName Security | Where-Object {$_.Id -eq 4624} | Select-Object -First 20 TimeCreated,Message | Format-List"" & pause & goto event_log"
"event_log","8","Inline","GUI direct runner","event_log","","","","for /F ""tokens=*"" %%G in ('wevtutil.exe el') DO wevtutil.exe cl ""%%G"" 2>nul & echo All Logs Cleared. & pause & goto event_log"
"event_log","9","Inline","GUI direct runner","event_log","","","","wevtutil epl System ""%USERPROFILE%\Desktop\System_Log.evtx"" & wevtutil epl Application ""%USERPROFILE%\Desktop\App_Log.evtx"" & echo Logs saved to Desktop. & pause & goto event_log"
"win_activation","P","Label","GUI submenu/CMD label","problem_master_hub","","","",""
"win_activation","1","Inline","GUI direct runner","win_activation","","","","slmgr /xpr & goto win_activation"
"win_activation","2","Inline","GUI direct runner","win_activation","","","","slmgr /ato & pause & goto win_activation"
"win_activation","3","Inline","GUI direct runner","win_activation","","","","slmgr /dlv & pause & goto win_activation"
"win_activation","4","Inline","GUI visible interactive runner","win_activation","","","","set ""key="" & set /p key=New Key: & slmgr /ipk !key! & pause & goto win_activation"
"win_activation","5","Inline","GUI direct runner","win_activation","","","","slmgr /rearm & echo Rearm Done. Restart. & pause & goto win_activation"
"win_activation","6","Inline","GUI direct runner","win_activation","","","","start """" ms-settings:activation & goto win_activation"
"win_activation","7","Inline","GUI direct runner","win_activation","","","","slmgr /ato & pause & goto win_activation"
"win_activation","8","Inline","GUI embedded Toolkit helper runner","win_activation","ps_oem_key","","","call :ps_oem_key & pause & goto win_activation"
"env_vars","P","Label","GUI submenu/CMD label","problem_master_hub","","","",""
"env_vars","1","Inline","GUI direct runner","env_vars","","","","set & pause & goto env_vars"
"env_vars","2","Inline","GUI direct runner","env_vars","","","","reg query ""HKCU\Environment"" & pause & goto env_vars"
"env_vars","3","Inline","GUI direct runner","env_vars","","","","reg query ""HKLM\SYSTEM\CurrentControlSet\Control\Session Manager\Environment"" & pause & goto env_vars"
"env_vars","4","Inline","GUI visible interactive runner","env_vars","","","","set ""var="" & set /p var=Variable Name: & set ""val="" & set /p val=Value: & setx !var! ""!val!"" & pause & goto env_vars"
"env_vars","5","Inline","GUI visible interactive runner","env_vars","","","","set ""var="" & set /p var=Variable Name: & set ""val="" & set /p val=Value: & setx !var! ""!val!"" /m & pause & goto env_vars"
"env_vars","6","Inline","GUI visible interactive runner","env_vars","","","","set ""var="" & set /p var=Variable Name: & reg delete ""HKCU\Environment"" /v !var! /f & pause & goto env_vars"
"env_vars","7","Inline","GUI direct runner","env_vars","","","","start """" sysdm.cpl & goto env_vars"
"env_vars","8","Inline","GUI direct runner","env_vars","","","","start """" sysdm.cpl & goto env_vars"
"sched_tasks","P","Label","GUI submenu/CMD label","problem_master_hub","","","",""
"sched_tasks","1","Inline","GUI direct runner","sched_tasks","","","","start """" taskschd.msc & goto sched_tasks"
"sched_tasks","2","Inline","GUI direct runner","sched_tasks","","","","schtasks /query /fo list & pause & goto sched_tasks"
"sched_tasks","3","Inline","GUI visible interactive runner","sched_tasks","","","","set ""task="" & set /p task=Task Name: & schtasks /run /tn ""!task!"" & pause & goto sched_tasks"
"sched_tasks","4","Inline","GUI visible interactive runner","sched_tasks","","","","set ""task="" & set /p task=Task Name: & schtasks /delete /tn ""!task!"" /f & pause & goto sched_tasks"
"sched_tasks","5","Inline","GUI visible interactive runner","sched_tasks","","","","set ""task="" & set /p task=Task Name: & schtasks /change /tn ""!task!"" /disable & pause & goto sched_tasks"
"sched_tasks","6","Inline","GUI visible interactive runner","sched_tasks","","","","set ""task="" & set /p task=Task Name: & schtasks /change /tn ""!task!"" /enable & pause & goto sched_tasks"
"sched_tasks","7","Inline","GUI direct runner","sched_tasks","","","","start """" taskschd.msc & echo Use the GUI to create a task. & pause & goto sched_tasks"
"adv_admin","P","Label","GUI submenu/CMD label","problem_master_hub","","","",""
"adv_admin","1","Inline","GUI direct runner","adv_admin","","","","start """" compmgmt.msc & goto adv_admin"
"adv_admin","2","Inline","GUI direct runner","adv_admin","","","","start """" lusrmgr.msc & goto adv_admin"
"adv_admin","3","Inline","GUI direct runner","adv_admin","","","","start """" services.msc & goto adv_admin"
"adv_admin","4","Inline","GUI direct runner","adv_admin","","","","start """" dcomcnfg & goto adv_admin"
"adv_admin","5","Inline","GUI direct runner","adv_admin","","","","start """" perfmon & goto adv_admin"
"adv_admin","6","Inline","GUI direct runner","adv_admin","","","","start """" resmon & goto adv_admin"
"adv_admin","7","Inline","GUI direct runner","adv_admin","","","","start """" perfmon /rel & goto adv_admin"
"adv_admin","8","Inline","GUI direct runner","adv_admin","","","","start """" diskmgmt.msc & goto adv_admin"
"adv_admin","9","Inline","GUI direct runner","adv_admin","","","","start """" printmanagement.msc & goto adv_admin"
"adv_admin","10","Inline","GUI direct runner","adv_admin","","","","start """" mstsc & pause & goto adv_admin"
"adv_admin","11","Inline","GUI direct runner","adv_admin","","","","start """" fsmgmt.msc & pause & goto adv_admin"
"adv_admin","12","Inline","GUI direct runner","adv_admin","","","","start """" certmgr.msc & pause & goto adv_admin"
"net_adv_diag","P","Label","GUI submenu/CMD label","problem_master_hub","","","",""
"net_adv_diag","1","Inline","GUI direct runner","net_adv_diag","","","","echo === FULL NETWORK DIAGNOSTICS REPORT ===
    echo Date: %date% Time: %time%
    echo. & ipconfig /all
    echo. & echo === PING 8.8.8.8 === & ping 8.8.8.8 -n 4
    echo. & echo === NSLOOKUP === & nslookup google.com
    echo. & echo === ROUTE TABLE === & route print
    echo. & echo === OPEN CONNECTIONS === & netstat -an
    echo. & echo === FIREWALL === & netsh advfirewall show allprofiles state
    pause & goto net_adv_diag"
"net_adv_diag","2","Inline","GUI direct runner","net_adv_diag","","","","start """" ""https://fast.com"" & goto net_adv_diag"
"net_adv_diag","3","Inline","GUI direct runner","net_adv_diag","","","","netsh int tcp reset & netsh int ip reset & netsh winsock reset & echo TCP/IP Reset. Restart. & pause & goto net_adv_diag"
"net_adv_diag","4","Inline","GUI direct runner","net_adv_diag","","","","ipconfig /flushdns & ipconfig /registerdns & echo DNS Full Reset. & pause & goto net_adv_diag"
"net_adv_diag","5","Inline","GUI direct runner","net_adv_diag","","","","arp -a & pause & goto net_adv_diag"
"net_adv_diag","6","Inline","GUI direct runner","net_adv_diag","","","","ipconfig ^| findstr ""Default Gateway"" & pause & goto net_adv_diag"
"net_adv_diag","7","Inline","GUI direct runner","net_adv_diag","","","","ping 8.8.8.8 -n 20 & pause & goto net_adv_diag"
"net_adv_diag","8","Inline","GUI direct runner","net_adv_diag","","","","start """" ""https://www.whatismyisp.com"" & goto net_adv_diag"
"quicktools","P","Label","GUI submenu/CMD label","problem_master_hub","","","",""
"quicktools","1","Inline","GUI direct runner","quicktools","","","","echo INTERNET FIX RUNNING...
    ipconfig /release >nul & ipconfig /flushdns >nul & netsh winsock reset >nul & netsh int ip reset >nul & ipconfig /renew >nul
    echo INTERNET FIX DONE! Restart recommended.
    pause & goto quicktools"
"quicktools","2","Inline","GUI direct runner","quicktools","","","","echo WINDOWS FULL REPAIR RUNNING...
    sfc /scannow
    DISM /Online /Cleanup-Image /RestoreHealth
    echo DONE. Restart recommended.
    pause & goto quicktools"
"quicktools","3","Inline","GUI embedded Toolkit helper runner","quicktools","clean_folder_contents;clean_folder_contents","","","echo MALWARE CLEANUP RUNNING...
    call :clean_folder_contents ""%TEMP%"" ""User Temp""
    call :clean_folder_contents ""C:\Windows\Temp"" ""Windows Temp""
    powershell -command ""Start-MpScan -ScanType QuickScan""
    echo MALWARE CLEANUP DONE!
    pause & goto quicktools"
"quicktools","4","Inline","GUI embedded Toolkit helper runner","quicktools","clean_folder_contents;clean_folder_contents","","","echo SPEED BOOST RUNNING...
    powercfg /setactive SCHEME_MIN >nul
    call :clean_folder_contents ""%TEMP%"" ""User Temp""
    call :clean_folder_contents ""C:\Windows\Temp"" ""Windows Temp""
    ipconfig /flushdns >nul
    reg add ""HKCU\Software\Microsoft\Windows\CurrentVersion\Explorer\VisualEffects"" /v VisualFXSetting /t REG_DWORD /d 2 /f >nul
    echo SPEED BOOST DONE! Restart for full effect.
    pause & goto quicktools"
"quicktools","5","Inline","GUI embedded Toolkit helper runner","quicktools","one_clean_core","","","echo FULL SYSTEM CLEANUP RUNNING...
    call :one_clean_core
    echo FULL CLEANUP DONE!
    pause & goto quicktools"
"quicktools","6","Inline","GUI direct runner","quicktools","","","","echo PRINT SPOOLER FIX RUNNING...
    net stop spooler >nul
    del /f /s /q ""C:\Windows\System32\spool\PRINTERS\*"" >nul 2>&1
    net start spooler >nul
    echo PRINT SPOOLER FIXED!
    pause & goto quicktools"
"quicktools","7","Inline","GUI direct runner","quicktools","","","","echo AUDIO FIX RUNNING...
    net stop audiosrv >nul & net stop AudioEndpointBuilder >nul
    net start AudioEndpointBuilder >nul & net start audiosrv >nul
    echo AUDIO FIX DONE!
    pause & goto quicktools"
"quicktools","8","Inline","GUI direct runner","quicktools","","","","echo EXPLORER FIX RUNNING...
    taskkill /f /im explorer.exe >nul 2>&1
    start explorer.exe
    echo EXPLORER FIX DONE!
    pause & goto quicktools"
"quicktools","9","Inline","GUI direct runner","quicktools","","","","echo WINDOWS UPDATE FIX RUNNING...
    net stop wuauserv >nul & net stop bits >nul & net stop cryptSvc >nul
    ren C:\Windows\SoftwareDistribution SoftwareDistribution.old >nul 2>&1
    net start wuauserv >nul & net start bits >nul & net start cryptSvc >nul
    echo WINDOWS UPDATE FIX DONE!
    pause & goto quicktools"
"quicktools","10","Inline","GUI direct runner","quicktools","","","","echo SECURITY HARDENING RUNNING...
    netsh advfirewall set allprofiles state on >nul
    powershell -command ""Set-MpPreference -DisableRealtimeMonitoring $false"" >nul 2>&1
    powershell -command ""Set-MpPreference -PUAProtection Enabled"" >nul 2>&1
    net user Guest /active:no >nul
    echo SECURITY HARDENING DONE!
    pause & goto quicktools"
"quicktools","11","Inline","GUI embedded Toolkit helper runner","quicktools","clean_browser_caches","","","echo BROWSER CACHE FIX RUNNING...
    taskkill /f /im chrome.exe >nul 2>&1
    taskkill /f /im msedge.exe >nul 2>&1
    call :clean_browser_caches
    ipconfig /flushdns >nul 2>&1
    echo Browser cache and DNS cache cleaned. Bookmarks/passwords untouched.
    pause & goto quicktools"
"quicktools","12","Inline","GUI direct runner","quicktools","","","","echo TEAMS/ZOOM CACHE FIX RUNNING...
    taskkill /f /im ms-teams.exe >nul 2>&1
    taskkill /f /im Teams.exe >nul 2>&1
    taskkill /f /im Zoom.exe >nul 2>&1
    del /f /s /q ""%AppData%\Microsoft\Teams\Cache\*"" >nul 2>&1
    del /f /s /q ""%AppData%\Microsoft\Teams\GPUCache\*"" >nul 2>&1
    del /f /s /q ""%AppData%\Zoom\data\WebviewCache\*"" >nul 2>&1
    echo Teams/Zoom cache cleanup done.
    pause & goto quicktools"
"quicktools","13","Inline","GUI direct runner","quicktools","","","","echo WINDOWS APPS FIX RUNNING...
    wsreset.exe
    powershell -command ""Get-AppxPackage Microsoft.WindowsStore | Reset-AppxPackage"" >nul 2>&1
    powershell -command ""Get-AppxPackage Microsoft.Windows.ShellExperienceHost | Reset-AppxPackage"" >nul 2>&1
    echo Windows apps fix done.
    pause & goto quicktools"
"quicktools","14","Inline","GUI direct runner","quicktools","","","","echo LOCATION/GPS QUICK FIX RUNNING...
    net stop lfsvc >nul 2>&1
    net stop SensorService >nul 2>&1
    del /f /s /q ""%ProgramData%\Microsoft\Windows\Location\*"" >nul 2>&1
    reg add ""HKLM\SOFTWARE\Microsoft\Windows\CurrentVersion\CapabilityAccessManager\ConsentStore\location"" /v Value /t REG_SZ /d Allow /f >nul 2>&1
    net start SensorService >nul 2>&1
    net start lfsvc >nul 2>&1
    echo Location/GPS fix done. Open Settings if the app still needs permission.
    pause & goto quicktools"
"quicktools","15","Label","GUI submenu/CMD label","create_restore_point","","","",""
"quicktools","16","Label","GUI submenu/CMD label","quick_health_report","","","",""
"smartfix","P","Label","GUI submenu/CMD label","problem_master_hub","","","",""
"smartfix","1","Label","GUI submenu/CMD label","smart_internet","","","",""
"smartfix","2","Label","GUI submenu/CMD label","smart_slowpc","","","",""
"smartfix","3","Label","GUI submenu/CMD label","smart_update","","","",""
"smartfix","4","Label","GUI submenu/CMD label","smart_printer","","","",""
"smartfix","5","Label","GUI submenu/CMD label","smart_audio","","","",""
"smartfix","6","Label","GUI submenu/CMD label","smart_store","","","",""
"smartfix","7","Label","GUI submenu/CMD label","smart_browser","","","",""
"smartfix","8","Label","GUI submenu/CMD label","smart_location","","","",""
"smartfix","9","Label","GUI submenu/CMD label","smart_bsod","","","",""
"smartfix","10","Label","GUI submenu/CMD label","create_restore_point","","","",""
"toolkit_utilities","P","Label","GUI submenu/CMD label","problem_master_hub","","","",""
"toolkit_utilities","1","Label","GUI submenu/CMD label","backup_toolkit_file","","","",""
"toolkit_utilities","2","Label","GUI submenu/CMD label","create_restore_point","","","",""
"toolkit_utilities","3","Label","GUI submenu/CMD label","quick_health_report","","","",""
"toolkit_utilities","4","Label","GUI submenu/CMD label","sysreport","","","",""
"toolkit_utilities","5","Inline","GUI direct runner","toolkit_utilities","","","","explorer ""%LOGROOT%"" & goto toolkit_utilities"
"toolkit_utilities","6","Label","GUI submenu/CMD label","check_core_tools","","","",""
"toolkit_utilities","7","Label","GUI submenu/CMD label","toolkit_checksum","","","",""
"toolkit_utilities","8","Label","GUI submenu/CMD label","about_wow","","","",""
"toolkit_utilities","9","Label","GUI submenu/CMD label","open_legacy_backup","","","",""
"issue_library","P","Label","GUI submenu/CMD label","problem_master_hub","","","",""
"issue_library","1","Label","GUI submenu/CMD label","issue_windows_core","","","",""
"issue_library","2","Label","GUI submenu/CMD label","issue_network_pro","","","",""
"issue_library","3","Label","GUI submenu/CMD label","issue_printer_pro","","","",""
"issue_library","4","Label","GUI submenu/CMD label","issue_hardware_devices","","","",""
"issue_library","5","Label","GUI submenu/CMD label","issue_user_apps","","","",""
"issue_library","6","Label","GUI submenu/CMD label","issue_browser_cloud","","","",""
"issue_library","7","Label","GUI submenu/CMD label","issue_security_privacy","","","",""
"issue_library","8","Label","GUI submenu/CMD label","issue_enterprise_admin","","","",""
"issue_library","9","Label","GUI submenu/CMD label","issue_laptop_power","","","",""
"issue_library","10","Label","GUI submenu/CMD label","issue_deep_diagnostics","","","",""
"issue_library","11","Label","GUI submenu/CMD label","issue_storage_data","","","",""
"issue_library","12","Label","GUI submenu/CMD label","issue_boot_login","","","",""
"issue_library","13","Label","GUI submenu/CMD label","issue_software_install","","","",""
"issue_library","14","Label","GUI submenu/CMD label","issue_av_display_camera","","","",""
"issue_library","15","Label","GUI submenu/CMD label","issue_reports_evidence","","","",""
"issue_library","16","Label","GUI submenu/CMD label","problem_master_hub","","","",""
"issue_library","17","Inline","GUI direct runner","issue_library","","","","start """" ms-settings:troubleshoot & pause & goto issue_library"
"issue_library","18","Label","GUI submenu/CMD label","microsoft_problem_library","","","",""
"issue_library","19","Label","GUI submenu/CMD label","cmd_vault","","","",""
"problem_master_hub","P","Label","GUI submenu/CMD label","problem_master_hub","","","",""
"problem_master_hub","01","Label","GUI submenu/CMD label","issue_windows_core","","","",""
"problem_master_hub","02","Label","GUI submenu/CMD label","issue_network_pro","","","",""
"problem_master_hub","03","Label","GUI submenu/CMD label","issue_printer_pro","","","",""
"problem_master_hub","04","Label","GUI submenu/CMD label","issue_hardware_devices","","","",""
"problem_master_hub","05","Label","GUI submenu/CMD label","issue_storage_data","","","",""
"problem_master_hub","06","Label","GUI submenu/CMD label","issue_boot_login","","","",""
"problem_master_hub","07","Label","GUI submenu/CMD label","issue_software_install","","","",""
"problem_master_hub","08","Label","GUI submenu/CMD label","issue_browser_cloud","","","",""
"problem_master_hub","09","Label","GUI submenu/CMD label","issue_security_privacy","","","",""
"problem_master_hub","10","Label","GUI submenu/CMD label","issue_deep_diagnostics","","","",""
"problem_master_hub","11","Label","GUI submenu/CMD label","issue_laptop_power","","","",""
"problem_master_hub","12","Label","GUI submenu/CMD label","issue_enterprise_admin","","","",""
"problem_master_hub","13","Label","GUI submenu/CMD label","issue_reports_evidence","","","",""
"problem_master_hub","14","Label","GUI submenu/CMD label","smartfix","","","",""
"problem_master_hub","15","Label","GUI submenu/CMD label","quick_health_report","","","",""
"problem_master_hub","16","Label","GUI submenu/CMD label","winget_installer","","","",""
"problem_master_hub","17","Inline","GUI direct runner","problem_master_hub","","","","start """" ms-settings:troubleshoot & pause & goto problem_master_hub"
"problem_master_hub","18","Inline","GUI direct runner","problem_master_hub","","","","start """" rstrui.exe & pause & goto problem_master_hub"
"problem_master_hub","19","Label","GUI submenu/CMD label","sysreport","","","",""
"problem_master_hub","20","Label","GUI submenu/CMD label","driver_auto_center","","","",""
"problem_master_hub","21","Label","GUI submenu/CMD label","cmd_vault","","","",""
"problem_master_hub","22","Label","GUI submenu/CMD label","microsoft_problem_library","","","",""
"problem_master_hub","23","Label","GUI submenu/CMD label","open_backup_root","","","",""
"problem_master_hub","24","Label","GUI submenu/CMD label","open_backup_root","","","",""
"issue_storage_data","P","Label","GUI submenu/CMD label","problem_master_hub","","","",""
"issue_storage_data","1","Label","GUI submenu/CMD label","issue_storage_disk_health","","","",""
"issue_storage_data","2","Inline","GUI direct runner","issue_storage_data","","","","chkdsk C: & pause & goto issue_storage_data"
"issue_storage_data","3","Label","GUI submenu/CMD label","issue_storage_chkdsk_repair","","","",""
"issue_storage_data","4","Inline","GUI direct runner","issue_storage_data","","","","start """" ms-settings:storagesense & pause & goto issue_storage_data"
"issue_storage_data","5","Inline","GUI direct runner","issue_storage_data","","","","start """" diskmgmt.msc & pause & goto issue_storage_data"
"issue_storage_data","6","Label","GUI submenu/CMD label","issue_storage_temp_clean","","","",""
"issue_storage_data","7","Label","GUI submenu/CMD label","issue_storage_large_files","","","",""
"issue_storage_data","8","Inline","GUI direct runner","issue_storage_data","","","","manage-bde -status & pause & goto issue_storage_data"
"issue_storage_data","9","Inline","GUI direct runner","issue_storage_data","","","","powershell -NoProfile -Command ""Get-Volume | Sort DriveLetter | Format-Table DriveLetter,FileSystemLabel,FileSystem,HealthStatus,SizeRemaining,Size -AutoSize"" & pause & goto issue_storage_data"
"issue_storage_data","10","Inline","GUI direct runner","issue_storage_data","","","","powershell -NoProfile -Command ""Clear-RecycleBin -Force -ErrorAction SilentlyContinue"" & echo Recycle Bin cleanup command finished. & pause & goto issue_storage_data"
"issue_storage_data","11","Label","GUI submenu/CMD label","issue_storage_report","","","",""
"issue_storage_data","12","Inline","GUI direct runner","issue_storage_data","","","","start """" ""https://support.microsoft.com/windows/recovery-options-in-windows"" & pause & goto issue_storage_data"
"issue_boot_login","P","Label","GUI submenu/CMD label","problem_master_hub","","","",""
"issue_boot_login","1","Label","GUI submenu/CMD label","issue_boot_advanced_startup","","","",""
"issue_boot_login","2","Inline","GUI direct runner","issue_boot_login","","","","bcdedit /set {current} safeboot minimal & echo Safe Mode enabled for next boot. Use option 3 later to disable. & pause & goto issue_boot_login"
"issue_boot_login","3","Inline","GUI direct runner","issue_boot_login","","","","bcdedit /deletevalue {current} safeboot & echo Safe Mode flag removed. & pause & goto issue_boot_login"
"issue_boot_login","4","Inline","GUI direct runner","issue_boot_login","","","","start """" ms-settings:startupapps & taskmgr & pause & goto issue_boot_login"
"issue_boot_login","5","Label","GUI submenu/CMD label","issue_boot_profile_diag","","","",""
"issue_boot_login","6","Label","GUI submenu/CMD label","issue_boot_create_admin","","","",""
"issue_boot_login","7","Inline","GUI direct runner","issue_boot_login","","","","control /name Microsoft.CredentialManager & pause & goto issue_boot_login"
"issue_boot_login","8","Inline","GUI direct runner","issue_boot_login","","","","start """" ms-settings:signinoptions & pause & goto issue_boot_login"
"issue_boot_login","9","Label","GUI submenu/CMD label","issue_boot_shell_repair","","","",""
"issue_boot_login","10","Label","GUI submenu/CMD label","issue_boot_perf_local","","","",""
"issue_boot_login","11","Inline","GUI direct runner","issue_boot_login","","","","start """" rstrui.exe & pause & goto issue_boot_login"
"issue_boot_login","12","Inline","GUI direct runner","issue_boot_login","","","","start """" ms-settings:recovery & pause & goto issue_boot_login"
"issue_software_install","P","Label","GUI submenu/CMD label","problem_master_hub","","","",""
"issue_software_install","1","Label","GUI submenu/CMD label","winget_search_install","","","",""
"issue_software_install","2","Label","GUI submenu/CMD label","winget_install_by_id","","","",""
"issue_software_install","3","Label","GUI submenu/CMD label","issue_software_winget_health","","","",""
"issue_software_install","4","Label","GUI submenu/CMD label","issue_software_store_repair","","","",""
"issue_software_install","5","Label","GUI submenu/CMD label","issue_software_installer_fix","","","",""
"issue_software_install","6","Label","GUI submenu/CMD label","issue_software_apps_inventory","","","",""
"issue_software_install","7","Inline","GUI direct runner","issue_software_install","","","","start """" appwiz.cpl & pause & goto issue_software_install"
"issue_software_install","8","Inline","GUI direct runner","issue_software_install","","","","start """" ms-settings:defaultapps & pause & goto issue_software_install"
"issue_software_install","9","Inline","GUI direct runner","issue_software_install","","","","optionalfeatures & goto issue_software_install"
"issue_software_install","10","Inline","GUI direct runner","install_runtime_pack","","","","set ""PACK_RETURN=issue_software_install"" & goto install_runtime_pack"
"issue_software_install","11","Inline","GUI direct runner","install_utility_pack","","","","set ""PACK_RETURN=issue_software_install"" & goto install_utility_pack"
"issue_software_install","12","Label","GUI submenu/CMD label","winget_export_installed","","","",""
"issue_software_install","13","Label","GUI submenu/CMD label","winget_import_json","","","",""
"issue_software_install","14","Label","GUI submenu/CMD label","issue_software_temp_clean","","","",""
"issue_software_install","15","Label","GUI submenu/CMD label","menu_mass_installer","","","",""
"issue_software_install","16","Inline","GUI direct runner","winget_custom_batch","","","","set ""PACK_RETURN=issue_software_install"" & goto winget_custom_batch"
"issue_av_display_camera","P","Label","GUI submenu/CMD label","problem_master_hub","","","",""
"issue_av_display_camera","1","Label","GUI submenu/CMD label","issue_av_audio_fix","","","",""
"issue_av_display_camera","2","Label","GUI submenu/CMD label","issue_av_display_gpu","","","",""
"issue_av_display_camera","3","Label","GUI submenu/CMD label","issue_av_camera_mic","","","",""
"issue_av_display_camera","4","Label","GUI submenu/CMD label","issue_av_bluetooth_fix","","","",""
"issue_av_display_camera","5","Label","GUI submenu/CMD label","issue_av_usb_fix","","","",""
"issue_av_display_camera","6","Inline","GUI direct runner","issue_av_display_camera","","","","start """" devmgmt.msc & pause & goto issue_av_display_camera"
"issue_av_display_camera","7","Inline","GUI direct runner","issue_av_display_camera","","","","start """" ms-settings:sound & start """" mmsys.cpl & pause & goto issue_av_display_camera"
"issue_av_display_camera","8","Inline","GUI direct runner","issue_av_display_camera","","","","start """" ms-settings:display & pause & goto issue_av_display_camera"
"issue_av_display_camera","9","Inline","GUI direct runner","issue_av_display_camera","","","","start """" ms-settings:privacy-webcam & start """" ms-settings:privacy-microphone & pause & goto issue_av_display_camera"
"issue_av_display_camera","10","Inline","GUI direct runner","issue_av_display_camera","","","","dxdiag & goto issue_av_display_camera"
"issue_av_display_camera","11","Label","GUI submenu/CMD label","issue_av_driver_store_diag","","","",""
"issue_av_display_camera","12","Inline","GUI direct runner","issue_av_display_camera","","","","net stop audiosrv >nul 2>&1 & net stop AudioEndpointBuilder >nul 2>&1 & net start AudioEndpointBuilder >nul 2>&1 & net start audiosrv >nul 2>&1 & echo Audio services restarted. & pause & goto issue_av_display_camera"
"issue_reports_evidence","P","Label","GUI submenu/CMD label","problem_master_hub","","","",""
"issue_reports_evidence","1","Label","GUI submenu/CMD label","quick_health_report","","","",""
"issue_reports_evidence","2","Label","GUI submenu/CMD label","sysreport","","","",""
"issue_reports_evidence","3","Label","GUI submenu/CMD label","issue_reports_full_pack","","","",""
"issue_reports_evidence","4","Label","GUI submenu/CMD label","issue_reports_network","","","",""
"issue_reports_evidence","5","Label","GUI submenu/CMD label","issue_reports_driver","","","",""
"issue_reports_evidence","6","Label","GUI submenu/CMD label","issue_reports_boot_perf","","","",""
"issue_reports_evidence","7","Label","GUI submenu/CMD label","issue_reports_battery","","","",""
"issue_reports_evidence","8","Inline","GUI direct runner","issue_reports_evidence","","","","start """" perfmon /rel & pause & goto issue_reports_evidence"
"issue_reports_evidence","9","Inline","GUI direct runner","issue_reports_evidence","","","","eventvwr.msc & pause & goto issue_reports_evidence"
"issue_reports_evidence","10","Inline","GUI direct runner","issue_reports_evidence","","","","explorer ""%LOGROOT%"" & goto issue_reports_evidence"
"issue_reports_evidence","11","Label","GUI submenu/CMD label","issue_reports_msinfo","","","",""
"issue_reports_evidence","12","Inline","GUI direct runner","issue_reports_evidence","","","","explorer ""C:\Windows\Logs"" & goto issue_reports_evidence"
"issue_windows_core","P","Label","GUI submenu/CMD label","problem_master_hub","","","",""
"issue_windows_core","1","Inline","GUI direct runner","issue_windows_core","","","","start """" ms-settings:troubleshoot & pause & goto issue_windows_core"
"issue_windows_core","2","Inline","GUI direct runner","issue_windows_core","","","","start """" ms-settings:windowsupdate & pause & goto issue_windows_core"
"issue_windows_core","3","Label","GUI submenu/CMD label","issue_win_update_deep","","","",""
"issue_windows_core","4","Label","GUI submenu/CMD label","issue_component_repair","","","",""
"issue_windows_core","5","Label","GUI submenu/CMD label","issue_shell_repair","","","",""
"issue_windows_core","6","Label","GUI submenu/CMD label","issue_search_rebuild","","","",""
"issue_windows_core","7","Label","GUI submenu/CMD label","issue_store_repair","","","",""
"issue_windows_core","8","Label","GUI submenu/CMD label","issue_installer_fix","","","",""
"issue_windows_core","9","Label","GUI submenu/CMD label","issue_time_sync","","","",""
"issue_windows_core","10","Inline","GUI direct runner","issue_windows_core","","","","start """" ms-settings:defaultapps & pause & goto issue_windows_core"
"issue_windows_core","11","Inline","GUI direct runner","issue_windows_core","","","","start """" ms-settings:appsfeatures & pause & goto issue_windows_core"
"issue_windows_core","12","Inline","GUI direct runner","issue_windows_core","","","","start """" ms-settings:recovery & pause & goto issue_windows_core"
"issue_windows_core","13","Label","GUI submenu/CMD label","issue_font_cache","","","",""
"issue_windows_core","14","Label","GUI submenu/CMD label","issue_clipboard_fix","","","",""
"issue_windows_core","15","Inline","GUI direct runner","issue_windows_core","","","","start """" perfmon /rel & pause & goto issue_windows_core"
"issue_network_pro","P","Label","GUI submenu/CMD label","problem_master_hub","","","",""
"issue_network_pro","1","Inline","GUI direct runner","issue_network_pro","","","","start """" ms-settings:network-status & start """" ms-settings:troubleshoot & pause & goto issue_network_pro"
"issue_network_pro","2","Label","GUI submenu/CMD label","issue_wifi_missing","","","",""
"issue_network_pro","3","Label","GUI submenu/CMD label","issue_apipa_fix","","","",""
"issue_network_pro","4","Label","GUI submenu/CMD label","issue_dns_full","","","",""
"issue_network_pro","5","Label","GUI submenu/CMD label","issue_proxy_vpn","","","",""
"issue_network_pro","6","Label","GUI submenu/CMD label","issue_tcp_advanced","","","",""
"issue_network_pro","7","Label","GUI submenu/CMD label","issue_adapter_rebuild","","","",""
"issue_network_pro","8","Label","GUI submenu/CMD label","issue_smb_nas","","","",""
"issue_network_pro","9","Label","GUI submenu/CMD label","issue_forget_wifi","","","",""
"issue_network_pro","10","Label","GUI submenu/CMD label","issue_wifi_report","","","",""
"issue_network_pro","11","Label","GUI submenu/CMD label","issue_firewall_net_check","","","",""
"issue_network_pro","12","Label","GUI submenu/CMD label","issue_tls_fix","","","",""
"issue_network_pro","13","Label","GUI submenu/CMD label","issue_net_cred_reset","","","",""
"issue_network_pro","14","Label","GUI submenu/CMD label","issue_port_diag","","","",""
"issue_network_pro","15","Inline","GUI direct runner","issue_network_pro","","","","start """" ms-settings:network-advancedsettings & pause & goto issue_network_pro"
"issue_hardware_devices","P","Label","GUI submenu/CMD label","problem_master_hub","","","",""
"issue_hardware_devices","1","Label","GUI submenu/CMD label","issue_problem_devices","","","",""
"issue_hardware_devices","2","Label","GUI submenu/CMD label","issue_usb_fix","","","",""
"issue_hardware_devices","3","Label","GUI submenu/CMD label","issue_bluetooth_fix","","","",""
"issue_hardware_devices","4","Label","GUI submenu/CMD label","issue_audio_modern_fix","","","",""
"issue_hardware_devices","5","Label","GUI submenu/CMD label","issue_display_gpu","","","",""
"issue_hardware_devices","6","Label","GUI submenu/CMD label","issue_camera_mic","","","",""
"issue_hardware_devices","7","Label","GUI submenu/CMD label","issue_driver_store_diag","","","",""
"issue_hardware_devices","8","Label","GUI submenu/CMD label","issue_hello_fix","","","",""
"issue_hardware_devices","9","Inline","GUI direct runner","issue_hardware_devices","","","","start """" ms-settings:devices-touchpad & start """" ms-settings:mousetouchpad & pause & goto issue_hardware_devices"
"issue_hardware_devices","10","Inline","GUI direct runner","issue_hardware_devices","","","","msinfo32 & goto issue_hardware_devices"
"issue_hardware_devices","11","Inline","GUI direct runner","issue_hardware_devices","","","","start """" mdsched.exe & pause & goto issue_hardware_devices"
"issue_hardware_devices","12","Label","GUI submenu/CMD label","issue_disk_health","","","",""
"issue_user_apps","P","Label","GUI submenu/CMD label","problem_master_hub","","","",""
"issue_user_apps","1","Label","GUI submenu/CMD label","issue_profile_diag","","","",""
"issue_user_apps","2","Label","GUI submenu/CMD label","issue_create_admin","","","",""
"issue_user_apps","3","Inline","GUI direct runner","issue_user_apps","","","","start """" ms-settings:defaultapps & pause & goto issue_user_apps"
"issue_user_apps","4","Label","GUI submenu/CMD label","issue_onedrive_reset","","","",""
"issue_user_apps","5","Label","GUI submenu/CMD label","issue_teams_zoom_cache","","","",""
"issue_user_apps","6","Inline","GUI direct runner","issue_user_apps","","","","start """" ms-settings:privacy & pause & goto issue_user_apps"
"issue_user_apps","7","Inline","GUI direct runner","issue_user_apps","","","","control /name Microsoft.CredentialManager & pause & goto issue_user_apps"
"issue_user_apps","8","Inline","GUI direct runner","issue_user_apps","","","","start """" ms-settings:startupapps & taskmgr & pause & goto issue_user_apps"
"issue_user_apps","9","Inline","GUI direct runner","issue_user_apps","","","","start """" ms-settings:signinoptions & pause & goto issue_user_apps"
"issue_user_apps","10","Inline","GUI direct runner","issue_user_apps","","","","start """" ms-settings:regionlanguage & start """" ms-settings:keyboard & pause & goto issue_user_apps"
"issue_user_apps","11","Inline","GUI direct runner","issue_winget_health","","","","set ""WINGET_HEALTH_RETURN=issue_user_apps"" & goto issue_winget_health"
"issue_user_apps","12","Label","GUI submenu/CMD label","issue_apps_inventory","","","",""
"issue_browser_cloud","P","Label","GUI submenu/CMD label","problem_master_hub","","","",""
"issue_browser_cloud","1","Label","GUI submenu/CMD label","issue_browser_cache_dns","","","",""
"issue_browser_cloud","2","Inline","GUI direct runner","issue_browser_cloud","","","","start """" ms-settings:appsfeatures & start """" microsoft-edge://settings/reset & pause & goto issue_browser_cloud"
"issue_browser_cloud","3","Inline","GUI direct runner","issue_browser_cloud","","","","start """" chrome://settings/content/camera & start """" chrome://settings/content/location & pause & goto issue_browser_cloud"
"issue_browser_cloud","4","Label","GUI submenu/CMD label","issue_tls_fix","","","",""
"issue_browser_cloud","5","Inline","GUI direct runner","issue_browser_cloud","","","","start """" ms-settings:defaultapps & pause & goto issue_browser_cloud"
"issue_browser_cloud","6","Inline","GUI direct runner","issue_browser_cloud","","","","start """" ms-settings:appsfeatures & pause & goto issue_browser_cloud"
"issue_browser_cloud","7","Label","GUI submenu/CMD label","issue_outlook_modern","","","",""
"issue_browser_cloud","8","Inline","GUI direct runner","issue_browser_cloud","","","","start """" appwiz.cpl & pause & goto issue_browser_cloud"
"issue_browser_cloud","9","Inline","GUI direct runner","issue_browser_cloud","","","","start """" ms-settings:privacy-webcam & start """" ms-settings:privacy-microphone & pause & goto issue_browser_cloud"
"issue_browser_cloud","10","Label","GUI submenu/CMD label","issue_onedrive_reset","","","",""
"issue_browser_cloud","11","Inline","GUI direct runner","issue_browser_cloud","","","","start """" ms-settings:privacy-broadfilesystemaccess & start """" microsoft-edge://settings/downloads & pause & goto issue_browser_cloud"
"issue_browser_cloud","12","Inline","GUI direct runner","issue_browser_cloud","","","","control /name Microsoft.CredentialManager & pause & goto issue_browser_cloud"
"issue_security_privacy","P","Label","GUI submenu/CMD label","problem_master_hub","","","",""
"issue_security_privacy","1","Inline","GUI direct runner","issue_security_privacy","","","","start """" windowsdefender: & pause & goto issue_security_privacy"
"issue_security_privacy","2","Inline","GUI direct runner","issue_security_privacy","","","","powershell -NoProfile -Command ""Start-MpScan -ScanType QuickScan"" & pause & goto issue_security_privacy"
"issue_security_privacy","3","Inline","GUI direct runner","issue_security_privacy","","","","powershell -NoProfile -Command ""Start-MpScan -ScanType FullScan"" & pause & goto issue_security_privacy"
"issue_security_privacy","4","Label","GUI submenu/CMD label","issue_defender_offline","","","",""
"issue_security_privacy","5","Label","GUI submenu/CMD label","issue_firewall_reset","","","",""
"issue_security_privacy","6","Inline","GUI direct runner","issue_security_privacy","","","","start """" windowsdefender://RansomwareProtection & pause & goto issue_security_privacy"
"issue_security_privacy","7","Inline","GUI direct runner","issue_security_privacy","","","","start """" windowsdefender://RansomwareProtection & pause & goto issue_security_privacy"
"issue_security_privacy","8","Inline","GUI direct runner","issue_security_privacy","","","","manage-bde -status & pause & goto issue_security_privacy"
"issue_security_privacy","9","Label","GUI submenu/CMD label","issue_security_app_repair","","","",""
"issue_security_privacy","10","Inline","GUI direct runner","issue_security_privacy","","","","control /name Microsoft.CredentialManager & pause & goto issue_security_privacy"
"issue_security_privacy","11","Inline","GUI direct runner","issue_security_privacy","","","","start """" ms-settings:privacy & pause & goto issue_security_privacy"
"issue_security_privacy","12","Label","GUI submenu/CMD label","issue_security_events","","","",""
"issue_enterprise_admin","P","Label","GUI submenu/CMD label","problem_master_hub","","","",""
"issue_enterprise_admin","1","Label","GUI submenu/CMD label","issue_domain_info","","","",""
"issue_enterprise_admin","2","Label","GUI submenu/CMD label","issue_gp_report","","","",""
"issue_enterprise_admin","3","Inline","GUI direct runner","issue_enterprise_admin","","","","rsop.msc & pause & goto issue_enterprise_admin"
"issue_enterprise_admin","4","Label","GUI submenu/CMD label","issue_rdp_nla","","","",""
"issue_enterprise_admin","5","Inline","GUI direct runner","issue_enterprise_admin","","","","fsmgmt.msc & net session & pause & goto issue_enterprise_admin"
"issue_enterprise_admin","6","Inline","GUI direct runner","issue_enterprise_admin","","","","certmgr.msc & certlm.msc & pause & goto issue_enterprise_admin"
"issue_enterprise_admin","7","Label","GUI submenu/CMD label","issue_services_diag","","","",""
"issue_enterprise_admin","8","Label","GUI submenu/CMD label","issue_tasks_diag","","","",""
"issue_enterprise_admin","9","Label","GUI submenu/CMD label","issue_wsus_policy","","","",""
"issue_enterprise_admin","10","Label","GUI submenu/CMD label","issue_time_sync","","","",""
"issue_enterprise_admin","11","Inline","GUI direct runner","issue_enterprise_admin","","","","lusrmgr.msc & pause & goto issue_enterprise_admin"
"issue_enterprise_admin","12","Label","GUI submenu/CMD label","issue_event_export","","","",""
"issue_laptop_power","P","Label","GUI submenu/CMD label","problem_master_hub","","","",""
"issue_laptop_power","1","Label","GUI submenu/CMD label","issue_battery_report","","","",""
"issue_laptop_power","2","Label","GUI submenu/CMD label","issue_energy_report","","","",""
"issue_laptop_power","3","Label","GUI submenu/CMD label","issue_sleep_wake","","","",""
"issue_laptop_power","4","Inline","GUI direct runner","issue_laptop_power","","","","powercfg /requests & pause & goto issue_laptop_power"
"issue_laptop_power","5","Inline","GUI direct runner","issue_laptop_power","","","","start """" powercfg.cpl & start """" devmgmt.msc & pause & goto issue_laptop_power"
"issue_laptop_power","6","Inline","GUI direct runner","issue_laptop_power","","","","start """" ms-settings:powersleep & pause & goto issue_laptop_power"
"issue_laptop_power","7","Label","GUI submenu/CMD label","smart_location","","","",""
"issue_laptop_power","8","Label","GUI submenu/CMD label","issue_camera_mic","","","",""
"issue_laptop_power","9","Label","GUI submenu/CMD label","issue_dock_usb","","","",""
"issue_laptop_power","10","Inline","GUI direct runner","issue_laptop_power","","","","powercfg /duplicatescheme e9a42b02-d5df-448d-aa00-03f14749eb61 & pause & goto issue_laptop_power"
"issue_deep_diagnostics","P","Label","GUI submenu/CMD label","problem_master_hub","","","",""
"issue_deep_diagnostics","1","Label","GUI submenu/CMD label","issue_complete_report","","","",""
"issue_deep_diagnostics","2","Label","GUI submenu/CMD label","issue_event_export","","","",""
"issue_deep_diagnostics","3","Label","GUI submenu/CMD label","issue_network_report","","","",""
"issue_deep_diagnostics","4","Label","GUI submenu/CMD label","issue_driver_report","","","",""
"issue_deep_diagnostics","5","Inline","GUI direct runner","issue_deep_diagnostics","","","","explorer ""C:\Windows\Logs"" & goto issue_deep_diagnostics"
"issue_deep_diagnostics","6","Label","GUI submenu/CMD label","issue_boot_perf","","","",""
"menu_1click_100_apps","01","Label","GUI submenu/CMD label","menu_apps_browsers","","","",""
"menu_1click_100_apps","1","Label","GUI submenu/CMD label","menu_apps_browsers","","","",""
"menu_1click_100_apps","02","Label","GUI submenu/CMD label","menu_apps_communication","","","",""
"menu_1click_100_apps","2","Label","GUI submenu/CMD label","menu_apps_communication","","","",""
"menu_1click_100_apps","03","Label","GUI submenu/CMD label","menu_apps_media","","","",""
"menu_1click_100_apps","3","Label","GUI submenu/CMD label","menu_apps_media","","","",""
"menu_1click_100_apps","04","Label","GUI submenu/CMD label","menu_apps_utilities","","","",""
"menu_1click_100_apps","4","Label","GUI submenu/CMD label","menu_apps_utilities","","","",""
"menu_1click_100_apps","05","Label","GUI submenu/CMD label","menu_apps_maintenance","","","",""
"menu_1click_100_apps","5","Label","GUI submenu/CMD label","menu_apps_maintenance","","","",""
"menu_1click_100_apps","06","Label","GUI submenu/CMD label","menu_apps_productivity","","","",""
"menu_1click_100_apps","6","Label","GUI submenu/CMD label","menu_apps_productivity","","","",""
"menu_1click_100_apps","07","Label","GUI submenu/CMD label","menu_apps_dev","","","",""
"menu_1click_100_apps","7","Label","GUI submenu/CMD label","menu_apps_dev","","","",""
"menu_1click_100_apps","08","Label","GUI submenu/CMD label","menu_apps_cloud","","","",""
"menu_1click_100_apps","8","Label","GUI submenu/CMD label","menu_apps_cloud","","","",""
"menu_1click_100_apps","09","Label","GUI submenu/CMD label","menu_apps_security","","","",""
"menu_1click_100_apps","9","Label","GUI submenu/CMD label","menu_apps_security","","","",""
"menu_1click_100_apps","10","Label","GUI submenu/CMD label","menu_apps_ai","","","",""
"menu_1click_100_apps","10","Label","GUI submenu/CMD label","menu_apps_ai","","","",""
"menu_1click_100_apps","11","Label","GUI submenu/CMD label","menu_apps_bulk_install","","","",""
"menu_1click_100_apps","12","Label","GUI submenu/CMD label","menu_apps_online_search","","","",""
"menu_apps_browsers","01","Inline","GUI winget/direct runner","menu_apps_browsers","","Google.Chrome","","winget install --id ""Google.Chrome"" -e --accept-source-agreements --accept-package-agreements & pause & goto menu_apps_browsers"
"menu_apps_browsers","1","Inline","GUI winget/direct runner","menu_apps_browsers","","Google.Chrome","","winget install --id ""Google.Chrome"" -e --accept-source-agreements --accept-package-agreements & pause & goto menu_apps_browsers"
"menu_apps_browsers","02","Inline","GUI winget/direct runner","menu_apps_browsers","","Mozilla.Firefox","","winget install --id ""Mozilla.Firefox"" -e --accept-source-agreements --accept-package-agreements & pause & goto menu_apps_browsers"
"menu_apps_browsers","2","Inline","GUI winget/direct runner","menu_apps_browsers","","Mozilla.Firefox","","winget install --id ""Mozilla.Firefox"" -e --accept-source-agreements --accept-package-agreements & pause & goto menu_apps_browsers"
"menu_apps_browsers","03","Inline","GUI winget/direct runner","menu_apps_browsers","","Brave.Brave","","winget install --id ""Brave.Brave"" -e --accept-source-agreements --accept-package-agreements & pause & goto menu_apps_browsers"
"menu_apps_browsers","3","Inline","GUI winget/direct runner","menu_apps_browsers","","Brave.Brave","","winget install --id ""Brave.Brave"" -e --accept-source-agreements --accept-package-agreements & pause & goto menu_apps_browsers"
"menu_apps_browsers","04","Inline","GUI winget/direct runner","menu_apps_browsers","","Microsoft.Edge","","winget install --id ""Microsoft.Edge"" -e --accept-source-agreements --accept-package-agreements & pause & goto menu_apps_browsers"
"menu_apps_browsers","4","Inline","GUI winget/direct runner","menu_apps_browsers","","Microsoft.Edge","","winget install --id ""Microsoft.Edge"" -e --accept-source-agreements --accept-package-agreements & pause & goto menu_apps_browsers"
"menu_apps_browsers","05","Inline","GUI winget/direct runner","menu_apps_browsers","","Opera.Opera","","winget install --id ""Opera.Opera"" -e --accept-source-agreements --accept-package-agreements & pause & goto menu_apps_browsers"
"menu_apps_browsers","5","Inline","GUI winget/direct runner","menu_apps_browsers","","Opera.Opera","","winget install --id ""Opera.Opera"" -e --accept-source-agreements --accept-package-agreements & pause & goto menu_apps_browsers"
"menu_apps_browsers","06","Inline","GUI winget/direct runner","menu_apps_browsers","","Vivaldi.Vivaldi","","winget install --id ""Vivaldi.Vivaldi"" -e --accept-source-agreements --accept-package-agreements & pause & goto menu_apps_browsers"
"menu_apps_browsers","6","Inline","GUI winget/direct runner","menu_apps_browsers","","Vivaldi.Vivaldi","","winget install --id ""Vivaldi.Vivaldi"" -e --accept-source-agreements --accept-package-agreements & pause & goto menu_apps_browsers"
"menu_apps_browsers","07","Inline","GUI winget/direct runner","menu_apps_browsers","","TorProject.TorBrowser","","winget install --id ""TorProject.TorBrowser"" -e --accept-source-agreements --accept-package-agreements & pause & goto menu_apps_browsers"
"menu_apps_browsers","7","Inline","GUI winget/direct runner","menu_apps_browsers","","TorProject.TorBrowser","","winget install --id ""TorProject.TorBrowser"" -e --accept-source-agreements --accept-package-agreements & pause & goto menu_apps_browsers"
"menu_apps_browsers","08","Inline","GUI winget/direct runner","menu_apps_browsers","","Waterfox.Waterfox","","winget install --id ""Waterfox.Waterfox"" -e --accept-source-agreements --accept-package-agreements & pause & goto menu_apps_browsers"
"menu_apps_browsers","8","Inline","GUI winget/direct runner","menu_apps_browsers","","Waterfox.Waterfox","","winget install --id ""Waterfox.Waterfox"" -e --accept-source-agreements --accept-package-agreements & pause & goto menu_apps_browsers"
"menu_apps_browsers","09","Inline","GUI winget/direct runner","menu_apps_browsers","","Brave.Brave;Google.Chrome;Microsoft.Edge;Mozilla.Firefox;Opera.Opera;TorProject.TorBrowser;Vivaldi.Vivaldi;Waterfox.Waterfox","","winget install --id ""Google.Chrome"" -e --accept-source-agreements --accept-package-agreements ^& winget install --id ""Mozilla.Firefox"" -e --accept-source-agreements --accept-package-agreements ^& winget install --id ""Brave.Brave"" -e --accept-source-agreements --accept-package-agreements ^& winget install --id ""Microsoft.Edge"" -e --accept-source-agreements --accept-package-agreements ^& winget install --id ""Opera.Opera"" -e --accept-source-agreements --accept-package-agreements ^& winget install --id ""Vivaldi.Vivaldi"" -e --accept-source-agreements --accept-package-agreements ^& winget install --id ""TorProject.TorBrowser"" -e --accept-source-agreements --accept-package-agreements ^& winget install --id ""Waterfox.Waterfox"" -e --accept-source-agreements --accept-package-agreements & pause & goto menu_apps_browsers"
"menu_apps_browsers","9","Inline","GUI winget/direct runner","menu_apps_browsers","","Brave.Brave;Google.Chrome;Microsoft.Edge;Mozilla.Firefox;Opera.Opera;TorProject.TorBrowser;Vivaldi.Vivaldi;Waterfox.Waterfox","","winget install --id ""Google.Chrome"" -e --accept-source-agreements --accept-package-agreements ^& winget install --id ""Mozilla.Firefox"" -e --accept-source-agreements --accept-package-agreements ^& winget install --id ""Brave.Brave"" -e --accept-source-agreements --accept-package-agreements ^& winget install --id ""Microsoft.Edge"" -e --accept-source-agreements --accept-package-agreements ^& winget install --id ""Opera.Opera"" -e --accept-source-agreements --accept-package-agreements ^& winget install --id ""Vivaldi.Vivaldi"" -e --accept-source-agreements --accept-package-agreements ^& winget install --id ""TorProject.TorBrowser"" -e --accept-source-agreements --accept-package-agreements ^& winget install --id ""Waterfox.Waterfox"" -e --accept-source-agreements --accept-package-agreements & pause & goto menu_apps_browsers"
"menu_apps_communication","01","Inline","GUI winget/direct runner","menu_apps_communication","","Discord.Discord","","winget install --id ""Discord.Discord"" -e --accept-source-agreements --accept-package-agreements & pause & goto menu_apps_communication"
"menu_apps_communication","1","Inline","GUI winget/direct runner","menu_apps_communication","","Discord.Discord","","winget install --id ""Discord.Discord"" -e --accept-source-agreements --accept-package-agreements & pause & goto menu_apps_communication"
"menu_apps_communication","02","Inline","GUI winget/direct runner","menu_apps_communication","","SlackTechnologies.Slack","","winget install --id ""SlackTechnologies.Slack"" -e --accept-source-agreements --accept-package-agreements & pause & goto menu_apps_communication"
"menu_apps_communication","2","Inline","GUI winget/direct runner","menu_apps_communication","","SlackTechnologies.Slack","","winget install --id ""SlackTechnologies.Slack"" -e --accept-source-agreements --accept-package-agreements & pause & goto menu_apps_communication"
"menu_apps_communication","03","Inline","GUI winget/direct runner","menu_apps_communication","","Telegram.TelegramDesktop","","winget install --id ""Telegram.TelegramDesktop"" -e --accept-source-agreements --accept-package-agreements & pause & goto menu_apps_communication"
"menu_apps_communication","3","Inline","GUI winget/direct runner","menu_apps_communication","","Telegram.TelegramDesktop","","winget install --id ""Telegram.TelegramDesktop"" -e --accept-source-agreements --accept-package-agreements & pause & goto menu_apps_communication"
"menu_apps_communication","04","Inline","GUI winget/direct runner","menu_apps_communication","","9NKSQGP7F2NH","","winget install --id ""9NKSQGP7F2NH"" --source msstore -e --accept-source-agreements --accept-package-agreements & pause & goto menu_apps_communication"
"menu_apps_communication","4","Inline","GUI winget/direct runner","menu_apps_communication","","9NKSQGP7F2NH","","winget install --id ""9NKSQGP7F2NH"" --source msstore -e --accept-source-agreements --accept-package-agreements & pause & goto menu_apps_communication"
"menu_apps_communication","05","Inline","GUI winget/direct runner","menu_apps_communication","","Zoom.Zoom","","winget install --id ""Zoom.Zoom"" -e --accept-source-agreements --accept-package-agreements & pause & goto menu_apps_communication"
"menu_apps_communication","5","Inline","GUI winget/direct runner","menu_apps_communication","","Zoom.Zoom","","winget install --id ""Zoom.Zoom"" -e --accept-source-agreements --accept-package-agreements & pause & goto menu_apps_communication"
"menu_apps_communication","06","Inline","GUI winget/direct runner","menu_apps_communication","","Microsoft.Teams","","winget install --id ""Microsoft.Teams"" -e --accept-source-agreements --accept-package-agreements & pause & goto menu_apps_communication"
"menu_apps_communication","6","Inline","GUI winget/direct runner","menu_apps_communication","","Microsoft.Teams","","winget install --id ""Microsoft.Teams"" -e --accept-source-agreements --accept-package-agreements & pause & goto menu_apps_communication"
"menu_apps_communication","07","Inline","GUI winget/direct runner","menu_apps_communication","","Rambox.Rambox.Community","","winget install --id ""Rambox.Rambox.Community"" -e --accept-source-agreements --accept-package-agreements & pause & goto menu_apps_communication"
"menu_apps_communication","7","Inline","GUI winget/direct runner","menu_apps_communication","","Rambox.Rambox.Community","","winget install --id ""Rambox.Rambox.Community"" -e --accept-source-agreements --accept-package-agreements & pause & goto menu_apps_communication"
"menu_apps_communication","08","Inline","GUI winget/direct runner","menu_apps_communication","","Rakuten.Viber","","winget install --id ""Rakuten.Viber"" -e --accept-source-agreements --accept-package-agreements & pause & goto menu_apps_communication"
"menu_apps_communication","8","Inline","GUI winget/direct runner","menu_apps_communication","","Rakuten.Viber","","winget install --id ""Rakuten.Viber"" -e --accept-source-agreements --accept-package-agreements & pause & goto menu_apps_communication"
"menu_apps_communication","09","Inline","GUI winget/direct runner","menu_apps_communication","","Element.Element","","winget install --id ""Element.Element"" -e --accept-source-agreements --accept-package-agreements & pause & goto menu_apps_communication"
"menu_apps_communication","9","Inline","GUI winget/direct runner","menu_apps_communication","","Element.Element","","winget install --id ""Element.Element"" -e --accept-source-agreements --accept-package-agreements & pause & goto menu_apps_communication"
"menu_apps_communication","10","Inline","GUI winget/direct runner","menu_apps_communication","","OpenWhisperSystems.Signal","","winget install --id ""OpenWhisperSystems.Signal"" -e --accept-source-agreements --accept-package-agreements & pause & goto menu_apps_communication"
"menu_apps_communication","10","Inline","GUI winget/direct runner","menu_apps_communication","","OpenWhisperSystems.Signal","","winget install --id ""OpenWhisperSystems.Signal"" -e --accept-source-agreements --accept-package-agreements & pause & goto menu_apps_communication"
"menu_apps_communication","11","Inline","GUI winget/direct runner","menu_apps_communication","","9NKSQGP7F2NH;Discord.Discord;Element.Element;Microsoft.Teams;OpenWhisperSystems.Signal;Rakuten.Viber;Rambox.Rambox.Community;SlackTechnologies.Slack;Telegram.TelegramDesktop;Zoom.Zoom","","winget install --id ""Discord.Discord"" -e --accept-source-agreements --accept-package-agreements ^& winget install --id ""SlackTechnologies.Slack"" -e --accept-source-agreements --accept-package-agreements ^& winget install --id ""Telegram.TelegramDesktop"" -e --accept-source-agreements --accept-package-agreements ^& winget install --id ""9NKSQGP7F2NH"" --source msstore -e --accept-source-agreements --accept-package-agreements ^& winget install --id ""Zoom.Zoom"" -e --accept-source-agreements --accept-package-agreements ^& winget install --id ""Microsoft.Teams"" -e --accept-source-agreements --accept-package-agreements ^& winget install --id ""Rambox.Rambox.Community"" -e --accept-source-agreements --accept-package-agreements ^& winget install --id ""Rakuten.Viber"" -e --accept-source-agreements --accept-package-agreements ^& winget install --id ""Element.Element"" -e --accept-source-agreements --accept-package-agreements ^& winget install --id ""OpenWhisperSystems.Signal"" -e --accept-source-agreements --accept-package-agreements & pause & goto menu_apps_communication"
"menu_apps_communication","11","Inline","GUI winget/direct runner","menu_apps_communication","","9NKSQGP7F2NH;Discord.Discord;Element.Element;Microsoft.Teams;OpenWhisperSystems.Signal;Rakuten.Viber;Rambox.Rambox.Community;SlackTechnologies.Slack;Telegram.TelegramDesktop;Zoom.Zoom","","winget install --id ""Discord.Discord"" -e --accept-source-agreements --accept-package-agreements ^& winget install --id ""SlackTechnologies.Slack"" -e --accept-source-agreements --accept-package-agreements ^& winget install --id ""Telegram.TelegramDesktop"" -e --accept-source-agreements --accept-package-agreements ^& winget install --id ""9NKSQGP7F2NH"" --source msstore -e --accept-source-agreements --accept-package-agreements ^& winget install --id ""Zoom.Zoom"" -e --accept-source-agreements --accept-package-agreements ^& winget install --id ""Microsoft.Teams"" -e --accept-source-agreements --accept-package-agreements ^& winget install --id ""Rambox.Rambox.Community"" -e --accept-source-agreements --accept-package-agreements ^& winget install --id ""Rakuten.Viber"" -e --accept-source-agreements --accept-package-agreements ^& winget install --id ""Element.Element"" -e --accept-source-agreements --accept-package-agreements ^& winget install --id ""OpenWhisperSystems.Signal"" -e --accept-source-agreements --accept-package-agreements & pause & goto menu_apps_communication"
"menu_apps_media","01","Inline","GUI winget/direct runner","menu_apps_media","","VideoLAN.VLC","","winget install --id ""VideoLAN.VLC"" -e --accept-source-agreements --accept-package-agreements & pause & goto menu_apps_media"
"menu_apps_media","1","Inline","GUI winget/direct runner","menu_apps_media","","VideoLAN.VLC","","winget install --id ""VideoLAN.VLC"" -e --accept-source-agreements --accept-package-agreements & pause & goto menu_apps_media"
"menu_apps_media","02","Inline","GUI winget/direct runner","menu_apps_media","","OBSProject.OBSStudio","","winget install --id ""OBSProject.OBSStudio"" -e --accept-source-agreements --accept-package-agreements & pause & goto menu_apps_media"
"menu_apps_media","2","Inline","GUI winget/direct runner","menu_apps_media","","OBSProject.OBSStudio","","winget install --id ""OBSProject.OBSStudio"" -e --accept-source-agreements --accept-package-agreements & pause & goto menu_apps_media"
"menu_apps_media","03","Inline","GUI winget/direct runner","menu_apps_media","","Spotify.Spotify","","winget install --id ""Spotify.Spotify"" -e --accept-source-agreements --accept-package-agreements & pause & goto menu_apps_media"
"menu_apps_media","3","Inline","GUI winget/direct runner","menu_apps_media","","Spotify.Spotify","","winget install --id ""Spotify.Spotify"" -e --accept-source-agreements --accept-package-agreements & pause & goto menu_apps_media"
"menu_apps_media","04","Inline","GUI winget/direct runner","menu_apps_media","","Apple.iTunes","","winget install --id ""Apple.iTunes"" -e --accept-source-agreements --accept-package-agreements & pause & goto menu_apps_media"
"menu_apps_media","4","Inline","GUI winget/direct runner","menu_apps_media","","Apple.iTunes","","winget install --id ""Apple.iTunes"" -e --accept-source-agreements --accept-package-agreements & pause & goto menu_apps_media"
"menu_apps_media","05","Inline","GUI winget/direct runner","menu_apps_media","","AIMP.AIMP","","winget install --id ""AIMP.AIMP"" -e --accept-source-agreements --accept-package-agreements & pause & goto menu_apps_media"
"menu_apps_media","5","Inline","GUI winget/direct runner","menu_apps_media","","AIMP.AIMP","","winget install --id ""AIMP.AIMP"" -e --accept-source-agreements --accept-package-agreements & pause & goto menu_apps_media"
"menu_apps_media","06","Inline","GUI winget/direct runner","menu_apps_media","","Audacity.Audacity","","winget install --id ""Audacity.Audacity"" -e --accept-source-agreements --accept-package-agreements & pause & goto menu_apps_media"
"menu_apps_media","6","Inline","GUI winget/direct runner","menu_apps_media","","Audacity.Audacity","","winget install --id ""Audacity.Audacity"" -e --accept-source-agreements --accept-package-agreements & pause & goto menu_apps_media"
"menu_apps_media","07","Inline","GUI winget/direct runner","menu_apps_media","","GIMP.GIMP","","winget install --id ""GIMP.GIMP"" -e --accept-source-agreements --accept-package-agreements & pause & goto menu_apps_media"
"menu_apps_media","7","Inline","GUI winget/direct runner","menu_apps_media","","GIMP.GIMP","","winget install --id ""GIMP.GIMP"" -e --accept-source-agreements --accept-package-agreements & pause & goto menu_apps_media"
"menu_apps_media","08","Inline","GUI winget/direct runner","menu_apps_media","","CodecGuide.K-LiteCodecPack.Full","","winget install --id ""CodecGuide.K-LiteCodecPack.Full"" -e --accept-source-agreements --accept-package-agreements & pause & goto menu_apps_media"
"menu_apps_media","8","Inline","GUI winget/direct runner","menu_apps_media","","CodecGuide.K-LiteCodecPack.Full","","winget install --id ""CodecGuide.K-LiteCodecPack.Full"" -e --accept-source-agreements --accept-package-agreements & pause & goto menu_apps_media"
"menu_apps_media","09","Inline","GUI winget/direct runner","menu_apps_media","","HandBrake.HandBrake","","winget install --id ""HandBrake.HandBrake"" -e --accept-source-agreements --accept-package-agreements & pause & goto menu_apps_media"
"menu_apps_media","9","Inline","GUI winget/direct runner","menu_apps_media","","HandBrake.HandBrake","","winget install --id ""HandBrake.HandBrake"" -e --accept-source-agreements --accept-package-agreements & pause & goto menu_apps_media"
"menu_apps_media","10","Inline","GUI winget/direct runner","menu_apps_media","","clsid2.mpc-hc","","winget install --id ""clsid2.mpc-hc"" -e --accept-source-agreements --accept-package-agreements & pause & goto menu_apps_media"
"menu_apps_media","10","Inline","GUI winget/direct runner","menu_apps_media","","clsid2.mpc-hc","","winget install --id ""clsid2.mpc-hc"" -e --accept-source-agreements --accept-package-agreements & pause & goto menu_apps_media"
"menu_apps_media","11","Inline","GUI winget/direct runner","menu_apps_media","","KDE.Kdenlive","","winget install --id ""KDE.Kdenlive"" -e --accept-source-agreements --accept-package-agreements & pause & goto menu_apps_media"
"menu_apps_media","11","Inline","GUI winget/direct runner","menu_apps_media","","KDE.Kdenlive","","winget install --id ""KDE.Kdenlive"" -e --accept-source-agreements --accept-package-agreements & pause & goto menu_apps_media"
"menu_apps_media","12","Inline","GUI winget/direct runner","menu_apps_media","","Amazon.Music","","winget install --id ""Amazon.Music"" -e --accept-source-agreements --accept-package-agreements & pause & goto menu_apps_media"
"menu_apps_media","12","Inline","GUI winget/direct runner","menu_apps_media","","Amazon.Music","","winget install --id ""Amazon.Music"" -e --accept-source-agreements --accept-package-agreements & pause & goto menu_apps_media"
"menu_apps_media","13","Inline","GUI winget/direct runner","menu_apps_media","","AIMP.AIMP;Amazon.Music;Apple.iTunes;Audacity.Audacity;clsid2.mpc-hc;CodecGuide.K-LiteCodecPack.Full;GIMP.GIMP;HandBrake.HandBrake;KDE.Kdenlive;OBSProject.OBSStudio;Spotify.Spotify;VideoLAN.VLC","","winget install --id ""VideoLAN.VLC"" -e --accept-source-agreements --accept-package-agreements ^& winget install --id ""OBSProject.OBSStudio"" -e --accept-source-agreements --accept-package-agreements ^& winget install --id ""Spotify.Spotify"" -e --accept-source-agreements --accept-package-agreements ^& winget install --id ""Apple.iTunes"" -e --accept-source-agreements --accept-package-agreements ^& winget install --id ""AIMP.AIMP"" -e --accept-source-agreements --accept-package-agreements ^& winget install --id ""Audacity.Audacity"" -e --accept-source-agreements --accept-package-agreements ^& winget install --id ""GIMP.GIMP"" -e --accept-source-agreements --accept-package-agreements ^& winget install --id ""CodecGuide.K-LiteCodecPack.Full"" -e --accept-source-agreements --accept-package-agreements ^& winget install --id ""HandBrake.HandBrake"" -e --accept-source-agreements --accept-package-agreements ^& winget install --id ""clsid2.mpc-hc"" -e --accept-source-agreements --accept-package-agreements ^& winget install --id ""KDE.Kdenlive"" -e --accept-source-agreements --accept-package-agreements ^& winget install --id ""Amazon.Music"" -e --accept-source-agreements --accept-package-agreements & pause & goto menu_apps_media"
"menu_apps_media","13","Inline","GUI winget/direct runner","menu_apps_media","","AIMP.AIMP;Amazon.Music;Apple.iTunes;Audacity.Audacity;clsid2.mpc-hc;CodecGuide.K-LiteCodecPack.Full;GIMP.GIMP;HandBrake.HandBrake;KDE.Kdenlive;OBSProject.OBSStudio;Spotify.Spotify;VideoLAN.VLC","","winget install --id ""VideoLAN.VLC"" -e --accept-source-agreements --accept-package-agreements ^& winget install --id ""OBSProject.OBSStudio"" -e --accept-source-agreements --accept-package-agreements ^& winget install --id ""Spotify.Spotify"" -e --accept-source-agreements --accept-package-agreements ^& winget install --id ""Apple.iTunes"" -e --accept-source-agreements --accept-package-agreements ^& winget install --id ""AIMP.AIMP"" -e --accept-source-agreements --accept-package-agreements ^& winget install --id ""Audacity.Audacity"" -e --accept-source-agreements --accept-package-agreements ^& winget install --id ""GIMP.GIMP"" -e --accept-source-agreements --accept-package-agreements ^& winget install --id ""CodecGuide.K-LiteCodecPack.Full"" -e --accept-source-agreements --accept-package-agreements ^& winget install --id ""HandBrake.HandBrake"" -e --accept-source-agreements --accept-package-agreements ^& winget install --id ""clsid2.mpc-hc"" -e --accept-source-agreements --accept-package-agreements ^& winget install --id ""KDE.Kdenlive"" -e --accept-source-agreements --accept-package-agreements ^& winget install --id ""Amazon.Music"" -e --accept-source-agreements --accept-package-agreements & pause & goto menu_apps_media"
"menu_apps_utilities","01","Inline","GUI winget/direct runner","menu_apps_utilities","","7zip.7zip","","winget install --id ""7zip.7zip"" -e --accept-source-agreements --accept-package-agreements & pause & goto menu_apps_utilities"
"menu_apps_utilities","1","Inline","GUI winget/direct runner","menu_apps_utilities","","7zip.7zip","","winget install --id ""7zip.7zip"" -e --accept-source-agreements --accept-package-agreements & pause & goto menu_apps_utilities"
"menu_apps_utilities","02","Inline","GUI winget/direct runner","menu_apps_utilities","","RARLab.WinRAR","","winget install --id ""RARLab.WinRAR"" -e --accept-source-agreements --accept-package-agreements & pause & goto menu_apps_utilities"
"menu_apps_utilities","2","Inline","GUI winget/direct runner","menu_apps_utilities","","RARLab.WinRAR","","winget install --id ""RARLab.WinRAR"" -e --accept-source-agreements --accept-package-agreements & pause & goto menu_apps_utilities"
"menu_apps_utilities","03","Inline","GUI winget/direct runner","menu_apps_utilities","","Notepad++.Notepad++","","winget install --id ""Notepad++.Notepad++"" -e --accept-source-agreements --accept-package-agreements & pause & goto menu_apps_utilities"
"menu_apps_utilities","3","Inline","GUI winget/direct runner","menu_apps_utilities","","Notepad++.Notepad++","","winget install --id ""Notepad++.Notepad++"" -e --accept-source-agreements --accept-package-agreements & pause & goto menu_apps_utilities"
"menu_apps_utilities","04","Inline","GUI winget/direct runner","menu_apps_utilities","","Microsoft.PowerToys","","winget install --id ""Microsoft.PowerToys"" -e --accept-source-agreements --accept-package-agreements & pause & goto menu_apps_utilities"
"menu_apps_utilities","4","Inline","GUI winget/direct runner","menu_apps_utilities","","Microsoft.PowerToys","","winget install --id ""Microsoft.PowerToys"" -e --accept-source-agreements --accept-package-agreements & pause & goto menu_apps_utilities"
"menu_apps_utilities","05","Inline","GUI winget/direct runner","menu_apps_utilities","","voidtools.Everything","","winget install --id ""voidtools.Everything"" -e --accept-source-agreements --accept-package-agreements & pause & goto menu_apps_utilities"
"menu_apps_utilities","5","Inline","GUI winget/direct runner","menu_apps_utilities","","voidtools.Everything","","winget install --id ""voidtools.Everything"" -e --accept-source-agreements --accept-package-agreements & pause & goto menu_apps_utilities"
"menu_apps_utilities","06","Inline","GUI winget/direct runner","menu_apps_utilities","","Microsoft.Sysinternals.Suite","","winget install --id ""Microsoft.Sysinternals.Suite"" -e --accept-source-agreements --accept-package-agreements & pause & goto menu_apps_utilities"
"menu_apps_utilities","6","Inline","GUI winget/direct runner","menu_apps_utilities","","Microsoft.Sysinternals.Suite","","winget install --id ""Microsoft.Sysinternals.Suite"" -e --accept-source-agreements --accept-package-agreements & pause & goto menu_apps_utilities"
"menu_apps_utilities","07","Inline","GUI winget/direct runner","menu_apps_utilities","","Flow-Launcher.Flow-Launcher","","winget install --id ""Flow-Launcher.Flow-Launcher"" -e --accept-source-agreements --accept-package-agreements & pause & goto menu_apps_utilities"
"menu_apps_utilities","7","Inline","GUI winget/direct runner","menu_apps_utilities","","Flow-Launcher.Flow-Launcher","","winget install --id ""Flow-Launcher.Flow-Launcher"" -e --accept-source-agreements --accept-package-agreements & pause & goto menu_apps_utilities"
"menu_apps_utilities","08","Inline","GUI winget/direct runner","menu_apps_utilities","","7zip.7zip;Flow-Launcher.Flow-Launcher;Microsoft.PowerToys;Microsoft.Sysinternals.Suite;Notepad++.Notepad++;RARLab.WinRAR;voidtools.Everything","","winget install --id ""7zip.7zip"" -e --accept-source-agreements --accept-package-agreements ^& winget install --id ""RARLab.WinRAR"" -e --accept-source-agreements --accept-package-agreements ^& winget install --id ""Notepad++.Notepad++"" -e --accept-source-agreements --accept-package-agreements ^& winget install --id ""Microsoft.PowerToys"" -e --accept-source-agreements --accept-package-agreements ^& winget install --id ""voidtools.Everything"" -e --accept-source-agreements --accept-package-agreements ^& winget install --id ""Microsoft.Sysinternals.Suite"" -e --accept-source-agreements --accept-package-agreements ^& winget install --id ""Flow-Launcher.Flow-Launcher"" -e --accept-source-agreements --accept-package-agreements & pause & goto menu_apps_utilities"
"menu_apps_utilities","8","Inline","GUI winget/direct runner","menu_apps_utilities","","7zip.7zip;Flow-Launcher.Flow-Launcher;Microsoft.PowerToys;Microsoft.Sysinternals.Suite;Notepad++.Notepad++;RARLab.WinRAR;voidtools.Everything","","winget install --id ""7zip.7zip"" -e --accept-source-agreements --accept-package-agreements ^& winget install --id ""RARLab.WinRAR"" -e --accept-source-agreements --accept-package-agreements ^& winget install --id ""Notepad++.Notepad++"" -e --accept-source-agreements --accept-package-agreements ^& winget install --id ""Microsoft.PowerToys"" -e --accept-source-agreements --accept-package-agreements ^& winget install --id ""voidtools.Everything"" -e --accept-source-agreements --accept-package-agreements ^& winget install --id ""Microsoft.Sysinternals.Suite"" -e --accept-source-agreements --accept-package-agreements ^& winget install --id ""Flow-Launcher.Flow-Launcher"" -e --accept-source-agreements --accept-package-agreements & pause & goto menu_apps_utilities"
"menu_apps_maintenance","01","Inline","GUI winget/direct runner","menu_apps_maintenance","","CPUID.CPU-Z","","winget install --id ""CPUID.CPU-Z"" -e --accept-source-agreements --accept-package-agreements & pause & goto menu_apps_maintenance"
"menu_apps_maintenance","1","Inline","GUI winget/direct runner","menu_apps_maintenance","","CPUID.CPU-Z","","winget install --id ""CPUID.CPU-Z"" -e --accept-source-agreements --accept-package-agreements & pause & goto menu_apps_maintenance"
"menu_apps_maintenance","02","Inline","GUI winget/direct runner","menu_apps_maintenance","","CPUID.HWMonitor","","winget install --id ""CPUID.HWMonitor"" -e --accept-source-agreements --accept-package-agreements & pause & goto menu_apps_maintenance"
"menu_apps_maintenance","2","Inline","GUI winget/direct runner","menu_apps_maintenance","","CPUID.HWMonitor","","winget install --id ""CPUID.HWMonitor"" -e --accept-source-agreements --accept-package-agreements & pause & goto menu_apps_maintenance"
"menu_apps_maintenance","03","Inline","GUI winget/direct runner","menu_apps_maintenance","","Piriform.CCleaner","","winget install --id ""Piriform.CCleaner"" -e --accept-source-agreements --accept-package-agreements & pause & goto menu_apps_maintenance"
"menu_apps_maintenance","3","Inline","GUI winget/direct runner","menu_apps_maintenance","","Piriform.CCleaner","","winget install --id ""Piriform.CCleaner"" -e --accept-source-agreements --accept-package-agreements & pause & goto menu_apps_maintenance"
"menu_apps_maintenance","04","Inline","GUI winget/direct runner","menu_apps_maintenance","","Rufus.Rufus","","winget install --id ""Rufus.Rufus"" -e --accept-source-agreements --accept-package-agreements & pause & goto menu_apps_maintenance"
"menu_apps_maintenance","4","Inline","GUI winget/direct runner","menu_apps_maintenance","","Rufus.Rufus","","winget install --id ""Rufus.Rufus"" -e --accept-source-agreements --accept-package-agreements & pause & goto menu_apps_maintenance"
"menu_apps_maintenance","05","Inline","GUI winget/direct runner","menu_apps_maintenance","","Balena.Etcher","","winget install --id ""Balena.Etcher"" -e --accept-source-agreements --accept-package-agreements & pause & goto menu_apps_maintenance"
"menu_apps_maintenance","5","Inline","GUI winget/direct runner","menu_apps_maintenance","","Balena.Etcher","","winget install --id ""Balena.Etcher"" -e --accept-source-agreements --accept-package-agreements & pause & goto menu_apps_maintenance"
"menu_apps_maintenance","06","Inline","GUI winget/direct runner","menu_apps_maintenance","","RevoUninstaller.RevoUninstaller","","winget install --id ""RevoUninstaller.RevoUninstaller"" -e --accept-source-agreements --accept-package-agreements & pause & goto menu_apps_maintenance"
"menu_apps_maintenance","6","Inline","GUI winget/direct runner","menu_apps_maintenance","","RevoUninstaller.RevoUninstaller","","winget install --id ""RevoUninstaller.RevoUninstaller"" -e --accept-source-agreements --accept-package-agreements & pause & goto menu_apps_maintenance"
"menu_apps_maintenance","07","Inline","GUI winget/direct runner","menu_apps_maintenance","","CrystalDewWorld.CrystalDiskInfo","","winget install --id ""CrystalDewWorld.CrystalDiskInfo"" -e --accept-source-agreements --accept-package-agreements & pause & goto menu_apps_maintenance"
"menu_apps_maintenance","7","Inline","GUI winget/direct runner","menu_apps_maintenance","","CrystalDewWorld.CrystalDiskInfo","","winget install --id ""CrystalDewWorld.CrystalDiskInfo"" -e --accept-source-agreements --accept-package-agreements & pause & goto menu_apps_maintenance"
"menu_apps_maintenance","08","Inline","GUI winget/direct runner","menu_apps_maintenance","","CrystalDewWorld.CrystalDiskMark","","winget install --id ""CrystalDewWorld.CrystalDiskMark"" -e --accept-source-agreements --accept-package-agreements & pause & goto menu_apps_maintenance"
"menu_apps_maintenance","8","Inline","GUI winget/direct runner","menu_apps_maintenance","","CrystalDewWorld.CrystalDiskMark","","winget install --id ""CrystalDewWorld.CrystalDiskMark"" -e --accept-source-agreements --accept-package-agreements & pause & goto menu_apps_maintenance"
"menu_apps_maintenance","09","Inline","GUI winget/direct runner","menu_apps_maintenance","","winaero.tweaker","","winget install --id ""winaero.tweaker"" -e --accept-source-agreements --accept-package-agreements & pause & goto menu_apps_maintenance"
"menu_apps_maintenance","9","Inline","GUI winget/direct runner","menu_apps_maintenance","","winaero.tweaker","","winget install --id ""winaero.tweaker"" -e --accept-source-agreements --accept-package-agreements & pause & goto menu_apps_maintenance"
"menu_apps_maintenance","10","Inline","GUI winget/direct runner","menu_apps_maintenance","","Balena.Etcher;CPUID.CPU-Z;CPUID.HWMonitor;CrystalDewWorld.CrystalDiskInfo;CrystalDewWorld.CrystalDiskMark;Piriform.CCleaner;RevoUninstaller.RevoUninstaller;Rufus.Rufus;winaero.tweaker","","winget install --id ""CPUID.CPU-Z"" -e --accept-source-agreements --accept-package-agreements ^& winget install --id ""CPUID.HWMonitor"" -e --accept-source-agreements --accept-package-agreements ^& winget install --id ""Piriform.CCleaner"" -e --accept-source-agreements --accept-package-agreements ^& winget install --id ""Rufus.Rufus"" -e --accept-source-agreements --accept-package-agreements ^& winget install --id ""Balena.Etcher"" -e --accept-source-agreements --accept-package-agreements ^& winget install --id ""RevoUninstaller.RevoUninstaller"" -e --accept-source-agreements --accept-package-agreements ^& winget install --id ""CrystalDewWorld.CrystalDiskInfo"" -e --accept-source-agreements --accept-package-agreements ^& winget install --id ""CrystalDewWorld.CrystalDiskMark"" -e --accept-source-agreements --accept-package-agreements ^& winget install --id ""winaero.tweaker"" -e --accept-source-agreements --accept-package-agreements & pause & goto menu_apps_maintenance"
"menu_apps_maintenance","10","Inline","GUI winget/direct runner","menu_apps_maintenance","","Balena.Etcher;CPUID.CPU-Z;CPUID.HWMonitor;CrystalDewWorld.CrystalDiskInfo;CrystalDewWorld.CrystalDiskMark;Piriform.CCleaner;RevoUninstaller.RevoUninstaller;Rufus.Rufus;winaero.tweaker","","winget install --id ""CPUID.CPU-Z"" -e --accept-source-agreements --accept-package-agreements ^& winget install --id ""CPUID.HWMonitor"" -e --accept-source-agreements --accept-package-agreements ^& winget install --id ""Piriform.CCleaner"" -e --accept-source-agreements --accept-package-agreements ^& winget install --id ""Rufus.Rufus"" -e --accept-source-agreements --accept-package-agreements ^& winget install --id ""Balena.Etcher"" -e --accept-source-agreements --accept-package-agreements ^& winget install --id ""RevoUninstaller.RevoUninstaller"" -e --accept-source-agreements --accept-package-agreements ^& winget install --id ""CrystalDewWorld.CrystalDiskInfo"" -e --accept-source-agreements --accept-package-agreements ^& winget install --id ""CrystalDewWorld.CrystalDiskMark"" -e --accept-source-agreements --accept-package-agreements ^& winget install --id ""winaero.tweaker"" -e --accept-source-agreements --accept-package-agreements & pause & goto menu_apps_maintenance"
"menu_apps_productivity","01","Inline","GUI winget/direct runner","menu_apps_productivity","","Adobe.Acrobat.Reader.64-bit","","winget install --id ""Adobe.Acrobat.Reader.64-bit"" -e --accept-source-agreements --accept-package-agreements & pause & goto menu_apps_productivity"
"menu_apps_productivity","1","Inline","GUI winget/direct runner","menu_apps_productivity","","Adobe.Acrobat.Reader.64-bit","","winget install --id ""Adobe.Acrobat.Reader.64-bit"" -e --accept-source-agreements --accept-package-agreements & pause & goto menu_apps_productivity"
"menu_apps_productivity","02","Inline","GUI winget/direct runner","menu_apps_productivity","","Foxit.FoxitReader","","winget install --id ""Foxit.FoxitReader"" -e --accept-source-agreements --accept-package-agreements & pause & goto menu_apps_productivity"
"menu_apps_productivity","2","Inline","GUI winget/direct runner","menu_apps_productivity","","Foxit.FoxitReader","","winget install --id ""Foxit.FoxitReader"" -e --accept-source-agreements --accept-package-agreements & pause & goto menu_apps_productivity"
"menu_apps_productivity","03","Inline","GUI winget/direct runner","menu_apps_productivity","","TheDocumentFoundation.LibreOffice","","winget install --id ""TheDocumentFoundation.LibreOffice"" -e --accept-source-agreements --accept-package-agreements & pause & goto menu_apps_productivity"
"menu_apps_productivity","3","Inline","GUI winget/direct runner","menu_apps_productivity","","TheDocumentFoundation.LibreOffice","","winget install --id ""TheDocumentFoundation.LibreOffice"" -e --accept-source-agreements --accept-package-agreements & pause & goto menu_apps_productivity"
"menu_apps_productivity","04","Inline","GUI winget/direct runner","menu_apps_productivity","","Notion.Notion","","winget install --id ""Notion.Notion"" -e --accept-source-agreements --accept-package-agreements & pause & goto menu_apps_productivity"
"menu_apps_productivity","4","Inline","GUI winget/direct runner","menu_apps_productivity","","Notion.Notion","","winget install --id ""Notion.Notion"" -e --accept-source-agreements --accept-package-agreements & pause & goto menu_apps_productivity"
"menu_apps_productivity","05","Inline","GUI winget/direct runner","menu_apps_productivity","","Obsidian.Obsidian","","winget install --id ""Obsidian.Obsidian"" -e --accept-source-agreements --accept-package-agreements & pause & goto menu_apps_productivity"
"menu_apps_productivity","5","Inline","GUI winget/direct runner","menu_apps_productivity","","Obsidian.Obsidian","","winget install --id ""Obsidian.Obsidian"" -e --accept-source-agreements --accept-package-agreements & pause & goto menu_apps_productivity"
"menu_apps_productivity","06","Inline","GUI winget/direct runner","menu_apps_productivity","","Evernote.Evernote","","winget install --id ""Evernote.Evernote"" -e --accept-source-agreements --accept-package-agreements & pause & goto menu_apps_productivity"
"menu_apps_productivity","6","Inline","GUI winget/direct runner","menu_apps_productivity","","Evernote.Evernote","","winget install --id ""Evernote.Evernote"" -e --accept-source-agreements --accept-package-agreements & pause & goto menu_apps_productivity"
"menu_apps_productivity","07","Inline","GUI winget/direct runner","menu_apps_productivity","","SumatraPDF.SumatraPDF","","winget install --id ""SumatraPDF.SumatraPDF"" -e --accept-source-agreements --accept-package-agreements & pause & goto menu_apps_productivity"
"menu_apps_productivity","7","Inline","GUI winget/direct runner","menu_apps_productivity","","SumatraPDF.SumatraPDF","","winget install --id ""SumatraPDF.SumatraPDF"" -e --accept-source-agreements --accept-package-agreements & pause & goto menu_apps_productivity"
"menu_apps_productivity","08","Inline","GUI winget/direct runner","menu_apps_productivity","","geeksoftwareGmbH.PDF24Creator","","winget install --id ""geeksoftwareGmbH.PDF24Creator"" -e --accept-source-agreements --accept-package-agreements & pause & goto menu_apps_productivity"
"menu_apps_productivity","8","Inline","GUI winget/direct runner","menu_apps_productivity","","geeksoftwareGmbH.PDF24Creator","","winget install --id ""geeksoftwareGmbH.PDF24Creator"" -e --accept-source-agreements --accept-package-agreements & pause & goto menu_apps_productivity"
"menu_apps_productivity","09","Inline","GUI winget/direct runner","menu_apps_productivity","","9N8GPB2TK8GB","","winget install --id ""9N8GPB2TK8GB"" --source msstore -e --accept-source-agreements --accept-package-agreements & pause & goto menu_apps_productivity"
"menu_apps_productivity","9","Inline","GUI winget/direct runner","menu_apps_productivity","","9N8GPB2TK8GB","","winget install --id ""9N8GPB2TK8GB"" --source msstore -e --accept-source-agreements --accept-package-agreements & pause & goto menu_apps_productivity"
"menu_apps_productivity","10","Inline","GUI winget/direct runner","menu_apps_productivity","","9NBLGGH5R558","","winget install --id ""9NBLGGH5R558"" --source msstore -e --accept-source-agreements --accept-package-agreements & pause & goto menu_apps_productivity"
"menu_apps_productivity","10","Inline","GUI winget/direct runner","menu_apps_productivity","","9NBLGGH5R558","","winget install --id ""9NBLGGH5R558"" --source msstore -e --accept-source-agreements --accept-package-agreements & pause & goto menu_apps_productivity"
"menu_apps_productivity","11","Inline","GUI winget/direct runner","menu_apps_productivity","","Joplin.Joplin","","winget install --id ""Joplin.Joplin"" -e --accept-source-agreements --accept-package-agreements & pause & goto menu_apps_productivity"
"menu_apps_productivity","11","Inline","GUI winget/direct runner","menu_apps_productivity","","Joplin.Joplin","","winget install --id ""Joplin.Joplin"" -e --accept-source-agreements --accept-package-agreements & pause & goto menu_apps_productivity"
"menu_apps_productivity","12","Inline","GUI winget/direct runner","menu_apps_productivity","","Automattic.Simplenote","","winget install --id ""Automattic.Simplenote"" -e --accept-source-agreements --accept-package-agreements & pause & goto menu_apps_productivity"
"menu_apps_productivity","12","Inline","GUI winget/direct runner","menu_apps_productivity","","Automattic.Simplenote","","winget install --id ""Automattic.Simplenote"" -e --accept-source-agreements --accept-package-agreements & pause & goto menu_apps_productivity"
"menu_apps_productivity","13","Inline","GUI winget/direct runner","menu_apps_productivity","","Microsoft.Office","","winget install --id ""Microsoft.Office"" -e --accept-source-agreements --accept-package-agreements & pause & goto menu_apps_productivity"
"menu_apps_productivity","13","Inline","GUI winget/direct runner","menu_apps_productivity","","Microsoft.Office","","winget install --id ""Microsoft.Office"" -e --accept-source-agreements --accept-package-agreements & pause & goto menu_apps_productivity"
"menu_apps_productivity","14","Inline","GUI winget/direct runner","menu_apps_productivity","","9N8GPB2TK8GB;9NBLGGH5R558;Adobe.Acrobat.Reader.64-bit;Automattic.Simplenote;Evernote.Evernote;Foxit.FoxitReader;geeksoftwareGmbH.PDF24Creator;Joplin.Joplin;Microsoft.Office;Notion.Notion;Obsidian.Obsidian;SumatraPDF.SumatraPDF;TheDocumentFoundation.LibreOffice","","winget install --id ""Adobe.Acrobat.Reader.64-bit"" -e --accept-source-agreements --accept-package-agreements ^& winget install --id ""Foxit.FoxitReader"" -e --accept-source-agreements --accept-package-agreements ^& winget install --id ""TheDocumentFoundation.LibreOffice"" -e --accept-source-agreements --accept-package-agreements ^& winget install --id ""Notion.Notion"" -e --accept-source-agreements --accept-package-agreements ^& winget install --id ""Obsidian.Obsidian"" -e --accept-source-agreements --accept-package-agreements ^& winget install --id ""Evernote.Evernote"" -e --accept-source-agreements --accept-package-agreements ^& winget install --id ""SumatraPDF.SumatraPDF"" -e --accept-source-agreements --accept-package-agreements ^& winget install --id ""geeksoftwareGmbH.PDF24Creator"" -e --accept-source-agreements --accept-package-agreements ^& winget install --id ""9N8GPB2TK8GB"" --source msstore -e --accept-source-agreements --accept-package-agreements ^& winget install --id ""9NBLGGH5R558"" --source msstore -e --accept-source-agreements --accept-package-agreements ^& winget install --id ""Joplin.Joplin"" -e --accept-source-agreements --accept-package-agreements ^& winget install --id ""Automattic.Simplenote"" -e --accept-source-agreements --accept-package-agreements ^& winget install --id ""Microsoft.Office"" -e --accept-source-agreements --accept-package-agreements & pause & goto menu_apps_productivity"
"menu_apps_productivity","14","Inline","GUI winget/direct runner","menu_apps_productivity","","9N8GPB2TK8GB;9NBLGGH5R558;Adobe.Acrobat.Reader.64-bit;Automattic.Simplenote;Evernote.Evernote;Foxit.FoxitReader;geeksoftwareGmbH.PDF24Creator;Joplin.Joplin;Microsoft.Office;Notion.Notion;Obsidian.Obsidian;SumatraPDF.SumatraPDF;TheDocumentFoundation.LibreOffice","","winget install --id ""Adobe.Acrobat.Reader.64-bit"" -e --accept-source-agreements --accept-package-agreements ^& winget install --id ""Foxit.FoxitReader"" -e --accept-source-agreements --accept-package-agreements ^& winget install --id ""TheDocumentFoundation.LibreOffice"" -e --accept-source-agreements --accept-package-agreements ^& winget install --id ""Notion.Notion"" -e --accept-source-agreements --accept-package-agreements ^& winget install --id ""Obsidian.Obsidian"" -e --accept-source-agreements --accept-package-agreements ^& winget install --id ""Evernote.Evernote"" -e --accept-source-agreements --accept-package-agreements ^& winget install --id ""SumatraPDF.SumatraPDF"" -e --accept-source-agreements --accept-package-agreements ^& winget install --id ""geeksoftwareGmbH.PDF24Creator"" -e --accept-source-agreements --accept-package-agreements ^& winget install --id ""9N8GPB2TK8GB"" --source msstore -e --accept-source-agreements --accept-package-agreements ^& winget install --id ""9NBLGGH5R558"" --source msstore -e --accept-source-agreements --accept-package-agreements ^& winget install --id ""Joplin.Joplin"" -e --accept-source-agreements --accept-package-agreements ^& winget install --id ""Automattic.Simplenote"" -e --accept-source-agreements --accept-package-agreements ^& winget install --id ""Microsoft.Office"" -e --accept-source-agreements --accept-package-agreements & pause & goto menu_apps_productivity"
"menu_apps_dev","01","Inline","GUI winget/direct runner","menu_apps_dev","","Microsoft.VisualStudioCode","","winget install --id ""Microsoft.VisualStudioCode"" -e --accept-source-agreements --accept-package-agreements & pause & goto menu_apps_dev"
"menu_apps_dev","1","Inline","GUI winget/direct runner","menu_apps_dev","","Microsoft.VisualStudioCode","","winget install --id ""Microsoft.VisualStudioCode"" -e --accept-source-agreements --accept-package-agreements & pause & goto menu_apps_dev"
"menu_apps_dev","02","Inline","GUI winget/direct runner","menu_apps_dev","","Git.Git","","winget install --id ""Git.Git"" -e --accept-source-agreements --accept-package-agreements & pause & goto menu_apps_dev"
"menu_apps_dev","2","Inline","GUI winget/direct runner","menu_apps_dev","","Git.Git","","winget install --id ""Git.Git"" -e --accept-source-agreements --accept-package-agreements & pause & goto menu_apps_dev"
"menu_apps_dev","03","Inline","GUI winget/direct runner","menu_apps_dev","","Python.Python.3.11","","winget install --id ""Python.Python.3.11"" -e --accept-source-agreements --accept-package-agreements & pause & goto menu_apps_dev"
"menu_apps_dev","3","Inline","GUI winget/direct runner","menu_apps_dev","","Python.Python.3.11","","winget install --id ""Python.Python.3.11"" -e --accept-source-agreements --accept-package-agreements & pause & goto menu_apps_dev"
"menu_apps_dev","04","Inline","GUI winget/direct runner","menu_apps_dev","","OpenJS.NodeJS","","winget install --id ""OpenJS.NodeJS"" -e --accept-source-agreements --accept-package-agreements & pause & goto menu_apps_dev"
"menu_apps_dev","4","Inline","GUI winget/direct runner","menu_apps_dev","","OpenJS.NodeJS","","winget install --id ""OpenJS.NodeJS"" -e --accept-source-agreements --accept-package-agreements & pause & goto menu_apps_dev"
"menu_apps_dev","05","Inline","GUI winget/direct runner","menu_apps_dev","","Docker.DockerDesktop","","winget install --id ""Docker.DockerDesktop"" -e --accept-source-agreements --accept-package-agreements & pause & goto menu_apps_dev"
"menu_apps_dev","5","Inline","GUI winget/direct runner","menu_apps_dev","","Docker.DockerDesktop","","winget install --id ""Docker.DockerDesktop"" -e --accept-source-agreements --accept-package-agreements & pause & goto menu_apps_dev"
"menu_apps_dev","06","Inline","GUI winget/direct runner","menu_apps_dev","","Oracle.VirtualBox","","winget install --id ""Oracle.VirtualBox"" -e --accept-source-agreements --accept-package-agreements & pause & goto menu_apps_dev"
"menu_apps_dev","6","Inline","GUI winget/direct runner","menu_apps_dev","","Oracle.VirtualBox","","winget install --id ""Oracle.VirtualBox"" -e --accept-source-agreements --accept-package-agreements & pause & goto menu_apps_dev"
"menu_apps_dev","07","Inline","GUI winget/direct runner","menu_apps_dev","","PuTTY.PuTTY","","winget install --id ""PuTTY.PuTTY"" -e --accept-source-agreements --accept-package-agreements & pause & goto menu_apps_dev"
"menu_apps_dev","7","Inline","GUI winget/direct runner","menu_apps_dev","","PuTTY.PuTTY","","winget install --id ""PuTTY.PuTTY"" -e --accept-source-agreements --accept-package-agreements & pause & goto menu_apps_dev"
"menu_apps_dev","08","Inline","GUI winget/direct runner","menu_apps_dev","","WinSCP.WinSCP","","winget install --id ""WinSCP.WinSCP"" -e --accept-source-agreements --accept-package-agreements & pause & goto menu_apps_dev"
"menu_apps_dev","8","Inline","GUI winget/direct runner","menu_apps_dev","","WinSCP.WinSCP","","winget install --id ""WinSCP.WinSCP"" -e --accept-source-agreements --accept-package-agreements & pause & goto menu_apps_dev"
"menu_apps_dev","09","Inline","GUI winget/direct runner","menu_apps_dev","","Iterate.Cyberduck","","winget install --id ""Iterate.Cyberduck"" -e --accept-source-agreements --accept-package-agreements & pause & goto menu_apps_dev"
"menu_apps_dev","9","Inline","GUI winget/direct runner","menu_apps_dev","","Iterate.Cyberduck","","winget install --id ""Iterate.Cyberduck"" -e --accept-source-agreements --accept-package-agreements & pause & goto menu_apps_dev"
"menu_apps_dev","10","Inline","GUI winget/direct runner","menu_apps_dev","","Postman.Postman","","winget install --id ""Postman.Postman"" -e --accept-source-agreements --accept-package-agreements & pause & goto menu_apps_dev"
"menu_apps_dev","10","Inline","GUI winget/direct runner","menu_apps_dev","","Postman.Postman","","winget install --id ""Postman.Postman"" -e --accept-source-agreements --accept-package-agreements & pause & goto menu_apps_dev"
"menu_apps_dev","11","Inline","GUI winget/direct runner","menu_apps_dev","","Rizonesoft.Notepad3","","winget install --id ""Rizonesoft.Notepad3"" -e --accept-source-agreements --accept-package-agreements & pause & goto menu_apps_dev"
"menu_apps_dev","11","Inline","GUI winget/direct runner","menu_apps_dev","","Rizonesoft.Notepad3","","winget install --id ""Rizonesoft.Notepad3"" -e --accept-source-agreements --accept-package-agreements & pause & goto menu_apps_dev"
"menu_apps_dev","12","Inline","GUI winget/direct runner","menu_apps_dev","","DBBrowserForSQLite.DBBrowserForSQLite","","winget install --id ""DBBrowserForSQLite.DBBrowserForSQLite"" -e --accept-source-agreements --accept-package-agreements & pause & goto menu_apps_dev"
"menu_apps_dev","12","Inline","GUI winget/direct runner","menu_apps_dev","","DBBrowserForSQLite.DBBrowserForSQLite","","winget install --id ""DBBrowserForSQLite.DBBrowserForSQLite"" -e --accept-source-agreements --accept-package-agreements & pause & goto menu_apps_dev"
"menu_apps_dev","13","Inline","GUI winget/direct runner","menu_apps_dev","","Microsoft.WindowsTerminal","","winget install --id ""Microsoft.WindowsTerminal"" -e --accept-source-agreements --accept-package-agreements & pause & goto menu_apps_dev"
"menu_apps_dev","13","Inline","GUI winget/direct runner","menu_apps_dev","","Microsoft.WindowsTerminal","","winget install --id ""Microsoft.WindowsTerminal"" -e --accept-source-agreements --accept-package-agreements & pause & goto menu_apps_dev"
"menu_apps_dev","14","Inline","GUI winget/direct runner","menu_apps_dev","","Microsoft.PowerShell","","winget install --id ""Microsoft.PowerShell"" -e --accept-source-agreements --accept-package-agreements & pause & goto menu_apps_dev"
"menu_apps_dev","14","Inline","GUI winget/direct runner","menu_apps_dev","","Microsoft.PowerShell","","winget install --id ""Microsoft.PowerShell"" -e --accept-source-agreements --accept-package-agreements & pause & goto menu_apps_dev"
"menu_apps_dev","15","Inline","GUI winget/direct runner","menu_apps_dev","","Microsoft.SQLServerManagementStudio","","winget install --id ""Microsoft.SQLServerManagementStudio"" -e --accept-source-agreements --accept-package-agreements & pause & goto menu_apps_dev"
"menu_apps_dev","15","Inline","GUI winget/direct runner","menu_apps_dev","","Microsoft.SQLServerManagementStudio","","winget install --id ""Microsoft.SQLServerManagementStudio"" -e --accept-source-agreements --accept-package-agreements & pause & goto menu_apps_dev"
"menu_apps_dev","16","Inline","GUI winget/direct runner","menu_apps_dev","","Canonical.Ubuntu.2404","","winget install --id ""Canonical.Ubuntu.2404"" -e --accept-source-agreements --accept-package-agreements & pause & goto menu_apps_dev"
"menu_apps_dev","16","Inline","GUI winget/direct runner","menu_apps_dev","","Canonical.Ubuntu.2404","","winget install --id ""Canonical.Ubuntu.2404"" -e --accept-source-agreements --accept-package-agreements & pause & goto menu_apps_dev"
"menu_apps_dev","17","Inline","GUI winget/direct runner","menu_apps_dev","","MongoDB.Compass.Full","","winget install --id ""MongoDB.Compass.Full"" -e --accept-source-agreements --accept-package-agreements & pause & goto menu_apps_dev"
"menu_apps_dev","17","Inline","GUI winget/direct runner","menu_apps_dev","","MongoDB.Compass.Full","","winget install --id ""MongoDB.Compass.Full"" -e --accept-source-agreements --accept-package-agreements & pause & goto menu_apps_dev"
"menu_apps_dev","18","Inline","GUI winget/direct runner","menu_apps_dev","","WiresharkFoundation.Wireshark","","winget install --id ""WiresharkFoundation.Wireshark"" -e --accept-source-agreements --accept-package-agreements & pause & goto menu_apps_dev"
"menu_apps_dev","18","Inline","GUI winget/direct runner","menu_apps_dev","","WiresharkFoundation.Wireshark","","winget install --id ""WiresharkFoundation.Wireshark"" -e --accept-source-agreements --accept-package-agreements & pause & goto menu_apps_dev"
"menu_apps_dev","19","Inline","GUI winget/direct runner","menu_apps_dev","","Canonical.Ubuntu.2404;DBBrowserForSQLite.DBBrowserForSQLite;Docker.DockerDesktop;Git.Git;Iterate.Cyberduck;Microsoft.PowerShell;Microsoft.SQLServerManagementStudio;Microsoft.VisualStudioCode;Microsoft.WindowsTerminal;MongoDB.Compass.Full;OpenJS.NodeJS;Oracle.VirtualBox;Postman.Postman;PuTTY.PuTTY;Python.Python.3.11;Rizonesoft.Notepad3;WinSCP.WinSCP;WiresharkFoundation.Wireshark","","winget install --id ""Microsoft.VisualStudioCode"" -e --accept-source-agreements --accept-package-agreements ^& winget install --id ""Git.Git"" -e --accept-source-agreements --accept-package-agreements ^& winget install --id ""Python.Python.3.11"" -e --accept-source-agreements --accept-package-agreements ^& winget install --id ""OpenJS.NodeJS"" -e --accept-source-agreements --accept-package-agreements ^& winget install --id ""Docker.DockerDesktop"" -e --accept-source-agreements --accept-package-agreements ^& winget install --id ""Oracle.VirtualBox"" -e --accept-source-agreements --accept-package-agreements ^& winget install --id ""PuTTY.PuTTY"" -e --accept-source-agreements --accept-package-agreements ^& winget install --id ""WinSCP.WinSCP"" -e --accept-source-agreements --accept-package-agreements ^& winget install --id ""Iterate.Cyberduck"" -e --accept-source-agreements --accept-package-agreements ^& winget install --id ""Postman.Postman"" -e --accept-source-agreements --accept-package-agreements ^& winget install --id ""Rizonesoft.Notepad3"" -e --accept-source-agreements --accept-package-agreements ^& winget install --id ""DBBrowserForSQLite.DBBrowserForSQLite"" -e --accept-source-agreements --accept-package-agreements ^& winget install --id ""Microsoft.WindowsTerminal"" -e --accept-source-agreements --accept-package-agreements ^& winget install --id ""Microsoft.PowerShell"" -e --accept-source-agreements --accept-package-agreements ^& winget install --id ""Microsoft.SQLServerManagementStudio"" -e --accept-source-agreements --accept-package-agreements ^& winget install --id ""Canonical.Ubuntu.2404"" -e --accept-source-agreements --accept-package-agreements ^& winget install --id ""MongoDB.Compass.Full"" -e --accept-source-agreements --accept-package-agreements ^& winget install --id ""WiresharkFoundation.Wireshark"" -e --accept-source-agreements --accept-package-agreements & pause & goto menu_apps_dev"
"menu_apps_dev","19","Inline","GUI winget/direct runner","menu_apps_dev","","Canonical.Ubuntu.2404;DBBrowserForSQLite.DBBrowserForSQLite;Docker.DockerDesktop;Git.Git;Iterate.Cyberduck;Microsoft.PowerShell;Microsoft.SQLServerManagementStudio;Microsoft.VisualStudioCode;Microsoft.WindowsTerminal;MongoDB.Compass.Full;OpenJS.NodeJS;Oracle.VirtualBox;Postman.Postman;PuTTY.PuTTY;Python.Python.3.11;Rizonesoft.Notepad3;WinSCP.WinSCP;WiresharkFoundation.Wireshark","","winget install --id ""Microsoft.VisualStudioCode"" -e --accept-source-agreements --accept-package-agreements ^& winget install --id ""Git.Git"" -e --accept-source-agreements --accept-package-agreements ^& winget install --id ""Python.Python.3.11"" -e --accept-source-agreements --accept-package-agreements ^& winget install --id ""OpenJS.NodeJS"" -e --accept-source-agreements --accept-package-agreements ^& winget install --id ""Docker.DockerDesktop"" -e --accept-source-agreements --accept-package-agreements ^& winget install --id ""Oracle.VirtualBox"" -e --accept-source-agreements --accept-package-agreements ^& winget install --id ""PuTTY.PuTTY"" -e --accept-source-agreements --accept-package-agreements ^& winget install --id ""WinSCP.WinSCP"" -e --accept-source-agreements --accept-package-agreements ^& winget install --id ""Iterate.Cyberduck"" -e --accept-source-agreements --accept-package-agreements ^& winget install --id ""Postman.Postman"" -e --accept-source-agreements --accept-package-agreements ^& winget install --id ""Rizonesoft.Notepad3"" -e --accept-source-agreements --accept-package-agreements ^& winget install --id ""DBBrowserForSQLite.DBBrowserForSQLite"" -e --accept-source-agreements --accept-package-agreements ^& winget install --id ""Microsoft.WindowsTerminal"" -e --accept-source-agreements --accept-package-agreements ^& winget install --id ""Microsoft.PowerShell"" -e --accept-source-agreements --accept-package-agreements ^& winget install --id ""Microsoft.SQLServerManagementStudio"" -e --accept-source-agreements --accept-package-agreements ^& winget install --id ""Canonical.Ubuntu.2404"" -e --accept-source-agreements --accept-package-agreements ^& winget install --id ""MongoDB.Compass.Full"" -e --accept-source-agreements --accept-package-agreements ^& winget install --id ""WiresharkFoundation.Wireshark"" -e --accept-source-agreements --accept-package-agreements & pause & goto menu_apps_dev"
"menu_apps_cloud","01","Inline","GUI winget/direct runner","menu_apps_cloud","","TeamViewer.TeamViewer","","winget install --id ""TeamViewer.TeamViewer"" -e --accept-source-agreements --accept-package-agreements & pause & goto menu_apps_cloud"
"menu_apps_cloud","1","Inline","GUI winget/direct runner","menu_apps_cloud","","TeamViewer.TeamViewer","","winget install --id ""TeamViewer.TeamViewer"" -e --accept-source-agreements --accept-package-agreements & pause & goto menu_apps_cloud"
"menu_apps_cloud","02","Inline","GUI winget/direct runner","menu_apps_cloud","","AnyDesk.AnyDesk","","winget install --id ""AnyDesk.AnyDesk"" -e --accept-source-agreements --accept-package-agreements & pause & goto menu_apps_cloud"
"menu_apps_cloud","2","Inline","GUI winget/direct runner","menu_apps_cloud","","AnyDesk.AnyDesk","","winget install --id ""AnyDesk.AnyDesk"" -e --accept-source-agreements --accept-package-agreements & pause & goto menu_apps_cloud"
"menu_apps_cloud","03","Inline","GUI winget/direct runner","menu_apps_cloud","","Microsoft.OneDrive","","winget install --id ""Microsoft.OneDrive"" -e --accept-source-agreements --accept-package-agreements & pause & goto menu_apps_cloud"
"menu_apps_cloud","3","Inline","GUI winget/direct runner","menu_apps_cloud","","Microsoft.OneDrive","","winget install --id ""Microsoft.OneDrive"" -e --accept-source-agreements --accept-package-agreements & pause & goto menu_apps_cloud"
"menu_apps_cloud","04","Inline","GUI winget/direct runner","menu_apps_cloud","","Dropbox.Dropbox","","winget install --id ""Dropbox.Dropbox"" -e --accept-source-agreements --accept-package-agreements & pause & goto menu_apps_cloud"
"menu_apps_cloud","4","Inline","GUI winget/direct runner","menu_apps_cloud","","Dropbox.Dropbox","","winget install --id ""Dropbox.Dropbox"" -e --accept-source-agreements --accept-package-agreements & pause & goto menu_apps_cloud"
"menu_apps_cloud","05","Inline","GUI winget/direct runner","menu_apps_cloud","","Google.GoogleDrive","","winget install --id ""Google.GoogleDrive"" -e --accept-source-agreements --accept-package-agreements & pause & goto menu_apps_cloud"
"menu_apps_cloud","5","Inline","GUI winget/direct runner","menu_apps_cloud","","Google.GoogleDrive","","winget install --id ""Google.GoogleDrive"" -e --accept-source-agreements --accept-package-agreements & pause & goto menu_apps_cloud"
"menu_apps_cloud","06","Inline","GUI winget/direct runner","menu_apps_cloud","","Mega.MEGASync","","winget install --id ""Mega.MEGASync"" -e --accept-source-agreements --accept-package-agreements & pause & goto menu_apps_cloud"
"menu_apps_cloud","6","Inline","GUI winget/direct runner","menu_apps_cloud","","Mega.MEGASync","","winget install --id ""Mega.MEGASync"" -e --accept-source-agreements --accept-package-agreements & pause & goto menu_apps_cloud"
"menu_apps_cloud","07","Inline","GUI winget/direct runner","menu_apps_cloud","","Nextcloud.NextcloudDesktop","","winget install --id ""Nextcloud.NextcloudDesktop"" -e --accept-source-agreements --accept-package-agreements & pause & goto menu_apps_cloud"
"menu_apps_cloud","7","Inline","GUI winget/direct runner","menu_apps_cloud","","Nextcloud.NextcloudDesktop","","winget install --id ""Nextcloud.NextcloudDesktop"" -e --accept-source-agreements --accept-package-agreements & pause & goto menu_apps_cloud"
"menu_apps_cloud","08","Inline","GUI winget/direct runner","menu_apps_cloud","","Box.Box","","winget install --id ""Box.Box"" -e --accept-source-agreements --accept-package-agreements & pause & goto menu_apps_cloud"
"menu_apps_cloud","8","Inline","GUI winget/direct runner","menu_apps_cloud","","Box.Box","","winget install --id ""Box.Box"" -e --accept-source-agreements --accept-package-agreements & pause & goto menu_apps_cloud"
"menu_apps_cloud","09","Inline","GUI winget/direct runner","menu_apps_cloud","","AnyDesk.AnyDesk;Box.Box;Dropbox.Dropbox;Google.GoogleDrive;Mega.MEGASync;Microsoft.OneDrive;Nextcloud.NextcloudDesktop;TeamViewer.TeamViewer","","winget install --id ""TeamViewer.TeamViewer"" -e --accept-source-agreements --accept-package-agreements ^& winget install --id ""AnyDesk.AnyDesk"" -e --accept-source-agreements --accept-package-agreements ^& winget install --id ""Microsoft.OneDrive"" -e --accept-source-agreements --accept-package-agreements ^& winget install --id ""Dropbox.Dropbox"" -e --accept-source-agreements --accept-package-agreements ^& winget install --id ""Google.GoogleDrive"" -e --accept-source-agreements --accept-package-agreements ^& winget install --id ""Mega.MEGASync"" -e --accept-source-agreements --accept-package-agreements ^& winget install --id ""Nextcloud.NextcloudDesktop"" -e --accept-source-agreements --accept-package-agreements ^& winget install --id ""Box.Box"" -e --accept-source-agreements --accept-package-agreements & pause & goto menu_apps_cloud"
"menu_apps_cloud","9","Inline","GUI winget/direct runner","menu_apps_cloud","","AnyDesk.AnyDesk;Box.Box;Dropbox.Dropbox;Google.GoogleDrive;Mega.MEGASync;Microsoft.OneDrive;Nextcloud.NextcloudDesktop;TeamViewer.TeamViewer","","winget install --id ""TeamViewer.TeamViewer"" -e --accept-source-agreements --accept-package-agreements ^& winget install --id ""AnyDesk.AnyDesk"" -e --accept-source-agreements --accept-package-agreements ^& winget install --id ""Microsoft.OneDrive"" -e --accept-source-agreements --accept-package-agreements ^& winget install --id ""Dropbox.Dropbox"" -e --accept-source-agreements --accept-package-agreements ^& winget install --id ""Google.GoogleDrive"" -e --accept-source-agreements --accept-package-agreements ^& winget install --id ""Mega.MEGASync"" -e --accept-source-agreements --accept-package-agreements ^& winget install --id ""Nextcloud.NextcloudDesktop"" -e --accept-source-agreements --accept-package-agreements ^& winget install --id ""Box.Box"" -e --accept-source-agreements --accept-package-agreements & pause & goto menu_apps_cloud"
"menu_apps_security","01","Inline","GUI winget/direct runner","menu_apps_security","","Malwarebytes.Malwarebytes","","winget install --id ""Malwarebytes.Malwarebytes"" -e --accept-source-agreements --accept-package-agreements & pause & goto menu_apps_security"
"menu_apps_security","1","Inline","GUI winget/direct runner","menu_apps_security","","Malwarebytes.Malwarebytes","","winget install --id ""Malwarebytes.Malwarebytes"" -e --accept-source-agreements --accept-package-agreements & pause & goto menu_apps_security"
"menu_apps_security","02","Inline","GUI winget/direct runner","menu_apps_security","","Bitwarden.Bitwarden","","winget install --id ""Bitwarden.Bitwarden"" -e --accept-source-agreements --accept-package-agreements & pause & goto menu_apps_security"
"menu_apps_security","2","Inline","GUI winget/direct runner","menu_apps_security","","Bitwarden.Bitwarden","","winget install --id ""Bitwarden.Bitwarden"" -e --accept-source-agreements --accept-package-agreements & pause & goto menu_apps_security"
"menu_apps_security","03","Inline","GUI winget/direct runner","menu_apps_security","","Proton.ProtonVPN","","winget install --id ""Proton.ProtonVPN"" -e --accept-source-agreements --accept-package-agreements & pause & goto menu_apps_security"
"menu_apps_security","3","Inline","GUI winget/direct runner","menu_apps_security","","Proton.ProtonVPN","","winget install --id ""Proton.ProtonVPN"" -e --accept-source-agreements --accept-package-agreements & pause & goto menu_apps_security"
"menu_apps_security","04","Inline","GUI winget/direct runner","menu_apps_security","","Cloudflare.Warp","","winget install --id ""Cloudflare.Warp"" -e --accept-source-agreements --accept-package-agreements & pause & goto menu_apps_security"
"menu_apps_security","4","Inline","GUI winget/direct runner","menu_apps_security","","Cloudflare.Warp","","winget install --id ""Cloudflare.Warp"" -e --accept-source-agreements --accept-package-agreements & pause & goto menu_apps_security"
"menu_apps_security","05","Inline","GUI winget/direct runner","menu_apps_security","","OpenVPNTechnologies.OpenVPN","","winget install --id ""OpenVPNTechnologies.OpenVPN"" -e --accept-source-agreements --accept-package-agreements & pause & goto menu_apps_security"
"menu_apps_security","5","Inline","GUI winget/direct runner","menu_apps_security","","OpenVPNTechnologies.OpenVPN","","winget install --id ""OpenVPNTechnologies.OpenVPN"" -e --accept-source-agreements --accept-package-agreements & pause & goto menu_apps_security"
"menu_apps_security","06","Inline","GUI winget/direct runner","menu_apps_security","","SparkLabs.Viscosity","","winget install --id ""SparkLabs.Viscosity"" -e --accept-source-agreements --accept-package-agreements & pause & goto menu_apps_security"
"menu_apps_security","6","Inline","GUI winget/direct runner","menu_apps_security","","SparkLabs.Viscosity","","winget install --id ""SparkLabs.Viscosity"" -e --accept-source-agreements --accept-package-agreements & pause & goto menu_apps_security"
"menu_apps_security","07","Inline","GUI winget/direct runner","menu_apps_security","","Microsoft.VCRedist.2015+.x64","","winget install --id ""Microsoft.VCRedist.2015+.x64"" -e --accept-source-agreements --accept-package-agreements & pause & goto menu_apps_security"
"menu_apps_security","7","Inline","GUI winget/direct runner","menu_apps_security","","Microsoft.VCRedist.2015+.x64","","winget install --id ""Microsoft.VCRedist.2015+.x64"" -e --accept-source-agreements --accept-package-agreements & pause & goto menu_apps_security"
"menu_apps_security","08","Inline","GUI winget/direct runner","menu_apps_security","","Microsoft.DotNet.DesktopRuntime.8","","winget install --id ""Microsoft.DotNet.DesktopRuntime.8"" -e --accept-source-agreements --accept-package-agreements & pause & goto menu_apps_security"
"menu_apps_security","8","Inline","GUI winget/direct runner","menu_apps_security","","Microsoft.DotNet.DesktopRuntime.8","","winget install --id ""Microsoft.DotNet.DesktopRuntime.8"" -e --accept-source-agreements --accept-package-agreements & pause & goto menu_apps_security"
"menu_apps_security","09","Inline","GUI winget/direct runner","menu_apps_security","","Oracle.JavaRuntimeEnvironment","","winget install --id ""Oracle.JavaRuntimeEnvironment"" -e --accept-source-agreements --accept-package-agreements & pause & goto menu_apps_security"
"menu_apps_security","9","Inline","GUI winget/direct runner","menu_apps_security","","Oracle.JavaRuntimeEnvironment","","winget install --id ""Oracle.JavaRuntimeEnvironment"" -e --accept-source-agreements --accept-package-agreements & pause & goto menu_apps_security"
"menu_apps_security","10","Inline","GUI winget/direct runner","menu_apps_security","","Microsoft.DirectX","","winget install --id ""Microsoft.DirectX"" -e --accept-source-agreements --accept-package-agreements & pause & goto menu_apps_security"
"menu_apps_security","10","Inline","GUI winget/direct runner","menu_apps_security","","Microsoft.DirectX","","winget install --id ""Microsoft.DirectX"" -e --accept-source-agreements --accept-package-agreements & pause & goto menu_apps_security"
"menu_apps_security","11","Inline","GUI winget/direct runner","menu_apps_security","","Bitwarden.Bitwarden;Cloudflare.Warp;Malwarebytes.Malwarebytes;Microsoft.DirectX;Microsoft.DotNet.DesktopRuntime.8;Microsoft.VCRedist.2015+.x64;OpenVPNTechnologies.OpenVPN;Oracle.JavaRuntimeEnvironment;Proton.ProtonVPN;SparkLabs.Viscosity","","winget install --id ""Malwarebytes.Malwarebytes"" -e --accept-source-agreements --accept-package-agreements ^& winget install --id ""Bitwarden.Bitwarden"" -e --accept-source-agreements --accept-package-agreements ^& winget install --id ""Proton.ProtonVPN"" -e --accept-source-agreements --accept-package-agreements ^& winget install --id ""Cloudflare.Warp"" -e --accept-source-agreements --accept-package-agreements ^& winget install --id ""OpenVPNTechnologies.OpenVPN"" -e --accept-source-agreements --accept-package-agreements ^& winget install --id ""SparkLabs.Viscosity"" -e --accept-source-agreements --accept-package-agreements ^& winget install --id ""Microsoft.VCRedist.2015+.x64"" -e --accept-source-agreements --accept-package-agreements ^& winget install --id ""Microsoft.DotNet.DesktopRuntime.8"" -e --accept-source-agreements --accept-package-agreements ^& winget install --id ""Oracle.JavaRuntimeEnvironment"" -e --accept-source-agreements --accept-package-agreements ^& winget install --id ""Microsoft.DirectX"" -e --accept-source-agreements --accept-package-agreements & pause & goto menu_apps_security"
"menu_apps_security","11","Inline","GUI winget/direct runner","menu_apps_security","","Bitwarden.Bitwarden;Cloudflare.Warp;Malwarebytes.Malwarebytes;Microsoft.DirectX;Microsoft.DotNet.DesktopRuntime.8;Microsoft.VCRedist.2015+.x64;OpenVPNTechnologies.OpenVPN;Oracle.JavaRuntimeEnvironment;Proton.ProtonVPN;SparkLabs.Viscosity","","winget install --id ""Malwarebytes.Malwarebytes"" -e --accept-source-agreements --accept-package-agreements ^& winget install --id ""Bitwarden.Bitwarden"" -e --accept-source-agreements --accept-package-agreements ^& winget install --id ""Proton.ProtonVPN"" -e --accept-source-agreements --accept-package-agreements ^& winget install --id ""Cloudflare.Warp"" -e --accept-source-agreements --accept-package-agreements ^& winget install --id ""OpenVPNTechnologies.OpenVPN"" -e --accept-source-agreements --accept-package-agreements ^& winget install --id ""SparkLabs.Viscosity"" -e --accept-source-agreements --accept-package-agreements ^& winget install --id ""Microsoft.VCRedist.2015+.x64"" -e --accept-source-agreements --accept-package-agreements ^& winget install --id ""Microsoft.DotNet.DesktopRuntime.8"" -e --accept-source-agreements --accept-package-agreements ^& winget install --id ""Oracle.JavaRuntimeEnvironment"" -e --accept-source-agreements --accept-package-agreements ^& winget install --id ""Microsoft.DirectX"" -e --accept-source-agreements --accept-package-agreements & pause & goto menu_apps_security"
"menu_apps_ai","01","Inline","GUI winget/direct runner","menu_apps_ai","","lencx.ChatGPT","","winget install --id ""lencx.ChatGPT"" -e --accept-source-agreements --accept-package-agreements & pause & goto menu_apps_ai"
"menu_apps_ai","1","Inline","GUI winget/direct runner","menu_apps_ai","","lencx.ChatGPT","","winget install --id ""lencx.ChatGPT"" -e --accept-source-agreements --accept-package-agreements & pause & goto menu_apps_ai"
"menu_apps_ai","02","Inline","GUI winget/direct runner","menu_apps_ai","","GAI.GAI","","winget install --id ""GAI.GAI"" -e --accept-source-agreements --accept-package-agreements & pause & goto menu_apps_ai"
"menu_apps_ai","2","Inline","GUI winget/direct runner","menu_apps_ai","","GAI.GAI","","winget install --id ""GAI.GAI"" -e --accept-source-agreements --accept-package-agreements & pause & goto menu_apps_ai"
"menu_apps_ai","03","Inline","GUI winget/direct runner","menu_apps_ai","","LobeHub.LobeHub","","winget install --id ""LobeHub.LobeHub"" -e --accept-source-agreements --accept-package-agreements & pause & goto menu_apps_ai"
"menu_apps_ai","3","Inline","GUI winget/direct runner","menu_apps_ai","","LobeHub.LobeHub","","winget install --id ""LobeHub.LobeHub"" -e --accept-source-agreements --accept-package-agreements & pause & goto menu_apps_ai"
"menu_apps_ai","04","Inline","GUI winget/direct runner","menu_apps_ai","","OpenAgentPlatform.Dive","","winget install --id ""OpenAgentPlatform.Dive"" -e --accept-source-agreements --accept-package-agreements & pause & goto menu_apps_ai"
"menu_apps_ai","4","Inline","GUI winget/direct runner","menu_apps_ai","","OpenAgentPlatform.Dive","","winget install --id ""OpenAgentPlatform.Dive"" -e --accept-source-agreements --accept-package-agreements & pause & goto menu_apps_ai"
"menu_apps_ai","05","Inline","GUI winget/direct runner","menu_apps_ai","","PrivacyPal.AI","","winget install --id ""PrivacyPal.AI"" -e --accept-source-agreements --accept-package-agreements & pause & goto menu_apps_ai"
"menu_apps_ai","5","Inline","GUI winget/direct runner","menu_apps_ai","","PrivacyPal.AI","","winget install --id ""PrivacyPal.AI"" -e --accept-source-agreements --accept-package-agreements & pause & goto menu_apps_ai"
"menu_apps_ai","06","Inline","GUI winget/direct runner","menu_apps_ai","","Quora.Poe","","winget install --id ""Quora.Poe"" -e --accept-source-agreements --accept-package-agreements & pause & goto menu_apps_ai"
"menu_apps_ai","6","Inline","GUI winget/direct runner","menu_apps_ai","","Quora.Poe","","winget install --id ""Quora.Poe"" -e --accept-source-agreements --accept-package-agreements & pause & goto menu_apps_ai"
"menu_apps_ai","07","Inline","GUI winget/direct runner","menu_apps_ai","","GAI.GAI;lencx.ChatGPT;LobeHub.LobeHub;OpenAgentPlatform.Dive;PrivacyPal.AI;Quora.Poe","","winget install --id ""lencx.ChatGPT"" -e --accept-source-agreements --accept-package-agreements ^& winget install --id ""GAI.GAI"" -e --accept-source-agreements --accept-package-agreements ^& winget install --id ""LobeHub.LobeHub"" -e --accept-source-agreements --accept-package-agreements ^& winget install --id ""OpenAgentPlatform.Dive"" -e --accept-source-agreements --accept-package-agreements ^& winget install --id ""PrivacyPal.AI"" -e --accept-source-agreements --accept-package-agreements ^& winget install --id ""Quora.Poe"" -e --accept-source-agreements --accept-package-agreements & pause & goto menu_apps_ai"
"menu_apps_ai","7","Inline","GUI winget/direct runner","menu_apps_ai","","GAI.GAI;lencx.ChatGPT;LobeHub.LobeHub;OpenAgentPlatform.Dive;PrivacyPal.AI;Quora.Poe","","winget install --id ""lencx.ChatGPT"" -e --accept-source-agreements --accept-package-agreements ^& winget install --id ""GAI.GAI"" -e --accept-source-agreements --accept-package-agreements ^& winget install --id ""LobeHub.LobeHub"" -e --accept-source-agreements --accept-package-agreements ^& winget install --id ""OpenAgentPlatform.Dive"" -e --accept-source-agreements --accept-package-agreements ^& winget install --id ""PrivacyPal.AI"" -e --accept-source-agreements --accept-package-agreements ^& winget install --id ""Quora.Poe"" -e --accept-source-agreements --accept-package-agreements & pause & goto menu_apps_ai"
